"audit_sha","module","domain","index","type","name","start_line","end_line","async","generator"
"fd5866d2580127142e46b58848da2471488f70c0","src/approvals/approval-contracts.mjs","approvals","1","FunctionDeclaration","deepFreeze","26","32","false","false"
"fd5866d2580127142e46b58848da2471488f70c0","src/approvals/approval-contracts.mjs","approvals","2","FunctionDeclaration","validateApprovalRequestInput","34","36","false","false"
"fd5866d2580127142e46b58848da2471488f70c0","src/approvals/approval-contracts.mjs","approvals","3","FunctionDeclaration","computeApprovalDigest","38","47","false","false"
"fd5866d2580127142e46b58848da2471488f70c0","src/approvals/approval-contracts.mjs","approvals","4","FunctionDeclaration","assertWithinApprovalWindow","49","53","false","false"
"fd5866d2580127142e46b58848da2471488f70c0","src/approvals/approval-verifier.mjs","approvals","1","FunctionExpression","verify","6","20","true","false"
"fd5866d2580127142e46b58848da2471488f70c0","src/approvals/approval-verifier.mjs","approvals","2","FunctionDeclaration","createApprovalVerifier","1","22","false","false"
"fd5866d2580127142e46b58848da2471488f70c0","src/approvals/remote-approval-service.mjs","approvals","1","ArrowFunctionExpression","now","10","10","false","false"
"fd5866d2580127142e46b58848da2471488f70c0","src/approvals/remote-approval-service.mjs","approvals","2","FunctionDeclaration","requireRecord","13","17","false","false"
"fd5866d2580127142e46b58848da2471488f70c0","src/approvals/remote-approval-service.mjs","approvals","3","FunctionDeclaration","expireIfPast","19","26","false","false"
"fd5866d2580127142e46b58848da2471488f70c0","src/approvals/remote-approval-service.mjs","approvals","4","FunctionExpression","request","29","40","true","false"
"fd5866d2580127142e46b58848da2471488f70c0","src/approvals/remote-approval-service.mjs","approvals","5","FunctionExpression","approve","42","51","true","false"
"fd5866d2580127142e46b58848da2471488f70c0","src/approvals/remote-approval-service.mjs","approvals","6","FunctionExpression","deny","53","62","true","false"
"fd5866d2580127142e46b58848da2471488f70c0","src/approvals/remote-approval-service.mjs","approvals","7","FunctionExpression","consume","64","75","true","false"
"fd5866d2580127142e46b58848da2471488f70c0","src/approvals/remote-approval-service.mjs","approvals","8","FunctionExpression","invalidate","77","83","true","false"
"fd5866d2580127142e46b58848da2471488f70c0","src/approvals/remote-approval-service.mjs","approvals","9","FunctionExpression","get","85","87","true","false"
"fd5866d2580127142e46b58848da2471488f70c0","src/approvals/remote-approval-service.mjs","approvals","10","FunctionDeclaration","createRemoteApprovalService","4","89","false","false"
"fd5866d2580127142e46b58848da2471488f70c0","src/approvals/state-observer.mjs","approvals","1","FunctionDeclaration","digestOf","19","22","false","false"
"fd5866d2580127142e46b58848da2471488f70c0","src/approvals/state-observer.mjs","approvals","2","FunctionExpression","register","26","31","true","false"
"fd5866d2580127142e46b58848da2471488f70c0","src/approvals/state-observer.mjs","approvals","3","FunctionExpression","unregister","33","35","false","false"
"fd5866d2580127142e46b58848da2471488f70c0","src/approvals/state-observer.mjs","approvals","4","FunctionExpression","observe","38","45","true","false"
"fd5866d2580127142e46b58848da2471488f70c0","src/approvals/state-observer.mjs","approvals","5","FunctionDeclaration","createStateObserver","16","50","false","false"
"fd5866d2580127142e46b58848da2471488f70c0","src/audit/audit-log.mjs","audit","1","FunctionDeclaration","aadId","8","10","false","false"
"fd5866d2580127142e46b58848da2471488f70c0","src/audit/audit-log.mjs","audit","2","ArrowFunctionExpression","now","19","19","false","false"
"fd5866d2580127142e46b58848da2471488f70c0","src/audit/audit-log.mjs","audit","3","FunctionExpression","record","24","37","true","false"
"fd5866d2580127142e46b58848da2471488f70c0","src/audit/audit-log.mjs","audit","4","FunctionExpression","verifyChain","43","70","true","false"
"fd5866d2580127142e46b58848da2471488f70c0","src/audit/audit-log.mjs","audit","5","ArrowFunctionExpression","<callback:filter>","75","75","false","false"
"fd5866d2580127142e46b58848da2471488f70c0","src/audit/audit-log.mjs","audit","6","ArrowFunctionExpression","<callback:map>","76","76","false","false"
"fd5866d2580127142e46b58848da2471488f70c0","src/audit/audit-log.mjs","audit","7","FunctionExpression","listDecrypted","72","77","true","false"
"fd5866d2580127142e46b58848da2471488f70c0","src/audit/audit-log.mjs","audit","8","FunctionDeclaration","createAuditLog","12","79","false","false"
"fd5866d2580127142e46b58848da2471488f70c0","src/audit/diagnostics.mjs","audit","1","FunctionExpression","buildReport","7","32","true","false"
"fd5866d2580127142e46b58848da2471488f70c0","src/audit/diagnostics.mjs","audit","2","FunctionDeclaration","createAuditDiagnostics","1","34","false","false"
"fd5866d2580127142e46b58848da2471488f70c0","src/audit/export.mjs","audit","1","ArrowFunctionExpression","now","12","12","false","false"
"fd5866d2580127142e46b58848da2471488f70c0","src/audit/export.mjs","audit","2","FunctionExpression","exportDiagnostics","17","25","true","false"
"fd5866d2580127142e46b58848da2471488f70c0","src/audit/export.mjs","audit","3","FunctionDeclaration","createAuditExport","6","27","false","false"
"fd5866d2580127142e46b58848da2471488f70c0","src/automation/automation-contracts.mjs","automation","1","FunctionDeclaration","canTransition","14","16","false","false"
"fd5866d2580127142e46b58848da2471488f70c0","src/automation/automation-contracts.mjs","automation","2","ArrowFunctionExpression","<callback:some>","32","32","false","false"
"fd5866d2580127142e46b58848da2471488f70c0","src/automation/automation-contracts.mjs","automation","3","FunctionDeclaration","isActionAllowed","30","34","false","false"
"fd5866d2580127142e46b58848da2471488f70c0","src/automation/automation-contracts.mjs","automation","4","FunctionDeclaration","deepFreeze","36","42","false","false"
"fd5866d2580127142e46b58848da2471488f70c0","src/automation/automation-contracts.mjs","automation","5","FunctionDeclaration","validateAutomationDefinition","44","46","false","false"
"fd5866d2580127142e46b58848da2471488f70c0","src/automation/automation-contracts.mjs","automation","6","FunctionDeclaration","validateAutomationGrant","70","72","false","false"
"fd5866d2580127142e46b58848da2471488f70c0","src/automation/automation-definition-store.mjs","automation","1","ArrowFunctionExpression","now","11","11","false","false"
"fd5866d2580127142e46b58848da2471488f70c0","src/automation/automation-definition-store.mjs","automation","2","FunctionDeclaration","transition","13","31","true","false"
"fd5866d2580127142e46b58848da2471488f70c0","src/automation/automation-definition-store.mjs","automation","3","FunctionExpression","create","34","53","true","false"
"fd5866d2580127142e46b58848da2471488f70c0","src/automation/automation-definition-store.mjs","automation","4","FunctionExpression","get","55","58","true","false"
"fd5866d2580127142e46b58848da2471488f70c0","src/automation/automation-definition-store.mjs","automation","5","FunctionExpression","list","60","62","true","false"
"fd5866d2580127142e46b58848da2471488f70c0","src/automation/automation-definition-store.mjs","automation","6","FunctionExpression","revoke","66","68","false","false"
"fd5866d2580127142e46b58848da2471488f70c0","src/automation/automation-definition-store.mjs","automation","7","FunctionDeclaration","createAutomationDefinitionStore","4","70","false","false"
"fd5866d2580127142e46b58848da2471488f70c0","src/automation/automation-grant-store.mjs","automation","1","ArrowFunctionExpression","now","11","11","false","false"
"fd5866d2580127142e46b58848da2471488f70c0","src/automation/automation-grant-store.mjs","automation","2","FunctionExpression","create","14","23","true","false"
"fd5866d2580127142e46b58848da2471488f70c0","src/automation/automation-grant-store.mjs","automation","3","FunctionExpression","get","25","27","true","false"
"fd5866d2580127142e46b58848da2471488f70c0","src/automation/automation-grant-store.mjs","automation","4","ArrowFunctionExpression","<callback:filter>","31","31","false","false"
"fd5866d2580127142e46b58848da2471488f70c0","src/automation/automation-grant-store.mjs","automation","5","FunctionExpression","listByAutomation","29","32","true","false"
"fd5866d2580127142e46b58848da2471488f70c0","src/automation/automation-grant-store.mjs","automation","6","FunctionDeclaration","createAutomationGrantStore","4","34","false","false"
"fd5866d2580127142e46b58848da2471488f70c0","src/automation/automation-ledger.mjs","automation","1","FunctionDeclaration","migrationChecksum","8","10","false","false"
"fd5866d2580127142e46b58848da2471488f70c0","src/automation/automation-ledger.mjs","automation","2","ArrowFunctionExpression","<callback:transaction>","28","32","false","false"
"fd5866d2580127142e46b58848da2471488f70c0","src/automation/automation-ledger.mjs","automation","3","FunctionDeclaration","applyAutomationMigrations","12","33","false","false"
"fd5866d2580127142e46b58848da2471488f70c0","src/automation/automation-ledger.mjs","automation","4","FunctionDeclaration","rowToRun","35","48","false","false"
"fd5866d2580127142e46b58848da2471488f70c0","src/automation/automation-ledger.mjs","automation","5","FunctionDeclaration","rowToStep","50","62","false","false"
"fd5866d2580127142e46b58848da2471488f70c0","src/automation/automation-ledger.mjs","automation","6","ArrowFunctionExpression","now","69","69","false","false"
"fd5866d2580127142e46b58848da2471488f70c0","src/automation/automation-ledger.mjs","automation","7","FunctionDeclaration","getRun","90","94","true","false"
"fd5866d2580127142e46b58848da2471488f70c0","src/automation/automation-ledger.mjs","automation","8","FunctionExpression","startRun","97","102","true","false"
"fd5866d2580127142e46b58848da2471488f70c0","src/automation/automation-ledger.mjs","automation","9","ArrowFunctionExpression","<callback:find>","113","113","false","false"
"fd5866d2580127142e46b58848da2471488f70c0","src/automation/automation-ledger.mjs","automation","10","FunctionExpression","recordStep","104","114","true","false"
"fd5866d2580127142e46b58848da2471488f70c0","src/automation/automation-ledger.mjs","automation","11","FunctionExpression","updateStepEvidence","116","120","true","false"
"fd5866d2580127142e46b58848da2471488f70c0","src/automation/automation-ledger.mjs","automation","12","FunctionExpression","getStepByKey","122","125","true","false"
"fd5866d2580127142e46b58848da2471488f70c0","src/automation/automation-ledger.mjs","automation","13","FunctionExpression","finishRun","127","130","true","false"
"fd5866d2580127142e46b58848da2471488f70c0","src/automation/automation-ledger.mjs","automation","14","FunctionExpression","recordReconciliationAttempt","132","135","true","false"
"fd5866d2580127142e46b58848da2471488f70c0","src/automation/automation-ledger.mjs","automation","15","ArrowFunctionExpression","<callback:map>","139","139","false","false"
"fd5866d2580127142e46b58848da2471488f70c0","src/automation/automation-ledger.mjs","automation","16","FunctionExpression","listRuns","137","140","true","false"
"fd5866d2580127142e46b58848da2471488f70c0","src/automation/automation-ledger.mjs","automation","17","FunctionDeclaration","createAutomationLedger","64","144","false","false"
"fd5866d2580127142e46b58848da2471488f70c0","src/automation/automation-policy.mjs","automation","1","FunctionDeclaration","inferEffect","10","12","false","false"
"fd5866d2580127142e46b58848da2471488f70c0","src/automation/automation-policy.mjs","automation","2","FunctionDeclaration","decision","14","16","false","false"
"fd5866d2580127142e46b58848da2471488f70c0","src/automation/automation-policy.mjs","automation","3","FunctionDeclaration","occurredAtParts","18","21","false","false"
"fd5866d2580127142e46b58848da2471488f70c0","src/automation/automation-policy.mjs","automation","4","FunctionDeclaration","withinSchedule","23","28","false","false"
"fd5866d2580127142e46b58848da2471488f70c0","src/automation/automation-policy.mjs","automation","5","ArrowFunctionExpression","now","36","36","false","false"
"fd5866d2580127142e46b58848da2471488f70c0","src/automation/automation-policy.mjs","automation","6","ArrowFunctionExpression","<callback:every>","52","52","false","false"
"fd5866d2580127142e46b58848da2471488f70c0","src/automation/automation-policy.mjs","automation","7","FunctionExpression","evaluate","39","102","true","false"
"fd5866d2580127142e46b58848da2471488f70c0","src/automation/automation-policy.mjs","automation","8","FunctionDeclaration","createAutomationPolicy","30","104","false","false"
"fd5866d2580127142e46b58848da2471488f70c0","src/automation/automation-runner.mjs","automation","1","ArrowFunctionExpression","<callback:addEventListener>","26","26","false","false"
"fd5866d2580127142e46b58848da2471488f70c0","src/automation/automation-runner.mjs","automation","2","FunctionDeclaration","run","13","55","true","false"
"fd5866d2580127142e46b58848da2471488f70c0","src/automation/automation-runner.mjs","automation","3","FunctionDeclaration","cancel","57","62","true","false"
"fd5866d2580127142e46b58848da2471488f70c0","src/automation/automation-runner.mjs","automation","4","ArrowFunctionExpression","<callback:filter>","69","69","false","false"
"fd5866d2580127142e46b58848da2471488f70c0","src/automation/automation-runner.mjs","automation","5","ArrowFunctionExpression","<callback:some>","77","77","false","false"
"fd5866d2580127142e46b58848da2471488f70c0","src/automation/automation-runner.mjs","automation","6","FunctionDeclaration","reconcile","64","79","true","false"
"fd5866d2580127142e46b58848da2471488f70c0","src/automation/automation-runner.mjs","automation","7","FunctionDeclaration","createAutomationRunner","1","82","false","false"
"fd5866d2580127142e46b58848da2471488f70c0","src/automation/budget-estimator.mjs","automation","1","FunctionExpression","estimate","20","42","true","false"
"fd5866d2580127142e46b58848da2471488f70c0","src/automation/budget-estimator.mjs","automation","2","FunctionDeclaration","createBudgetEstimator","19","43","false","false"
"fd5866d2580127142e46b58848da2471488f70c0","src/automation/disclosure-classifier.mjs","automation","1","ArrowFunctionExpression","<callback:some>","27","27","false","false"
"fd5866d2580127142e46b58848da2471488f70c0","src/automation/disclosure-classifier.mjs","automation","2","ArrowFunctionExpression","<callback:some>","28","28","false","false"
"fd5866d2580127142e46b58848da2471488f70c0","src/automation/disclosure-classifier.mjs","automation","3","ArrowFunctionExpression","<callback:some>","29","29","false","false"
"fd5866d2580127142e46b58848da2471488f70c0","src/automation/disclosure-classifier.mjs","automation","4","FunctionDeclaration","classifyValue","25","31","false","false"
"fd5866d2580127142e46b58848da2471488f70c0","src/automation/disclosure-classifier.mjs","automation","5","FunctionDeclaration","walk","33","40","false","false"
"fd5866d2580127142e46b58848da2471488f70c0","src/automation/disclosure-classifier.mjs","automation","6","ArrowFunctionExpression","<callback:reduce>","49","49","false","false"
"fd5866d2580127142e46b58848da2471488f70c0","src/automation/disclosure-classifier.mjs","automation","7","ArrowFunctionExpression","<callback:map>","53","53","false","false"
"fd5866d2580127142e46b58848da2471488f70c0","src/automation/disclosure-classifier.mjs","automation","8","ArrowFunctionExpression","<callback:map>","46","55","false","false"
"fd5866d2580127142e46b58848da2471488f70c0","src/automation/disclosure-classifier.mjs","automation","9","FunctionExpression","classify","45","56","true","false"
"fd5866d2580127142e46b58848da2471488f70c0","src/automation/disclosure-classifier.mjs","automation","10","FunctionDeclaration","createDisclosureClassifier","44","57","false","false"
"fd5866d2580127142e46b58848da2471488f70c0","src/automation/invokable-domain-registry.mjs","automation","1","ArrowFunctionExpression","<anonymous>","16","16","false","false"
"fd5866d2580127142e46b58848da2471488f70c0","src/automation/invokable-domain-registry.mjs","automation","2","ArrowFunctionExpression","prefixOf","20","20","false","false"
"fd5866d2580127142e46b58848da2471488f70c0","src/automation/invokable-domain-registry.mjs","automation","3","FunctionDeclaration","register","22","34","false","false"
"fd5866d2580127142e46b58848da2471488f70c0","src/automation/invokable-domain-registry.mjs","automation","4","FunctionDeclaration","simulate","36","50","true","false"
"fd5866d2580127142e46b58848da2471488f70c0","src/automation/invokable-domain-registry.mjs","automation","5","FunctionDeclaration","invoke","52","69","true","false"
"fd5866d2580127142e46b58848da2471488f70c0","src/automation/invokable-domain-registry.mjs","automation","6","FunctionDeclaration","disableExternal","71","75","true","false"
"fd5866d2580127142e46b58848da2471488f70c0","src/automation/invokable-domain-registry.mjs","automation","7","FunctionDeclaration","restore","77","81","true","false"
"fd5866d2580127142e46b58848da2471488f70c0","src/automation/invokable-domain-registry.mjs","automation","8","ArrowFunctionExpression","isExternalDisabled","89","89","false","false"
"fd5866d2580127142e46b58848da2471488f70c0","src/automation/invokable-domain-registry.mjs","automation","9","ArrowFunctionExpression","capabilities","90","90","false","false"
"fd5866d2580127142e46b58848da2471488f70c0","src/automation/invokable-domain-registry.mjs","automation","10","FunctionDeclaration","createInvokableDomainRegistry","16","92","false","false"
"fd5866d2580127142e46b58848da2471488f70c0","src/automation/receipt-verifier.mjs","automation","1","FunctionDeclaration","subsetMatches","7","18","false","false"
"fd5866d2580127142e46b58848da2471488f70c0","src/automation/receipt-verifier.mjs","automation","2","FunctionExpression","verify","22","33","true","false"
"fd5866d2580127142e46b58848da2471488f70c0","src/automation/receipt-verifier.mjs","automation","3","FunctionDeclaration","createReceiptVerifier","20","35","false","false"
"fd5866d2580127142e46b58848da2471488f70c0","src/automation/simulation-engine.mjs","automation","1","FunctionExpression","simulate","15","47","true","false"
"fd5866d2580127142e46b58848da2471488f70c0","src/automation/simulation-engine.mjs","automation","2","FunctionDeclaration","createSimulationEngine","6","49","false","false"
"fd5866d2580127142e46b58848da2471488f70c0","src/automation/trigger-normalizer.mjs","automation","1","FunctionDeclaration","deepFreeze","12","18","false","false"
"fd5866d2580127142e46b58848da2471488f70c0","src/automation/trigger-normalizer.mjs","automation","2","FunctionDeclaration","normalizeTrigger","20","22","false","false"
"fd5866d2580127142e46b58848da2471488f70c0","src/backup/backup-service.mjs","backup","1","ArrowFunctionExpression","derive","10","10","false","false"
"fd5866d2580127142e46b58848da2471488f70c0","src/backup/backup-service.mjs","backup","2","FunctionDeclaration","deriveBackupKeys","7","16","false","false"
"fd5866d2580127142e46b58848da2471488f70c0","src/backup/backup-service.mjs","backup","3","FunctionDeclaration","digest","18","20","false","false"
"fd5866d2580127142e46b58848da2471488f70c0","src/backup/backup-service.mjs","backup","4","FunctionDeclaration","validateId","22","25","false","false"
"fd5866d2580127142e46b58848da2471488f70c0","src/backup/backup-service.mjs","backup","5","FunctionDeclaration","signManifest","27","29","false","false"
"fd5866d2580127142e46b58848da2471488f70c0","src/backup/backup-service.mjs","backup","6","FunctionDeclaration","seal","31","44","false","false"
"fd5866d2580127142e46b58848da2471488f70c0","src/backup/backup-service.mjs","backup","7","ArrowFunctionExpression","<callback:map>","55","55","false","false"
"fd5866d2580127142e46b58848da2471488f70c0","src/backup/backup-service.mjs","backup","8","ArrowFunctionExpression","<callback:map>","56","56","false","false"
"fd5866d2580127142e46b58848da2471488f70c0","src/backup/backup-service.mjs","backup","9","ArrowFunctionExpression","<callback:sort>","57","57","false","false"
"fd5866d2580127142e46b58848da2471488f70c0","src/backup/backup-service.mjs","backup","10","FunctionDeclaration","backup","52","89","true","false"
"fd5866d2580127142e46b58848da2471488f70c0","src/backup/backup-service.mjs","backup","11","FunctionDeclaration","publishTombstone","91","104","true","false"
"fd5866d2580127142e46b58848da2471488f70c0","src/backup/backup-service.mjs","backup","12","FunctionDeclaration","createBackupService","46","107","false","false"
"fd5866d2580127142e46b58848da2471488f70c0","src/backup/compose-backup-domain.mjs","backup","1","FunctionDeclaration","deriveBackupKeyFromMaster","18","22","false","false"
"fd5866d2580127142e46b58848da2471488f70c0","src/backup/compose-backup-domain.mjs","backup","2","FunctionDeclaration","composeBackupDomain","34","73","true","false"
"fd5866d2580127142e46b58848da2471488f70c0","src/backup/custom-token-minter.mjs","backup","1","ArrowFunctionExpression","base64url","14","14","false","false"
"fd5866d2580127142e46b58848da2471488f70c0","src/backup/custom-token-minter.mjs","backup","2","ArrowFunctionExpression","<anonymous>","16","16","false","false"
"fd5866d2580127142e46b58848da2471488f70c0","src/backup/custom-token-minter.mjs","backup","3","FunctionExpression","mintCustomToken","24","39","true","false"
"fd5866d2580127142e46b58848da2471488f70c0","src/backup/custom-token-minter.mjs","backup","4","FunctionDeclaration","createCustomTokenMinter","16","40","false","false"
"fd5866d2580127142e46b58848da2471488f70c0","src/backup/firebase-backup.mjs","backup","1","ArrowFunctionExpression","<callback:some>","4","4","false","false"
"fd5866d2580127142e46b58848da2471488f70c0","src/backup/firebase-backup.mjs","backup","2","FunctionDeclaration","validateObjectKey","1","6","false","false"
"fd5866d2580127142e46b58848da2471488f70c0","src/backup/firebase-backup.mjs","backup","3","FunctionDeclaration","defaultSdkLoader","8","16","true","false"
"fd5866d2580127142e46b58848da2471488f70c0","src/backup/firebase-backup.mjs","backup","4","ArrowFunctionExpression","<callback:some>","23","23","false","false"
"fd5866d2580127142e46b58848da2471488f70c0","src/backup/firebase-backup.mjs","backup","5","ArrowFunctionExpression","<callback:map>","41","41","false","false"
"fd5866d2580127142e46b58848da2471488f70c0","src/backup/firebase-backup.mjs","backup","6","FunctionDeclaration","visit","39","43","true","false"
"fd5866d2580127142e46b58848da2471488f70c0","src/backup/firebase-backup.mjs","backup","7","FunctionDeclaration","listRecursive","37","46","true","false"
"fd5866d2580127142e46b58848da2471488f70c0","src/backup/firebase-backup.mjs","backup","8","ArrowFunctionExpression","authenticate","49","49","true","false"
"fd5866d2580127142e46b58848da2471488f70c0","src/backup/firebase-backup.mjs","backup","9","ArrowFunctionExpression","put","50","53","true","false"
"fd5866d2580127142e46b58848da2471488f70c0","src/backup/firebase-backup.mjs","backup","10","ArrowFunctionExpression","get","54","61","true","false"
"fd5866d2580127142e46b58848da2471488f70c0","src/backup/firebase-backup.mjs","backup","11","ArrowFunctionExpression","exists","62","70","true","false"
"fd5866d2580127142e46b58848da2471488f70c0","src/backup/firebase-backup.mjs","backup","12","ArrowFunctionExpression","delete","71","71","true","false"
"fd5866d2580127142e46b58848da2471488f70c0","src/backup/firebase-backup.mjs","backup","13","FunctionDeclaration","createFirebaseSdkClient","18","74","true","false"
"fd5866d2580127142e46b58848da2471488f70c0","src/backup/firebase-backup.mjs","backup","14","ArrowFunctionExpression","<callback:call>","90","96","true","false"
"fd5866d2580127142e46b58848da2471488f70c0","src/backup/firebase-backup.mjs","backup","15","FunctionDeclaration","owner","89","98","true","false"
"fd5866d2580127142e46b58848da2471488f70c0","src/backup/firebase-backup.mjs","backup","16","FunctionDeclaration","scoped","100","103","true","false"
"fd5866d2580127142e46b58848da2471488f70c0","src/backup/firebase-backup.mjs","backup","17","FunctionDeclaration","putObject","105","108","true","false"
"fd5866d2580127142e46b58848da2471488f70c0","src/backup/firebase-backup.mjs","backup","18","FunctionDeclaration","getObject","110","113","true","false"
"fd5866d2580127142e46b58848da2471488f70c0","src/backup/firebase-backup.mjs","backup","19","FunctionDeclaration","hasObject","115","117","true","false"
"fd5866d2580127142e46b58848da2471488f70c0","src/backup/firebase-backup.mjs","backup","20","FunctionDeclaration","deleteObject","119","121","true","false"
"fd5866d2580127142e46b58848da2471488f70c0","src/backup/firebase-backup.mjs","backup","21","ArrowFunctionExpression","<callback:map>","126","126","false","false"
"fd5866d2580127142e46b58848da2471488f70c0","src/backup/firebase-backup.mjs","backup","22","FunctionDeclaration","listObjects","123","127","true","false"
"fd5866d2580127142e46b58848da2471488f70c0","src/backup/firebase-backup.mjs","backup","23","FunctionDeclaration","createFirebaseBackup","76","130","false","false"
"fd5866d2580127142e46b58848da2471488f70c0","src/backup/restore-service.mjs","backup","1","FunctionDeclaration","digest","6","8","false","false"
"fd5866d2580127142e46b58848da2471488f70c0","src/backup/restore-service.mjs","backup","2","FunctionDeclaration","verifyManifest","10","17","false","false"
"fd5866d2580127142e46b58848da2471488f70c0","src/backup/restore-service.mjs","backup","3","FunctionDeclaration","open","19","27","false","false"
"fd5866d2580127142e46b58848da2471488f70c0","src/backup/restore-service.mjs","backup","4","ArrowFunctionExpression","<callback:map>","60","60","false","false"
"fd5866d2580127142e46b58848da2471488f70c0","src/backup/restore-service.mjs","backup","5","ArrowFunctionExpression","<callback:filter>","61","61","false","false"
"fd5866d2580127142e46b58848da2471488f70c0","src/backup/restore-service.mjs","backup","6","FunctionDeclaration","restore","33","71","true","false"
"fd5866d2580127142e46b58848da2471488f70c0","src/backup/restore-service.mjs","backup","7","FunctionDeclaration","createRestoreService","29","74","false","false"
"fd5866d2580127142e46b58848da2471488f70c0","src/biometrics/face-embedder-factory.mjs","biometrics","1","ArrowFunctionExpression","embed","16","16","true","false"
"fd5866d2580127142e46b58848da2471488f70c0","src/biometrics/face-embedder-factory.mjs","biometrics","2","ArrowFunctionExpression","createTensor","32","32","false","false"
"fd5866d2580127142e46b58848da2471488f70c0","src/biometrics/face-embedder-factory.mjs","biometrics","3","ArrowFunctionExpression","embed","37","37","true","false"
"fd5866d2580127142e46b58848da2471488f70c0","src/biometrics/face-embedder-factory.mjs","biometrics","4","FunctionDeclaration","loadFaceEmbedder","13","42","true","false"
"fd5866d2580127142e46b58848da2471488f70c0","src/biometrics/face-embedder.mjs","biometrics","1","ArrowFunctionExpression","okDim","11","11","false","false"
"fd5866d2580127142e46b58848da2471488f70c0","src/biometrics/face-embedder.mjs","biometrics","2","ArrowFunctionExpression","<callback:every>","12","12","false","false"
"fd5866d2580127142e46b58848da2471488f70c0","src/biometrics/face-embedder.mjs","biometrics","3","ArrowFunctionExpression","okTriplet","12","12","false","false"
"fd5866d2580127142e46b58848da2471488f70c0","src/biometrics/face-embedder.mjs","biometrics","4","ArrowFunctionExpression","<callback:some>","14","14","false","false"
"fd5866d2580127142e46b58848da2471488f70c0","src/biometrics/face-embedder.mjs","biometrics","5","FunctionDeclaration","validateEmbedderManifest","9","19","false","false"
"fd5866d2580127142e46b58848da2471488f70c0","src/biometrics/face-embedder.mjs","biometrics","6","FunctionDeclaration","embed","35","62","true","false"
"fd5866d2580127142e46b58848da2471488f70c0","src/biometrics/face-embedder.mjs","biometrics","7","FunctionDeclaration","createFaceEmbedder","28","65","false","false"
"fd5866d2580127142e46b58848da2471488f70c0","src/biometrics/face-model-loader.mjs","biometrics","1","ArrowFunctionExpression","<callback:some>","15","15","false","false"
"fd5866d2580127142e46b58848da2471488f70c0","src/biometrics/face-model-loader.mjs","biometrics","2","FunctionDeclaration","validateManifest","9","19","false","false"
"fd5866d2580127142e46b58848da2471488f70c0","src/biometrics/face-model-loader.mjs","biometrics","3","ArrowFunctionExpression","<callback:every>","23","23","false","false"
"fd5866d2580127142e46b58848da2471488f70c0","src/biometrics/face-model-loader.mjs","biometrics","4","FunctionDeclaration","sameNames","21","24","false","false"
"fd5866d2580127142e46b58848da2471488f70c0","src/biometrics/face-model-loader.mjs","biometrics","5","ArrowFunctionExpression","<anonymous>","27","27","false","false"
"fd5866d2580127142e46b58848da2471488f70c0","src/biometrics/face-model-loader.mjs","biometrics","6","ArrowFunctionExpression","load","33","55","true","false"
"fd5866d2580127142e46b58848da2471488f70c0","src/biometrics/face-model-loader.mjs","biometrics","7","ArrowFunctionExpression","run","56","60","true","false"
"fd5866d2580127142e46b58848da2471488f70c0","src/biometrics/face-model-loader.mjs","biometrics","8","ArrowFunctionExpression","unload","61","67","true","false"
"fd5866d2580127142e46b58848da2471488f70c0","src/biometrics/face-model-loader.mjs","biometrics","9","ArrowFunctionExpression","<callback:map>","70","74","true","false"
"fd5866d2580127142e46b58848da2471488f70c0","src/biometrics/face-model-loader.mjs","biometrics","10","ArrowFunctionExpression","unloadAll","68","76","true","false"
"fd5866d2580127142e46b58848da2471488f70c0","src/biometrics/face-model-loader.mjs","biometrics","11","FunctionDeclaration","createFaceModelLoader","26","78","false","false"
"fd5866d2580127142e46b58848da2471488f70c0","src/biometrics/face-profile-store.mjs","biometrics","1","FunctionDeclaration","profileName","5","7","false","false"
"fd5866d2580127142e46b58848da2471488f70c0","src/biometrics/face-profile-store.mjs","biometrics","2","FunctionDeclaration","validateIdentityId","9","11","false","false"
"fd5866d2580127142e46b58848da2471488f70c0","src/biometrics/face-profile-store.mjs","biometrics","3","ArrowFunctionExpression","<callback:some>","18","18","false","false"
"fd5866d2580127142e46b58848da2471488f70c0","src/biometrics/face-profile-store.mjs","biometrics","4","FunctionDeclaration","validateProfileShape","13","22","false","false"
"fd5866d2580127142e46b58848da2471488f70c0","src/biometrics/face-profile-store.mjs","biometrics","5","FunctionDeclaration","readIndex","24","29","true","false"
"fd5866d2580127142e46b58848da2471488f70c0","src/biometrics/face-profile-store.mjs","biometrics","6","FunctionDeclaration","writeIndex","31","33","true","false"
"fd5866d2580127142e46b58848da2471488f70c0","src/biometrics/face-profile-store.mjs","biometrics","7","FunctionExpression","save","41","48","true","false"
"fd5866d2580127142e46b58848da2471488f70c0","src/biometrics/face-profile-store.mjs","biometrics","8","FunctionExpression","get","50","55","true","false"
"fd5866d2580127142e46b58848da2471488f70c0","src/biometrics/face-profile-store.mjs","biometrics","9","ArrowFunctionExpression","<callback:map>","59","62","true","false"
"fd5866d2580127142e46b58848da2471488f70c0","src/biometrics/face-profile-store.mjs","biometrics","10","FunctionExpression","list","57","64","true","false"
"fd5866d2580127142e46b58848da2471488f70c0","src/biometrics/face-profile-store.mjs","biometrics","11","ArrowFunctionExpression","<callback:filter>","70","70","false","false"
"fd5866d2580127142e46b58848da2471488f70c0","src/biometrics/face-profile-store.mjs","biometrics","12","FunctionExpression","delete","66","72","true","false"
"fd5866d2580127142e46b58848da2471488f70c0","src/biometrics/face-profile-store.mjs","biometrics","13","FunctionDeclaration","createFaceProfileStore","35","74","false","false"
"fd5866d2580127142e46b58848da2471488f70c0","src/biometrics/face-recognizer.mjs","biometrics","1","ArrowFunctionExpression","<callback:some>","12","12","false","false"
"fd5866d2580127142e46b58848da2471488f70c0","src/biometrics/face-recognizer.mjs","biometrics","2","ArrowFunctionExpression","<callback:reduce>","13","13","false","false"
"fd5866d2580127142e46b58848da2471488f70c0","src/biometrics/face-recognizer.mjs","biometrics","3","ArrowFunctionExpression","<callback:map>","15","15","false","false"
"fd5866d2580127142e46b58848da2471488f70c0","src/biometrics/face-recognizer.mjs","biometrics","4","FunctionDeclaration","normalize","10","16","false","false"
"fd5866d2580127142e46b58848da2471488f70c0","src/biometrics/face-recognizer.mjs","biometrics","5","ArrowFunctionExpression","<callback:reduce>","18","18","false","false"
"fd5866d2580127142e46b58848da2471488f70c0","src/biometrics/face-recognizer.mjs","biometrics","6","ArrowFunctionExpression","cosine","18","18","false","false"
"fd5866d2580127142e46b58848da2471488f70c0","src/biometrics/face-recognizer.mjs","biometrics","7","ArrowFunctionExpression","<callback:some>","22","23","false","false"
"fd5866d2580127142e46b58848da2471488f70c0","src/biometrics/face-recognizer.mjs","biometrics","8","ArrowFunctionExpression","<callback:map>","26","26","false","false"
"fd5866d2580127142e46b58848da2471488f70c0","src/biometrics/face-recognizer.mjs","biometrics","9","ArrowFunctionExpression","<callback:every>","27","27","false","false"
"fd5866d2580127142e46b58848da2471488f70c0","src/biometrics/face-recognizer.mjs","biometrics","10","FunctionDeclaration","validateEnrollmentSamples","20","30","false","false"
"fd5866d2580127142e46b58848da2471488f70c0","src/biometrics/face-recognizer.mjs","biometrics","11","ArrowFunctionExpression","<callback:some>","58","58","false","false"
"fd5866d2580127142e46b58848da2471488f70c0","src/biometrics/face-recognizer.mjs","biometrics","12","ArrowFunctionExpression","<callback:reduce>","60","60","false","false"
"fd5866d2580127142e46b58848da2471488f70c0","src/biometrics/face-recognizer.mjs","biometrics","13","ArrowFunctionExpression","<callback:from>","59","61","false","false"
"fd5866d2580127142e46b58848da2471488f70c0","src/biometrics/face-recognizer.mjs","biometrics","14","FunctionDeclaration","enroll","45","75","true","false"
"fd5866d2580127142e46b58848da2471488f70c0","src/biometrics/face-recognizer.mjs","biometrics","15","FunctionDeclaration","calibrate","77","90","true","false"
"fd5866d2580127142e46b58848da2471488f70c0","src/biometrics/face-recognizer.mjs","biometrics","16","FunctionDeclaration","recognize","92","114","true","false"
"fd5866d2580127142e46b58848da2471488f70c0","src/biometrics/face-recognizer.mjs","biometrics","17","FunctionDeclaration","createFaceRecognizer","32","117","false","false"
"fd5866d2580127142e46b58848da2471488f70c0","src/biometrics/liveness-check.mjs","biometrics","1","FunctionDeclaration","isPoint","7","9","false","false"
"fd5866d2580127142e46b58848da2471488f70c0","src/biometrics/liveness-check.mjs","biometrics","2","FunctionDeclaration","validateFrame","11","17","false","false"
"fd5866d2580127142e46b58848da2471488f70c0","src/biometrics/liveness-check.mjs","biometrics","3","FunctionDeclaration","yawProxy","19","24","false","false"
"fd5866d2580127142e46b58848da2471488f70c0","src/biometrics/liveness-check.mjs","biometrics","4","ArrowFunctionExpression","<callback:map>","48","48","false","false"
"fd5866d2580127142e46b58848da2471488f70c0","src/biometrics/liveness-check.mjs","biometrics","5","FunctionDeclaration","evaluateLiveness","31","58","false","false"
"fd5866d2580127142e46b58848da2471488f70c0","src/camera/android-camera-client.mjs","camera","1","FunctionDeclaration","challengeFor","12","18","false","false"
"fd5866d2580127142e46b58848da2471488f70c0","src/camera/android-camera-client.mjs","camera","2","FunctionDeclaration","sameHex","20","24","false","false"
"fd5866d2580127142e46b58848da2471488f70c0","src/camera/android-camera-client.mjs","camera","3","FunctionDeclaration","validateAndroidCameraFrame","26","79","false","false"
"fd5866d2580127142e46b58848da2471488f70c0","src/camera/android-camera-client.mjs","camera","4","ArrowFunctionExpression","<anonymous>","84","84","false","false"
"fd5866d2580127142e46b58848da2471488f70c0","src/camera/android-camera-client.mjs","camera","5","ArrowFunctionExpression","<anonymous>","84","84","false","false"
"fd5866d2580127142e46b58848da2471488f70c0","src/camera/android-camera-client.mjs","camera","6","ArrowFunctionExpression","start","94","109","true","false"
"fd5866d2580127142e46b58848da2471488f70c0","src/camera/android-camera-client.mjs","camera","7","FunctionExpression","frames","110","126","true","true"
"fd5866d2580127142e46b58848da2471488f70c0","src/camera/android-camera-client.mjs","camera","8","ArrowFunctionExpression","stop","127","134","true","false"
"fd5866d2580127142e46b58848da2471488f70c0","src/camera/android-camera-client.mjs","camera","9","FunctionDeclaration","createAndroidCameraClient","81","136","false","false"
"fd5866d2580127142e46b58848da2471488f70c0","src/camera/perception-sampler.mjs","camera","1","FunctionExpression","offer","6","12","false","false"
"fd5866d2580127142e46b58848da2471488f70c0","src/camera/perception-sampler.mjs","camera","2","FunctionExpression","takeLatest","13","17","false","false"
"fd5866d2580127142e46b58848da2471488f70c0","src/camera/perception-sampler.mjs","camera","3","FunctionDeclaration","createPerceptionSampler","1","19","false","false"
"fd5866d2580127142e46b58848da2471488f70c0","src/camera/shared-camera-runtime.mjs","camera","1","ArrowFunctionExpression","<anonymous>","7","7","false","false"
"fd5866d2580127142e46b58848da2471488f70c0","src/camera/shared-camera-runtime.mjs","camera","2","ArrowFunctionExpression","<anonymous>","8","8","false","false"
"fd5866d2580127142e46b58848da2471488f70c0","src/camera/shared-camera-runtime.mjs","camera","3","ArrowFunctionExpression","<anonymous>","9","9","false","false"
"fd5866d2580127142e46b58848da2471488f70c0","src/camera/shared-camera-runtime.mjs","camera","4","ArrowFunctionExpression","publishFrame","20","25","false","false"
"fd5866d2580127142e46b58848da2471488f70c0","src/camera/shared-camera-runtime.mjs","camera","5","ArrowFunctionExpression","rejectWaiters","27","30","false","false"
"fd5866d2580127142e46b58848da2471488f70c0","src/camera/shared-camera-runtime.mjs","camera","6","ArrowFunctionExpression","resolve","36","36","false","false"
"fd5866d2580127142e46b58848da2471488f70c0","src/camera/shared-camera-runtime.mjs","camera","7","ArrowFunctionExpression","reject","37","37","false","false"
"fd5866d2580127142e46b58848da2471488f70c0","src/camera/shared-camera-runtime.mjs","camera","8","ArrowFunctionExpression","<callback:setTimeout>","40","43","false","false"
"fd5866d2580127142e46b58848da2471488f70c0","src/camera/shared-camera-runtime.mjs","camera","9","ArrowFunctionExpression","<anonymous>","34","45","false","false"
"fd5866d2580127142e46b58848da2471488f70c0","src/camera/shared-camera-runtime.mjs","camera","10","ArrowFunctionExpression","waitForFrame","32","46","false","false"
"fd5866d2580127142e46b58848da2471488f70c0","src/camera/shared-camera-runtime.mjs","camera","11","ArrowFunctionExpression","<callback:catch>","70","70","false","false"
"fd5866d2580127142e46b58848da2471488f70c0","src/camera/shared-camera-runtime.mjs","camera","12","ArrowFunctionExpression","<callback:call>","57","73","true","false"
"fd5866d2580127142e46b58848da2471488f70c0","src/camera/shared-camera-runtime.mjs","camera","13","ArrowFunctionExpression","<callback:catch>","74","74","false","false"
"fd5866d2580127142e46b58848da2471488f70c0","src/camera/shared-camera-runtime.mjs","camera","14","FunctionDeclaration","start","48","76","true","false"
"fd5866d2580127142e46b58848da2471488f70c0","src/camera/shared-camera-runtime.mjs","camera","15","FunctionDeclaration","stop","78","87","true","false"
"fd5866d2580127142e46b58848da2471488f70c0","src/camera/shared-camera-runtime.mjs","camera","16","FunctionExpression","nextSharedFrame","90","92","true","true"
"fd5866d2580127142e46b58848da2471488f70c0","src/camera/shared-camera-runtime.mjs","camera","17","FunctionDeclaration","frames","89","93","false","false"
"fd5866d2580127142e46b58848da2471488f70c0","src/camera/shared-camera-runtime.mjs","camera","18","ArrowFunctionExpression","latestFrame","95","95","false","false"
"fd5866d2580127142e46b58848da2471488f70c0","src/camera/shared-camera-runtime.mjs","camera","19","ArrowFunctionExpression","isActive","97","97","false","false"
"fd5866d2580127142e46b58848da2471488f70c0","src/camera/shared-camera-runtime.mjs","camera","20","FunctionDeclaration","createSharedCameraRuntime","5","98","false","false"
"fd5866d2580127142e46b58848da2471488f70c0","src/chat/chat-media-handler.mjs","chat","1","FunctionExpression","handleMedia","11","29","true","false"
"fd5866d2580127142e46b58848da2471488f70c0","src/chat/chat-media-handler.mjs","chat","2","FunctionDeclaration","createChatMediaHandler","6","30","false","false"
"fd5866d2580127142e46b58848da2471488f70c0","src/chat/media-assembler.mjs","chat","1","FunctionDeclaration","purgeExpired","29","33","false","false"
"fd5866d2580127142e46b58848da2471488f70c0","src/chat/media-assembler.mjs","chat","2","FunctionExpression","begin","37","53","false","false"
"fd5866d2580127142e46b58848da2471488f70c0","src/chat/media-assembler.mjs","chat","3","FunctionExpression","addChunk","56","66","false","false"
"fd5866d2580127142e46b58848da2471488f70c0","src/chat/media-assembler.mjs","chat","4","FunctionExpression","isComplete","68","71","false","false"
"fd5866d2580127142e46b58848da2471488f70c0","src/chat/media-assembler.mjs","chat","5","FunctionExpression","finalize","77","93","false","false"
"fd5866d2580127142e46b58848da2471488f70c0","src/chat/media-assembler.mjs","chat","6","FunctionExpression","drop","96","96","false","false"
"fd5866d2580127142e46b58848da2471488f70c0","src/chat/media-assembler.mjs","chat","7","FunctionExpression","pendingCount","98","98","false","false"
"fd5866d2580127142e46b58848da2471488f70c0","src/chat/media-assembler.mjs","chat","8","FunctionDeclaration","createMediaAssembler","20","100","false","false"
"fd5866d2580127142e46b58848da2471488f70c0","src/chat/media-chunker.mjs","chat","1","ArrowFunctionExpression","newMediaId","18","18","false","false"
"fd5866d2580127142e46b58848da2471488f70c0","src/chat/media-chunker.mjs","chat","2","FunctionDeclaration","chunkMedia","30","60","false","false"
"fd5866d2580127142e46b58848da2471488f70c0","src/chat/media-chunker.mjs","chat","3","FunctionDeclaration","encodeMediaMetaPayload","63","65","false","false"
"fd5866d2580127142e46b58848da2471488f70c0","src/chat/media-chunker.mjs","chat","4","FunctionDeclaration","encodeMediaChunkPayload","68","70","false","false"
"fd5866d2580127142e46b58848da2471488f70c0","src/chat/media-perception.mjs","chat","1","FunctionDeclaration","kindOf","15","20","false","false"
"fd5866d2580127142e46b58848da2471488f70c0","src/chat/media-perception.mjs","chat","2","FunctionDeclaration","callText","22","26","true","false"
"fd5866d2580127142e46b58848da2471488f70c0","src/chat/media-perception.mjs","chat","3","ArrowFunctionExpression","<callback:catch>","42","42","false","false"
"fd5866d2580127142e46b58848da2471488f70c0","src/chat/media-perception.mjs","chat","4","FunctionDeclaration","perceive","40","77","true","false"
"fd5866d2580127142e46b58848da2471488f70c0","src/chat/media-perception.mjs","chat","5","FunctionDeclaration","buildAssistantNote","79","87","false","false"
"fd5866d2580127142e46b58848da2471488f70c0","src/chat/media-perception.mjs","chat","6","FunctionDeclaration","userLabel","89","94","false","false"
"fd5866d2580127142e46b58848da2471488f70c0","src/chat/media-perception.mjs","chat","7","FunctionDeclaration","tryRemember","98","109","true","false"
"fd5866d2580127142e46b58848da2471488f70c0","src/chat/media-perception.mjs","chat","8","FunctionDeclaration","createMediaPerception","28","112","false","false"
"fd5866d2580127142e46b58848da2471488f70c0","src/chat/media-purge.mjs","chat","1","ArrowFunctionExpression","<anonymous>","16","16","false","false"
"fd5866d2580127142e46b58848da2471488f70c0","src/chat/media-purge.mjs","chat","2","ArrowFunctionExpression","<callback:filter>","35","35","false","false"
"fd5866d2580127142e46b58848da2471488f70c0","src/chat/media-purge.mjs","chat","3","FunctionExpression","run","25","61","true","false"
"fd5866d2580127142e46b58848da2471488f70c0","src/chat/media-purge.mjs","chat","4","FunctionDeclaration","createMediaPurge","10","63","false","false"
"fd5866d2580127142e46b58848da2471488f70c0","src/chat/media-store.mjs","chat","1","ArrowFunctionExpression","pathFor","18","18","false","false"
"fd5866d2580127142e46b58848da2471488f70c0","src/chat/media-store.mjs","chat","2","FunctionExpression","save","21","33","true","false"
"fd5866d2580127142e46b58848da2471488f70c0","src/chat/media-store.mjs","chat","3","FunctionExpression","load","35","50","true","false"
"fd5866d2580127142e46b58848da2471488f70c0","src/chat/media-store.mjs","chat","4","FunctionDeclaration","createMediaStore","11","52","false","false"
"fd5866d2580127142e46b58848da2471488f70c0","src/chat/voice-transcriber.mjs","chat","1","ArrowFunctionExpression","<callback:call>","30","36","true","false"
"fd5866d2580127142e46b58848da2471488f70c0","src/chat/voice-transcriber.mjs","chat","2","ArrowFunctionExpression","<callback:catch>","38","38","false","false"
"fd5866d2580127142e46b58848da2471488f70c0","src/chat/voice-transcriber.mjs","chat","3","ArrowFunctionExpression","pipelineOnce","29","40","false","false"
"fd5866d2580127142e46b58848da2471488f70c0","src/chat/voice-transcriber.mjs","chat","4","FunctionExpression","transcribe","42","51","true","false"
"fd5866d2580127142e46b58848da2471488f70c0","src/chat/voice-transcriber.mjs","chat","5","FunctionDeclaration","createVoiceTranscriber","15","52","false","false"
"fd5866d2580127142e46b58848da2471488f70c0","src/code/code-action-normalizer.mjs","code","1","FunctionDeclaration","requireString","33","39","false","false"
"fd5866d2580127142e46b58848da2471488f70c0","src/code/code-action-normalizer.mjs","code","2","ArrowFunctionExpression","<callback:filter>","49","49","false","false"
"fd5866d2580127142e46b58848da2471488f70c0","src/code/code-action-normalizer.mjs","code","3","ArrowFunctionExpression","<callback:some>","50","50","false","false"
"fd5866d2580127142e46b58848da2471488f70c0","src/code/code-action-normalizer.mjs","code","4","FunctionDeclaration","normalizeProjectPath","42","55","false","false"
"fd5866d2580127142e46b58848da2471488f70c0","src/code/code-action-normalizer.mjs","code","5","ArrowFunctionExpression","<callback:map>","114","114","false","false"
"fd5866d2580127142e46b58848da2471488f70c0","src/code/code-action-normalizer.mjs","code","6","ArrowFunctionExpression","<callback:map>","129","129","false","false"
"fd5866d2580127142e46b58848da2471488f70c0","src/code/code-action-normalizer.mjs","code","7","ArrowFunctionExpression","<callback:map>","145","145","false","false"
"fd5866d2580127142e46b58848da2471488f70c0","src/code/code-action-normalizer.mjs","code","8","FunctionDeclaration","normalizeCodeAction","57","162","false","false"
"fd5866d2580127142e46b58848da2471488f70c0","src/code/code-context-window.mjs","code","1","ArrowFunctionExpression","estimateTokens","5","5","false","false"
"fd5866d2580127142e46b58848da2471488f70c0","src/code/code-context-window.mjs","code","2","ArrowFunctionExpression","<callback:reduce>","29","29","false","false"
"fd5866d2580127142e46b58848da2471488f70c0","src/code/code-context-window.mjs","code","3","ArrowFunctionExpression","fileTokens","29","29","false","false"
"fd5866d2580127142e46b58848da2471488f70c0","src/code/code-context-window.mjs","code","4","ArrowFunctionExpression","<callback:reduce>","30","30","false","false"
"fd5866d2580127142e46b58848da2471488f70c0","src/code/code-context-window.mjs","code","5","ArrowFunctionExpression","actionTokens","30","30","false","false"
"fd5866d2580127142e46b58848da2471488f70c0","src/code/code-context-window.mjs","code","6","ArrowFunctionExpression","<callback:reduce>","31","31","false","false"
"fd5866d2580127142e46b58848da2471488f70c0","src/code/code-context-window.mjs","code","7","ArrowFunctionExpression","failureTokens","31","31","false","false"
"fd5866d2580127142e46b58848da2471488f70c0","src/code/code-context-window.mjs","code","8","ArrowFunctionExpression","planTokens","32","32","false","false"
"fd5866d2580127142e46b58848da2471488f70c0","src/code/code-context-window.mjs","code","9","ArrowFunctionExpression","totalTokens","33","33","false","false"
"fd5866d2580127142e46b58848da2471488f70c0","src/code/code-context-window.mjs","code","10","ArrowFunctionExpression","<callback:sort>","40","40","false","false"
"fd5866d2580127142e46b58848da2471488f70c0","src/code/code-context-window.mjs","code","11","ArrowFunctionExpression","<callback:filter>","59","61","false","false"
"fd5866d2580127142e46b58848da2471488f70c0","src/code/code-context-window.mjs","code","12","ArrowFunctionExpression","<callback:sort>","68","68","false","false"
"fd5866d2580127142e46b58848da2471488f70c0","src/code/code-context-window.mjs","code","13","FunctionDeclaration","evict","35","75","false","false"
"fd5866d2580127142e46b58848da2471488f70c0","src/code/code-context-window.mjs","code","14","FunctionExpression","addFile","78","87","false","false"
"fd5866d2580127142e46b58848da2471488f70c0","src/code/code-context-window.mjs","code","15","FunctionExpression","addActionResult","89","97","false","false"
"fd5866d2580127142e46b58848da2471488f70c0","src/code/code-context-window.mjs","code","16","FunctionExpression","addTestFailure","99","102","false","false"
"fd5866d2580127142e46b58848da2471488f70c0","src/code/code-context-window.mjs","code","17","FunctionExpression","setActivePlan","104","104","false","false"
"fd5866d2580127142e46b58848da2471488f70c0","src/code/code-context-window.mjs","code","18","FunctionExpression","pinFiles","106","112","false","false"
"fd5866d2580127142e46b58848da2471488f70c0","src/code/code-context-window.mjs","code","19","ArrowFunctionExpression","estimateTokens","114","114","false","false"
"fd5866d2580127142e46b58848da2471488f70c0","src/code/code-context-window.mjs","code","20","FunctionExpression","compact","118","122","false","false"
"fd5866d2580127142e46b58848da2471488f70c0","src/code/code-context-window.mjs","code","21","ArrowFunctionExpression","<callback:map>","125","125","false","false"
"fd5866d2580127142e46b58848da2471488f70c0","src/code/code-context-window.mjs","code","22","ArrowFunctionExpression","<callback:map>","126","126","false","false"
"fd5866d2580127142e46b58848da2471488f70c0","src/code/code-context-window.mjs","code","23","FunctionExpression","summarizeHistory","124","132","false","false"
"fd5866d2580127142e46b58848da2471488f70c0","src/code/code-context-window.mjs","code","24","ArrowFunctionExpression","<callback:map>","136","136","false","false"
"fd5866d2580127142e46b58848da2471488f70c0","src/code/code-context-window.mjs","code","25","FunctionExpression","snapshot","134","142","false","false"
"fd5866d2580127142e46b58848da2471488f70c0","src/code/code-context-window.mjs","code","26","FunctionDeclaration","createCodeContextWindow","11","144","false","false"
"fd5866d2580127142e46b58848da2471488f70c0","src/code/code-orchestrator.mjs","code","1","ArrowFunctionExpression","<anonymous>","17","17","true","false"
"fd5866d2580127142e46b58848da2471488f70c0","src/code/code-orchestrator.mjs","code","2","ArrowFunctionExpression","<anonymous>","18","18","false","false"
"fd5866d2580127142e46b58848da2471488f70c0","src/code/code-orchestrator.mjs","code","3","ArrowFunctionExpression","emit","30","30","false","false"
"fd5866d2580127142e46b58848da2471488f70c0","src/code/code-orchestrator.mjs","code","4","FunctionExpression","stop","33","35","false","false"
"fd5866d2580127142e46b58848da2471488f70c0","src/code/code-orchestrator.mjs","code","5","ArrowFunctionExpression","<callback:map>","123","123","false","false"
"fd5866d2580127142e46b58848da2471488f70c0","src/code/code-orchestrator.mjs","code","6","ArrowFunctionExpression","<callback:filter>","129","129","false","false"
"fd5866d2580127142e46b58848da2471488f70c0","src/code/code-orchestrator.mjs","code","7","ArrowFunctionExpression","<callback:map>","129","129","false","false"
"fd5866d2580127142e46b58848da2471488f70c0","src/code/code-orchestrator.mjs","code","8","ArrowFunctionExpression","<callback:catch>","132","132","false","false"
"fd5866d2580127142e46b58848da2471488f70c0","src/code/code-orchestrator.mjs","code","9","FunctionExpression","run","37","177","true","false"
"fd5866d2580127142e46b58848da2471488f70c0","src/code/code-orchestrator.mjs","code","10","FunctionDeclaration","createCodeOrchestrator","7","179","false","false"
"fd5866d2580127142e46b58848da2471488f70c0","src/code/code-personality.mjs","code","1","ArrowFunctionExpression","defaultEstimateTokens","20","20","false","false"
"fd5866d2580127142e46b58848da2471488f70c0","src/code/code-personality.mjs","code","2","FunctionDeclaration","describeProjectContext","22","40","false","false"
"fd5866d2580127142e46b58848da2471488f70c0","src/code/code-personality.mjs","code","3","ArrowFunctionExpression","<callback:map>","46","46","false","false"
"fd5866d2580127142e46b58848da2471488f70c0","src/code/code-personality.mjs","code","4","FunctionDeclaration","describePlan","42","49","false","false"
"fd5866d2580127142e46b58848da2471488f70c0","src/code/code-personality.mjs","code","5","ArrowFunctionExpression","<callback:map>","57","57","false","false"
"fd5866d2580127142e46b58848da2471488f70c0","src/code/code-personality.mjs","code","6","ArrowFunctionExpression","<callback:map>","73","73","false","false"
"fd5866d2580127142e46b58848da2471488f70c0","src/code/code-personality.mjs","code","7","FunctionExpression","buildSystemPrompt","63","76","false","false"
"fd5866d2580127142e46b58848da2471488f70c0","src/code/code-personality.mjs","code","8","FunctionExpression","updateWithResult","78","93","false","false"
"fd5866d2580127142e46b58848da2471488f70c0","src/code/code-personality.mjs","code","9","FunctionExpression","compact","95","106","false","false"
"fd5866d2580127142e46b58848da2471488f70c0","src/code/code-personality.mjs","code","10","FunctionDeclaration","createCodePersonality","51","108","false","false"
"fd5866d2580127142e46b58848da2471488f70c0","src/code/code-safety-policy.mjs","code","1","ArrowFunctionExpression","normalizeCommand","53","53","false","false"
"fd5866d2580127142e46b58848da2471488f70c0","src/code/code-safety-policy.mjs","code","2","ArrowFunctionExpression","normalizePath","54","54","false","false"
"fd5866d2580127142e46b58848da2471488f70c0","src/code/code-safety-policy.mjs","code","3","FunctionDeclaration","globToRegExp","56","63","false","false"
"fd5866d2580127142e46b58848da2471488f70c0","src/code/code-safety-policy.mjs","code","4","ArrowFunctionExpression","<callback:map>","65","69","false","false"
"fd5866d2580127142e46b58848da2471488f70c0","src/code/code-safety-policy.mjs","code","5","ArrowFunctionExpression","<callback:some>","75","77","false","false"
"fd5866d2580127142e46b58848da2471488f70c0","src/code/code-safety-policy.mjs","code","6","FunctionDeclaration","isProtectedPath","71","78","false","false"
"fd5866d2580127142e46b58848da2471488f70c0","src/code/code-safety-policy.mjs","code","7","ArrowFunctionExpression","<callback:find>","85","85","false","false"
"fd5866d2580127142e46b58848da2471488f70c0","src/code/code-safety-policy.mjs","code","8","FunctionDeclaration","matchBlockedCommand","80","86","false","false"
"fd5866d2580127142e46b58848da2471488f70c0","src/code/code-safety-policy.mjs","code","9","ArrowFunctionExpression","<callback:find>","91","91","false","false"
"fd5866d2580127142e46b58848da2471488f70c0","src/code/code-safety-policy.mjs","code","10","FunctionDeclaration","matchConfirmCommand","88","92","false","false"
"fd5866d2580127142e46b58848da2471488f70c0","src/code/code-safety-policy.mjs","code","11","FunctionDeclaration","classifyAction","95","145","false","false"
"fd5866d2580127142e46b58848da2471488f70c0","src/code/code-safety-policy.mjs","code","12","FunctionDeclaration","createCodeSafetyPolicy","94","153","false","false"
"fd5866d2580127142e46b58848da2471488f70c0","src/code/code-services.mjs","code","1","ArrowFunctionExpression","toAbsolute","34","34","false","false"
"fd5866d2580127142e46b58848da2471488f70c0","src/code/code-services.mjs","code","2","ArrowFunctionExpression","<anonymous>","41","41","true","false"
"fd5866d2580127142e46b58848da2471488f70c0","src/code/code-services.mjs","code","3","ArrowFunctionExpression","readFile","53","53","false","false"
"fd5866d2580127142e46b58848da2471488f70c0","src/code/code-services.mjs","code","4","ArrowFunctionExpression","writeFile","54","54","false","false"
"fd5866d2580127142e46b58848da2471488f70c0","src/code/code-services.mjs","code","5","ArrowFunctionExpression","rm","55","55","false","false"
"fd5866d2580127142e46b58848da2471488f70c0","src/code/code-services.mjs","code","6","ArrowFunctionExpression","readdir","56","56","false","false"
"fd5866d2580127142e46b58848da2471488f70c0","src/code/code-services.mjs","code","7","ArrowFunctionExpression","fileContent","80","80","false","false"
"fd5866d2580127142e46b58848da2471488f70c0","src/code/code-services.mjs","code","8","ArrowFunctionExpression","projectContext","85","88","false","false"
"fd5866d2580127142e46b58848da2471488f70c0","src/code/code-services.mjs","code","9","ArrowFunctionExpression","buildContextBound","134","140","true","false"
"fd5866d2580127142e46b58848da2471488f70c0","src/code/code-services.mjs","code","10","ArrowFunctionExpression","bound","143","146","false","false"
"fd5866d2580127142e46b58848da2471488f70c0","src/code/code-services.mjs","code","11","ArrowFunctionExpression","detectFramework","148","148","true","false"
"fd5866d2580127142e46b58848da2471488f70c0","src/code/code-services.mjs","code","12","ArrowFunctionExpression","runAll","149","149","true","false"
"fd5866d2580127142e46b58848da2471488f70c0","src/code/code-services.mjs","code","13","ArrowFunctionExpression","runFile","150","150","true","false"
"fd5866d2580127142e46b58848da2471488f70c0","src/code/code-services.mjs","code","14","ArrowFunctionExpression","runChanged","151","151","true","false"
"fd5866d2580127142e46b58848da2471488f70c0","src/code/code-services.mjs","code","15","ArrowFunctionExpression","commit","154","154","true","false"
"fd5866d2580127142e46b58848da2471488f70c0","src/code/code-services.mjs","code","16","ArrowFunctionExpression","listProtected","157","157","true","false"
"fd5866d2580127142e46b58848da2471488f70c0","src/code/code-services.mjs","code","17","FunctionDeclaration","createCodeServices","36","161","false","false"
"fd5866d2580127142e46b58848da2471488f70c0","src/code/code-verifier.mjs","code","1","ArrowFunctionExpression","isJs","24","24","false","false"
"fd5866d2580127142e46b58848da2471488f70c0","src/code/code-verifier.mjs","code","2","ArrowFunctionExpression","check","29","29","false","false"
"fd5866d2580127142e46b58848da2471488f70c0","src/code/code-verifier.mjs","code","3","ArrowFunctionExpression","<callback:filter>","40","40","false","false"
"fd5866d2580127142e46b58848da2471488f70c0","src/code/code-verifier.mjs","code","4","ArrowFunctionExpression","<callback:filter>","61","61","false","false"
"fd5866d2580127142e46b58848da2471488f70c0","src/code/code-verifier.mjs","code","5","ArrowFunctionExpression","<callback:filter>","64","64","false","false"
"fd5866d2580127142e46b58848da2471488f70c0","src/code/code-verifier.mjs","code","6","ArrowFunctionExpression","<callback:map>","64","64","false","false"
"fd5866d2580127142e46b58848da2471488f70c0","src/code/code-verifier.mjs","code","7","ArrowFunctionExpression","<callback:filter>","66","66","false","false"
"fd5866d2580127142e46b58848da2471488f70c0","src/code/code-verifier.mjs","code","8","ArrowFunctionExpression","<callback:map>","68","68","false","false"
"fd5866d2580127142e46b58848da2471488f70c0","src/code/code-verifier.mjs","code","9","ArrowFunctionExpression","<callback:every>","94","94","false","false"
"fd5866d2580127142e46b58848da2471488f70c0","src/code/code-verifier.mjs","code","10","FunctionExpression","verify","27","97","true","false"
"fd5866d2580127142e46b58848da2471488f70c0","src/code/code-verifier.mjs","code","11","FunctionDeclaration","createCodeVerifier","17","99","false","false"
"fd5866d2580127142e46b58848da2471488f70c0","src/code/editing/code-formatter.mjs","code","1","ArrowFunctionExpression","prettierAvailable","9","12","false","false"
"fd5866d2580127142e46b58848da2471488f70c0","src/code/editing/code-formatter.mjs","code","2","FunctionExpression","format","17","37","true","false"
"fd5866d2580127142e46b58848da2471488f70c0","src/code/editing/code-formatter.mjs","code","3","FunctionDeclaration","createCodeFormatter","5","39","false","false"
"fd5866d2580127142e46b58848da2471488f70c0","src/code/editing/diff-engine.mjs","code","1","ArrowFunctionExpression","<callback:findIndex>","28","28","false","false"
"fd5866d2580127142e46b58848da2471488f70c0","src/code/editing/diff-engine.mjs","code","2","ArrowFunctionExpression","<callback:findIndex>","29","29","false","false"
"fd5866d2580127142e46b58848da2471488f70c0","src/code/editing/diff-engine.mjs","code","3","ArrowFunctionExpression","closeHunk","37","40","false","false"
"fd5866d2580127142e46b58848da2471488f70c0","src/code/editing/diff-engine.mjs","code","4","ArrowFunctionExpression","<callback:map>","47","47","false","false"
"fd5866d2580127142e46b58848da2471488f70c0","src/code/editing/diff-engine.mjs","code","5","ArrowFunctionExpression","closeFile","41","49","false","false"
"fd5866d2580127142e46b58848da2471488f70c0","src/code/editing/diff-engine.mjs","code","6","ArrowFunctionExpression","<callback:find>","52","52","false","false"
"fd5866d2580127142e46b58848da2471488f70c0","src/code/editing/diff-engine.mjs","code","7","FunctionDeclaration","parseMinaPatch","25","84","false","false"
"fd5866d2580127142e46b58848da2471488f70c0","src/code/editing/diff-engine.mjs","code","8","ArrowFunctionExpression","<callback:filter>","92","92","false","false"
"fd5866d2580127142e46b58848da2471488f70c0","src/code/editing/diff-engine.mjs","code","9","ArrowFunctionExpression","<callback:map>","93","93","false","false"
"fd5866d2580127142e46b58848da2471488f70c0","src/code/editing/diff-engine.mjs","code","10","ArrowFunctionExpression","<callback:every>","100","100","false","false"
"fd5866d2580127142e46b58848da2471488f70c0","src/code/editing/diff-engine.mjs","code","11","FunctionDeclaration","applyHunksToContent","88","124","false","false"
"fd5866d2580127142e46b58848da2471488f70c0","src/code/editing/diff-engine.mjs","code","12","ArrowFunctionExpression","requireFs","127","131","false","false"
"fd5866d2580127142e46b58848da2471488f70c0","src/code/editing/diff-engine.mjs","code","13","ArrowFunctionExpression","<callback:map>","145","145","false","false"
"fd5866d2580127142e46b58848da2471488f70c0","src/code/editing/diff-engine.mjs","code","14","FunctionDeclaration","diff","133","149","false","false"
"fd5866d2580127142e46b58848da2471488f70c0","src/code/editing/diff-engine.mjs","code","15","FunctionDeclaration","formatUnified","151","158","false","false"
"fd5866d2580127142e46b58848da2471488f70c0","src/code/editing/diff-engine.mjs","code","16","ArrowFunctionExpression","<callback:map>","179","179","false","false"
"fd5866d2580127142e46b58848da2471488f70c0","src/code/editing/diff-engine.mjs","code","17","FunctionDeclaration","validatePatch","160","180","true","false"
"fd5866d2580127142e46b58848da2471488f70c0","src/code/editing/diff-engine.mjs","code","18","ArrowFunctionExpression","<callback:flatMap>","195","195","false","false"
"fd5866d2580127142e46b58848da2471488f70c0","src/code/editing/diff-engine.mjs","code","19","ArrowFunctionExpression","<callback:catch>","211","211","false","false"
"fd5866d2580127142e46b58848da2471488f70c0","src/code/editing/diff-engine.mjs","code","20","ArrowFunctionExpression","<callback:map>","217","217","false","false"
"fd5866d2580127142e46b58848da2471488f70c0","src/code/editing/diff-engine.mjs","code","21","FunctionDeclaration","applyPatch","182","218","true","false"
"fd5866d2580127142e46b58848da2471488f70c0","src/code/editing/diff-engine.mjs","code","22","FunctionDeclaration","revertLastPatch","220","223","true","false"
"fd5866d2580127142e46b58848da2471488f70c0","src/code/editing/diff-engine.mjs","code","23","FunctionDeclaration","createDiffEngine","126","226","false","false"
"fd5866d2580127142e46b58848da2471488f70c0","src/code/editing/file-backup.mjs","code","1","ArrowFunctionExpression","backupPath","12","12","false","false"
"fd5866d2580127142e46b58848da2471488f70c0","src/code/editing/file-backup.mjs","code","2","FunctionExpression","backup","15","26","true","false"
"fd5866d2580127142e46b58848da2471488f70c0","src/code/editing/file-backup.mjs","code","3","FunctionExpression","restore","28","39","true","false"
"fd5866d2580127142e46b58848da2471488f70c0","src/code/editing/file-backup.mjs","code","4","FunctionExpression","discard","41","48","true","false"
"fd5866d2580127142e46b58848da2471488f70c0","src/code/editing/file-backup.mjs","code","5","ArrowFunctionExpression","hasBackup","50","50","false","false"
"fd5866d2580127142e46b58848da2471488f70c0","src/code/editing/file-backup.mjs","code","6","ArrowFunctionExpression","list","51","51","false","false"
"fd5866d2580127142e46b58848da2471488f70c0","src/code/editing/file-backup.mjs","code","7","FunctionDeclaration","createFileBackup","6","53","false","false"
"fd5866d2580127142e46b58848da2471488f70c0","src/code/editing/lint-runner.mjs","code","1","ArrowFunctionExpression","eslintAvailable","8","11","false","false"
"fd5866d2580127142e46b58848da2471488f70c0","src/code/editing/lint-runner.mjs","code","2","ArrowFunctionExpression","<callback:every>","51","51","false","false"
"fd5866d2580127142e46b58848da2471488f70c0","src/code/editing/lint-runner.mjs","code","3","FunctionExpression","lint","16","54","true","false"
"fd5866d2580127142e46b58848da2471488f70c0","src/code/editing/lint-runner.mjs","code","4","FunctionDeclaration","createLintRunner","4","56","false","false"
"fd5866d2580127142e46b58848da2471488f70c0","src/code/editing/patch-applier.mjs","code","1","ArrowFunctionExpression","<callback:some>","10","10","false","false"
"fd5866d2580127142e46b58848da2471488f70c0","src/code/editing/patch-applier.mjs","code","2","ArrowFunctionExpression","isTextFile","10","10","false","false"
"fd5866d2580127142e46b58848da2471488f70c0","src/code/editing/patch-applier.mjs","code","3","ArrowFunctionExpression","<callback:some>","11","11","false","false"
"fd5866d2580127142e46b58848da2471488f70c0","src/code/editing/patch-applier.mjs","code","4","ArrowFunctionExpression","isJsFile","11","11","false","false"
"fd5866d2580127142e46b58848da2471488f70c0","src/code/editing/patch-applier.mjs","code","5","ArrowFunctionExpression","<callback:map>","51","51","false","false"
"fd5866d2580127142e46b58848da2471488f70c0","src/code/editing/patch-applier.mjs","code","6","ArrowFunctionExpression","<callback:filter>","55","55","false","false"
"fd5866d2580127142e46b58848da2471488f70c0","src/code/editing/patch-applier.mjs","code","7","ArrowFunctionExpression","<callback:map>","55","55","false","false"
"fd5866d2580127142e46b58848da2471488f70c0","src/code/editing/patch-applier.mjs","code","8","ArrowFunctionExpression","<callback:catch>","65","65","false","false"
"fd5866d2580127142e46b58848da2471488f70c0","src/code/editing/patch-applier.mjs","code","9","ArrowFunctionExpression","<callback:catch>","67","67","false","false"
"fd5866d2580127142e46b58848da2471488f70c0","src/code/editing/patch-applier.mjs","code","10","ArrowFunctionExpression","<callback:catch>","77","77","false","false"
"fd5866d2580127142e46b58848da2471488f70c0","src/code/editing/patch-applier.mjs","code","11","ArrowFunctionExpression","<callback:catch>","81","81","false","false"
"fd5866d2580127142e46b58848da2471488f70c0","src/code/editing/patch-applier.mjs","code","12","FunctionExpression","apply","28","90","true","false"
"fd5866d2580127142e46b58848da2471488f70c0","src/code/editing/patch-applier.mjs","code","13","FunctionDeclaration","createPatchApplier","13","92","false","false"
"fd5866d2580127142e46b58848da2471488f70c0","src/code/editing/refactor-workspace.mjs","code","1","ArrowFunctionExpression","<callback:catch>","18","18","false","false"
"fd5866d2580127142e46b58848da2471488f70c0","src/code/editing/refactor-workspace.mjs","code","2","ArrowFunctionExpression","<callback:catch>","20","20","false","false"
"fd5866d2580127142e46b58848da2471488f70c0","src/code/editing/refactor-workspace.mjs","code","3","FunctionDeclaration","rollbackAll","15","23","true","false"
"fd5866d2580127142e46b58848da2471488f70c0","src/code/editing/refactor-workspace.mjs","code","4","ArrowFunctionExpression","<callback:sort>","40","44","false","false"
"fd5866d2580127142e46b58848da2471488f70c0","src/code/editing/refactor-workspace.mjs","code","5","ArrowFunctionExpression","<callback:map>","62","62","false","false"
"fd5866d2580127142e46b58848da2471488f70c0","src/code/editing/refactor-workspace.mjs","code","6","ArrowFunctionExpression","<callback:catch>","70","70","false","false"
"fd5866d2580127142e46b58848da2471488f70c0","src/code/editing/refactor-workspace.mjs","code","7","ArrowFunctionExpression","<callback:map>","78","78","false","false"
"fd5866d2580127142e46b58848da2471488f70c0","src/code/editing/refactor-workspace.mjs","code","8","ArrowFunctionExpression","<callback:filter>","83","83","false","false"
"fd5866d2580127142e46b58848da2471488f70c0","src/code/editing/refactor-workspace.mjs","code","9","ArrowFunctionExpression","<callback:map>","89","89","false","false"
"fd5866d2580127142e46b58848da2471488f70c0","src/code/editing/refactor-workspace.mjs","code","10","FunctionExpression","execute","26","91","true","false"
"fd5866d2580127142e46b58848da2471488f70c0","src/code/editing/refactor-workspace.mjs","code","11","FunctionDeclaration","createRefactorWorkspace","4","93","false","false"
"fd5866d2580127142e46b58848da2471488f70c0","src/code/git/git-branch-guard.mjs","code","1","FunctionDeclaration","parseProtectedBranches","7","23","false","false"
"fd5866d2580127142e46b58848da2471488f70c0","src/code/git/git-branch-guard.mjs","code","2","ArrowFunctionExpression","protect","27","31","false","false"
"fd5866d2580127142e46b58848da2471488f70c0","src/code/git/git-branch-guard.mjs","code","3","FunctionExpression","guard","41","54","false","false"
"fd5866d2580127142e46b58848da2471488f70c0","src/code/git/git-branch-guard.mjs","code","4","ArrowFunctionExpression","listProtected","56","56","false","false"
"fd5866d2580127142e46b58848da2471488f70c0","src/code/git/git-branch-guard.mjs","code","5","FunctionExpression","addProtection","58","61","false","false"
"fd5866d2580127142e46b58848da2471488f70c0","src/code/git/git-branch-guard.mjs","code","6","ArrowFunctionExpression","isPushAllowed","64","64","false","false"
"fd5866d2580127142e46b58848da2471488f70c0","src/code/git/git-branch-guard.mjs","code","7","FunctionDeclaration","createGitBranchGuard","25","66","false","false"
"fd5866d2580127142e46b58848da2471488f70c0","src/code/git/git-client.mjs","code","1","FunctionDeclaration","assertArgsAllowed","13","26","false","false"
"fd5866d2580127142e46b58848da2471488f70c0","src/code/git/git-client.mjs","code","2","ArrowFunctionExpression","<anonymous>","28","28","true","false"
"fd5866d2580127142e46b58848da2471488f70c0","src/code/git/git-client.mjs","code","3","FunctionDeclaration","git","32","41","true","false"
"fd5866d2580127142e46b58848da2471488f70c0","src/code/git/git-client.mjs","code","4","FunctionDeclaration","requireConfirmation","43","46","true","false"
"fd5866d2580127142e46b58848da2471488f70c0","src/code/git/git-client.mjs","code","5","ArrowFunctionExpression","raw","49","49","false","false"
"fd5866d2580127142e46b58848da2471488f70c0","src/code/git/git-client.mjs","code","6","FunctionExpression","isRepository","51","57","true","false"
"fd5866d2580127142e46b58848da2471488f70c0","src/code/git/git-client.mjs","code","7","ArrowFunctionExpression","currentBranch","61","61","true","false"
"fd5866d2580127142e46b58848da2471488f70c0","src/code/git/git-client.mjs","code","8","ArrowFunctionExpression","show","62","62","false","false"
"fd5866d2580127142e46b58848da2471488f70c0","src/code/git/git-client.mjs","code","9","ArrowFunctionExpression","<callback:map>","63","63","false","false"
"fd5866d2580127142e46b58848da2471488f70c0","src/code/git/git-client.mjs","code","10","ArrowFunctionExpression","branch","63","63","true","false"
"fd5866d2580127142e46b58848da2471488f70c0","src/code/git/git-client.mjs","code","11","ArrowFunctionExpression","<callback:map>","64","64","false","false"
"fd5866d2580127142e46b58848da2471488f70c0","src/code/git/git-client.mjs","code","12","ArrowFunctionExpression","remote","64","64","true","false"
"fd5866d2580127142e46b58848da2471488f70c0","src/code/git/git-client.mjs","code","13","FunctionExpression","add","66","70","true","false"
"fd5866d2580127142e46b58848da2471488f70c0","src/code/git/git-client.mjs","code","14","FunctionExpression","commit","72","80","true","false"
"fd5866d2580127142e46b58848da2471488f70c0","src/code/git/git-client.mjs","code","15","FunctionExpression","checkout","82","86","true","false"
"fd5866d2580127142e46b58848da2471488f70c0","src/code/git/git-client.mjs","code","16","FunctionExpression","createBranch","88","92","true","false"
"fd5866d2580127142e46b58848da2471488f70c0","src/code/git/git-client.mjs","code","17","FunctionExpression","stash","94","97","true","false"
"fd5866d2580127142e46b58848da2471488f70c0","src/code/git/git-client.mjs","code","18","FunctionExpression","stashPop","99","102","true","false"
"fd5866d2580127142e46b58848da2471488f70c0","src/code/git/git-client.mjs","code","19","FunctionDeclaration","createGitClient","28","104","false","false"
"fd5866d2580127142e46b58848da2471488f70c0","src/code/git/git-commit.mjs","code","1","FunctionDeclaration","validateCommitMessage","6","15","false","false"
"fd5866d2580127142e46b58848da2471488f70c0","src/code/git/git-commit.mjs","code","2","FunctionExpression","commit","23","49","true","false"
"fd5866d2580127142e46b58848da2471488f70c0","src/code/git/git-commit.mjs","code","3","FunctionDeclaration","createGitCommit","17","51","false","false"
"fd5866d2580127142e46b58848da2471488f70c0","src/code/git/git-diff.mjs","code","1","FunctionDeclaration","parseNumstat","3","16","false","false"
"fd5866d2580127142e46b58848da2471488f70c0","src/code/git/git-diff.mjs","code","2","ArrowFunctionExpression","buildArgs","21","28","false","false"
"fd5866d2580127142e46b58848da2471488f70c0","src/code/git/git-diff.mjs","code","3","ArrowFunctionExpression","diff","31","31","true","false"
"fd5866d2580127142e46b58848da2471488f70c0","src/code/git/git-diff.mjs","code","4","FunctionExpression","numstat","32","36","true","false"
"fd5866d2580127142e46b58848da2471488f70c0","src/code/git/git-diff.mjs","code","5","FunctionDeclaration","createGitDiff","18","38","false","false"
"fd5866d2580127142e46b58848da2471488f70c0","src/code/git/git-hook-post-commit.mjs","code","1","FunctionExpression","onCommit","6","46","true","false"
"fd5866d2580127142e46b58848da2471488f70c0","src/code/git/git-hook-post-commit.mjs","code","2","FunctionDeclaration","createGitPostCommitHook","4","48","false","false"
"fd5866d2580127142e46b58848da2471488f70c0","src/code/git/git-log.mjs","code","1","ArrowFunctionExpression","<callback:map>","10","10","false","false"
"fd5866d2580127142e46b58848da2471488f70c0","src/code/git/git-log.mjs","code","2","ArrowFunctionExpression","<callback:map>","12","21","false","false"
"fd5866d2580127142e46b58848da2471488f70c0","src/code/git/git-log.mjs","code","3","FunctionDeclaration","parseLog","7","22","false","false"
"fd5866d2580127142e46b58848da2471488f70c0","src/code/git/git-log.mjs","code","4","FunctionDeclaration","parseBlame","24","42","false","false"
"fd5866d2580127142e46b58848da2471488f70c0","src/code/git/git-log.mjs","code","5","FunctionExpression","log","48","54","true","false"
"fd5866d2580127142e46b58848da2471488f70c0","src/code/git/git-log.mjs","code","6","FunctionExpression","blame","56","59","true","false"
"fd5866d2580127142e46b58848da2471488f70c0","src/code/git/git-log.mjs","code","7","FunctionDeclaration","createGitLog","44","61","false","false"
"fd5866d2580127142e46b58848da2471488f70c0","src/code/git/git-status.mjs","code","1","FunctionDeclaration","parsePorcelainV2","3","47","false","false"
"fd5866d2580127142e46b58848da2471488f70c0","src/code/git/git-status.mjs","code","2","FunctionExpression","status","52","55","true","false"
"fd5866d2580127142e46b58848da2471488f70c0","src/code/git/git-status.mjs","code","3","FunctionDeclaration","createGitStatus","49","57","false","false"
"fd5866d2580127142e46b58848da2471488f70c0","src/code/intelligence/ast-parser.mjs","code","1","ArrowFunctionExpression","fileHash","25","25","false","false"
"fd5866d2580127142e46b58848da2471488f70c0","src/code/intelligence/ast-parser.mjs","code","2","ArrowFunctionExpression","symbolId","27","27","false","false"
"fd5866d2580127142e46b58848da2471488f70c0","src/code/intelligence/ast-parser.mjs","code","3","ArrowFunctionExpression","<callback:map>","30","41","false","false"
"fd5866d2580127142e46b58848da2471488f70c0","src/code/intelligence/ast-parser.mjs","code","4","FunctionDeclaration","functionParams","29","42","false","false"
"fd5866d2580127142e46b58848da2471488f70c0","src/code/intelligence/ast-parser.mjs","code","5","FunctionDeclaration","tryParse","45","55","false","false"
"fd5866d2580127142e46b58848da2471488f70c0","src/code/intelligence/ast-parser.mjs","code","6","FunctionDeclaration","validate","57","60","false","false"
"fd5866d2580127142e46b58848da2471488f70c0","src/code/intelligence/ast-parser.mjs","code","7","ArrowFunctionExpression","<callback:map>","78","78","false","false"
"fd5866d2580127142e46b58848da2471488f70c0","src/code/intelligence/ast-parser.mjs","code","8","FunctionExpression","ImportExpression","107","109","false","false"
"fd5866d2580127142e46b58848da2471488f70c0","src/code/intelligence/ast-parser.mjs","code","9","FunctionExpression","CallExpression","110","115","false","false"
"fd5866d2580127142e46b58848da2471488f70c0","src/code/intelligence/ast-parser.mjs","code","10","ArrowFunctionExpression","pushSymbol","118","130","false","false"
"fd5866d2580127142e46b58848da2471488f70c0","src/code/intelligence/ast-parser.mjs","code","11","FunctionExpression","FunctionDeclaration","133","135","false","false"
"fd5866d2580127142e46b58848da2471488f70c0","src/code/intelligence/ast-parser.mjs","code","12","FunctionExpression","ClassDeclaration","136","138","false","false"
"fd5866d2580127142e46b58848da2471488f70c0","src/code/intelligence/ast-parser.mjs","code","13","ArrowFunctionExpression","<callback:find>","140","140","false","false"
"fd5866d2580127142e46b58848da2471488f70c0","src/code/intelligence/ast-parser.mjs","code","14","FunctionExpression","MethodDefinition","139","143","false","false"
"fd5866d2580127142e46b58848da2471488f70c0","src/code/intelligence/ast-parser.mjs","code","15","ArrowFunctionExpression","<callback:find>","146","146","false","false"
"fd5866d2580127142e46b58848da2471488f70c0","src/code/intelligence/ast-parser.mjs","code","16","ArrowFunctionExpression","<callback:filter>","147","147","false","false"
"fd5866d2580127142e46b58848da2471488f70c0","src/code/intelligence/ast-parser.mjs","code","17","FunctionExpression","VariableDeclarator","144","156","false","false"
"fd5866d2580127142e46b58848da2471488f70c0","src/code/intelligence/ast-parser.mjs","code","18","ArrowFunctionExpression","<callback:find>","170","176","false","false"
"fd5866d2580127142e46b58848da2471488f70c0","src/code/intelligence/ast-parser.mjs","code","19","FunctionExpression","CallExpression","162","181","false","false"
"fd5866d2580127142e46b58848da2471488f70c0","src/code/intelligence/ast-parser.mjs","code","20","ArrowFunctionExpression","<callback:map>","189","189","false","false"
"fd5866d2580127142e46b58848da2471488f70c0","src/code/intelligence/ast-parser.mjs","code","21","ArrowFunctionExpression","<callback:map>","190","190","false","false"
"fd5866d2580127142e46b58848da2471488f70c0","src/code/intelligence/ast-parser.mjs","code","22","FunctionDeclaration","parseFile","62","193","false","false"
"fd5866d2580127142e46b58848da2471488f70c0","src/code/intelligence/ast-parser.mjs","code","23","FunctionDeclaration","createAstParser","44","196","false","false"
"fd5866d2580127142e46b58848da2471488f70c0","src/code/intelligence/call-graph.mjs","code","1","ArrowFunctionExpression","bucket","11","14","false","false"
"fd5866d2580127142e46b58848da2471488f70c0","src/code/intelligence/call-graph.mjs","code","2","FunctionDeclaration","traverse","16","34","false","false"
"fd5866d2580127142e46b58848da2471488f70c0","src/code/intelligence/call-graph.mjs","code","3","FunctionExpression","addEdge","37","44","false","false"
"fd5866d2580127142e46b58848da2471488f70c0","src/code/intelligence/call-graph.mjs","code","4","ArrowFunctionExpression","callers","46","46","false","false"
"fd5866d2580127142e46b58848da2471488f70c0","src/code/intelligence/call-graph.mjs","code","5","ArrowFunctionExpression","callees","47","47","false","false"
"fd5866d2580127142e46b58848da2471488f70c0","src/code/intelligence/call-graph.mjs","code","6","FunctionExpression","shortestPath","49","71","false","false"
"fd5866d2580127142e46b58848da2471488f70c0","src/code/intelligence/call-graph.mjs","code","7","FunctionDeclaration","visit","79","98","false","false"
"fd5866d2580127142e46b58848da2471488f70c0","src/code/intelligence/call-graph.mjs","code","8","FunctionExpression","findCycles","73","104","false","false"
"fd5866d2580127142e46b58848da2471488f70c0","src/code/intelligence/call-graph.mjs","code","9","FunctionExpression","toDot","106","114","false","false"
"fd5866d2580127142e46b58848da2471488f70c0","src/code/intelligence/call-graph.mjs","code","10","ArrowFunctionExpression","stats","116","116","false","false"
"fd5866d2580127142e46b58848da2471488f70c0","src/code/intelligence/call-graph.mjs","code","11","FunctionDeclaration","createCallGraph","6","118","false","false"
"fd5866d2580127142e46b58848da2471488f70c0","src/code/intelligence/change-impact-analyzer.mjs","code","1","ArrowFunctionExpression","<callback:filter>","23","23","false","false"
"fd5866d2580127142e46b58848da2471488f70c0","src/code/intelligence/change-impact-analyzer.mjs","code","2","ArrowFunctionExpression","<callback:map>","31","31","false","false"
"fd5866d2580127142e46b58848da2471488f70c0","src/code/intelligence/change-impact-analyzer.mjs","code","3","ArrowFunctionExpression","<callback:filter>","35","35","false","false"
"fd5866d2580127142e46b58848da2471488f70c0","src/code/intelligence/change-impact-analyzer.mjs","code","4","FunctionExpression","analyze","12","52","false","false"
"fd5866d2580127142e46b58848da2471488f70c0","src/code/intelligence/change-impact-analyzer.mjs","code","5","FunctionDeclaration","createChangeImpactAnalyzer","6","54","false","false"
"fd5866d2580127142e46b58848da2471488f70c0","src/code/intelligence/code-semantic-search.mjs","code","1","ArrowFunctionExpression","<anonymous>","11","11","false","false"
"fd5866d2580127142e46b58848da2471488f70c0","src/code/intelligence/code-semantic-search.mjs","code","2","ArrowFunctionExpression","<callback:sort>","36","36","false","false"
"fd5866d2580127142e46b58848da2471488f70c0","src/code/intelligence/code-semantic-search.mjs","code","3","FunctionDeclaration","lexicalSearch","15","38","false","false"
"fd5866d2580127142e46b58848da2471488f70c0","src/code/intelligence/code-semantic-search.mjs","code","4","ArrowFunctionExpression","<callback:map>","49","54","false","false"
"fd5866d2580127142e46b58848da2471488f70c0","src/code/intelligence/code-semantic-search.mjs","code","5","ArrowFunctionExpression","<callback:map>","61","61","false","false"
"fd5866d2580127142e46b58848da2471488f70c0","src/code/intelligence/code-semantic-search.mjs","code","6","FunctionExpression","search","41","62","true","false"
"fd5866d2580127142e46b58848da2471488f70c0","src/code/intelligence/code-semantic-search.mjs","code","7","ArrowFunctionExpression","<callback:filter>","67","70","false","false"
"fd5866d2580127142e46b58848da2471488f70c0","src/code/intelligence/code-semantic-search.mjs","code","8","FunctionExpression","findSymbol","64","71","false","false"
"fd5866d2580127142e46b58848da2471488f70c0","src/code/intelligence/code-semantic-search.mjs","code","9","ArrowFunctionExpression","<callback:forEach>","86","97","false","false"
"fd5866d2580127142e46b58848da2471488f70c0","src/code/intelligence/code-semantic-search.mjs","code","10","FunctionExpression","findPattern","73","100","false","false"
"fd5866d2580127142e46b58848da2471488f70c0","src/code/intelligence/code-semantic-search.mjs","code","11","FunctionExpression","findAllCalls","102","112","false","false"
"fd5866d2580127142e46b58848da2471488f70c0","src/code/intelligence/code-semantic-search.mjs","code","12","ArrowFunctionExpression","<callback:filter>","116","116","false","false"
"fd5866d2580127142e46b58848da2471488f70c0","src/code/intelligence/code-semantic-search.mjs","code","13","ArrowFunctionExpression","<callback:filter>","128","132","false","false"
"fd5866d2580127142e46b58848da2471488f70c0","src/code/intelligence/code-semantic-search.mjs","code","14","FunctionExpression","findUntestedFiles","114","133","false","false"
"fd5866d2580127142e46b58848da2471488f70c0","src/code/intelligence/code-semantic-search.mjs","code","15","FunctionExpression","findDeadCode","135","155","false","false"
"fd5866d2580127142e46b58848da2471488f70c0","src/code/intelligence/code-semantic-search.mjs","code","16","FunctionDeclaration","createCodeSemanticSearch","7","157","false","false"
"fd5866d2580127142e46b58848da2471488f70c0","src/code/intelligence/codebase-indexer.mjs","code","1","ArrowFunctionExpression","toPosix","9","9","false","false"
"fd5866d2580127142e46b58848da2471488f70c0","src/code/intelligence/codebase-indexer.mjs","code","2","FunctionDeclaration","resolveImport","11","21","false","false"
"fd5866d2580127142e46b58848da2471488f70c0","src/code/intelligence/codebase-indexer.mjs","code","3","ArrowFunctionExpression","isIgnored","36","38","false","false"
"fd5866d2580127142e46b58848da2471488f70c0","src/code/intelligence/codebase-indexer.mjs","code","4","ArrowFunctionExpression","absolute","53","53","false","false"
"fd5866d2580127142e46b58848da2471488f70c0","src/code/intelligence/codebase-indexer.mjs","code","5","ArrowFunctionExpression","<callback:some>","72","72","false","false"
"fd5866d2580127142e46b58848da2471488f70c0","src/code/intelligence/codebase-indexer.mjs","code","6","FunctionDeclaration","walk","57","77","true","false"
"fd5866d2580127142e46b58848da2471488f70c0","src/code/intelligence/codebase-indexer.mjs","code","7","FunctionDeclaration","listSourceFiles","55","80","true","false"
"fd5866d2580127142e46b58848da2471488f70c0","src/code/intelligence/codebase-indexer.mjs","code","8","ArrowFunctionExpression","<callback:map>","102","102","false","false"
"fd5866d2580127142e46b58848da2471488f70c0","src/code/intelligence/codebase-indexer.mjs","code","9","ArrowFunctionExpression","<callback:find>","108","108","false","false"
"fd5866d2580127142e46b58848da2471488f70c0","src/code/intelligence/codebase-indexer.mjs","code","10","ArrowFunctionExpression","<callback:find>","110","110","false","false"
"fd5866d2580127142e46b58848da2471488f70c0","src/code/intelligence/codebase-indexer.mjs","code","11","ArrowFunctionExpression","<callback:find>","112","112","false","false"
"fd5866d2580127142e46b58848da2471488f70c0","src/code/intelligence/codebase-indexer.mjs","code","12","FunctionDeclaration","indexOneFile","82","135","true","false"
"fd5866d2580127142e46b58848da2471488f70c0","src/code/intelligence/codebase-indexer.mjs","code","13","FunctionDeclaration","runIndex","137","151","true","false"
"fd5866d2580127142e46b58848da2471488f70c0","src/code/intelligence/codebase-indexer.mjs","code","14","FunctionExpression","fullIndex","154","158","true","false"
"fd5866d2580127142e46b58848da2471488f70c0","src/code/intelligence/codebase-indexer.mjs","code","15","FunctionExpression","incrementalIndex","160","163","true","false"
"fd5866d2580127142e46b58848da2471488f70c0","src/code/intelligence/codebase-indexer.mjs","code","16","ArrowFunctionExpression","searchSymbol","165","165","false","false"
"fd5866d2580127142e46b58848da2471488f70c0","src/code/intelligence/codebase-indexer.mjs","code","17","ArrowFunctionExpression","<callback:map>","169","169","false","false"
"fd5866d2580127142e46b58848da2471488f70c0","src/code/intelligence/codebase-indexer.mjs","code","18","ArrowFunctionExpression","<callback:map>","169","172","false","false"
"fd5866d2580127142e46b58848da2471488f70c0","src/code/intelligence/codebase-indexer.mjs","code","19","FunctionExpression","findUsages","167","173","false","false"
"fd5866d2580127142e46b58848da2471488f70c0","src/code/intelligence/codebase-indexer.mjs","code","20","FunctionExpression","getDependencies","175","182","false","false"
"fd5866d2580127142e46b58848da2471488f70c0","src/code/intelligence/codebase-indexer.mjs","code","21","ArrowFunctionExpression","<callback:filter>","190","190","false","false"
"fd5866d2580127142e46b58848da2471488f70c0","src/code/intelligence/codebase-indexer.mjs","code","22","FunctionExpression","impactAnalysis","184","193","false","false"
"fd5866d2580127142e46b58848da2471488f70c0","src/code/intelligence/codebase-indexer.mjs","code","23","ArrowFunctionExpression","fileContent","195","195","false","false"
"fd5866d2580127142e46b58848da2471488f70c0","src/code/intelligence/codebase-indexer.mjs","code","24","ArrowFunctionExpression","indexedFiles","196","196","false","false"
"fd5866d2580127142e46b58848da2471488f70c0","src/code/intelligence/codebase-indexer.mjs","code","25","FunctionExpression","status","198","205","false","false"
"fd5866d2580127142e46b58848da2471488f70c0","src/code/intelligence/codebase-indexer.mjs","code","26","FunctionDeclaration","createCodebaseIndexer","23","207","false","false"
"fd5866d2580127142e46b58848da2471488f70c0","src/code/intelligence/dependency-graph.mjs","code","1","ArrowFunctionExpression","bucket","8","11","false","false"
"fd5866d2580127142e46b58848da2471488f70c0","src/code/intelligence/dependency-graph.mjs","code","2","ArrowFunctionExpression","closure","13","23","false","false"
"fd5866d2580127142e46b58848da2471488f70c0","src/code/intelligence/dependency-graph.mjs","code","3","ArrowFunctionExpression","<callback:filter>","30","30","false","false"
"fd5866d2580127142e46b58848da2471488f70c0","src/code/intelligence/dependency-graph.mjs","code","4","FunctionExpression","setFile","26","33","false","false"
"fd5866d2580127142e46b58848da2471488f70c0","src/code/intelligence/dependency-graph.mjs","code","5","FunctionExpression","removeFile","35","40","false","false"
"fd5866d2580127142e46b58848da2471488f70c0","src/code/intelligence/dependency-graph.mjs","code","6","ArrowFunctionExpression","directDependencies","42","42","false","false"
"fd5866d2580127142e46b58848da2471488f70c0","src/code/intelligence/dependency-graph.mjs","code","7","ArrowFunctionExpression","transitiveDependencies","43","43","false","false"
"fd5866d2580127142e46b58848da2471488f70c0","src/code/intelligence/dependency-graph.mjs","code","8","ArrowFunctionExpression","dependents","44","44","false","false"
"fd5866d2580127142e46b58848da2471488f70c0","src/code/intelligence/dependency-graph.mjs","code","9","FunctionExpression","affectedBy","46","54","false","false"
"fd5866d2580127142e46b58848da2471488f70c0","src/code/intelligence/dependency-graph.mjs","code","10","ArrowFunctionExpression","<callback:filter>","62","62","false","false"
"fd5866d2580127142e46b58848da2471488f70c0","src/code/intelligence/dependency-graph.mjs","code","11","ArrowFunctionExpression","<callback:filter>","64","64","false","false"
"fd5866d2580127142e46b58848da2471488f70c0","src/code/intelligence/dependency-graph.mjs","code","12","FunctionExpression","topologicalSort","56","79","false","false"
"fd5866d2580127142e46b58848da2471488f70c0","src/code/intelligence/dependency-graph.mjs","code","13","FunctionDeclaration","visit","87","105","false","false"
"fd5866d2580127142e46b58848da2471488f70c0","src/code/intelligence/dependency-graph.mjs","code","14","FunctionExpression","findCircularImports","81","111","false","false"
"fd5866d2580127142e46b58848da2471488f70c0","src/code/intelligence/dependency-graph.mjs","code","15","ArrowFunctionExpression","<callback:reduce>","115","115","false","false"
"fd5866d2580127142e46b58848da2471488f70c0","src/code/intelligence/dependency-graph.mjs","code","16","ArrowFunctionExpression","stats","113","116","false","false"
"fd5866d2580127142e46b58848da2471488f70c0","src/code/intelligence/dependency-graph.mjs","code","17","FunctionDeclaration","createDependencyGraph","4","118","false","false"
"fd5866d2580127142e46b58848da2471488f70c0","src/code/intelligence/gitignore-matcher.mjs","code","1","ArrowFunctionExpression","escapeSegment","10","10","false","false"
"fd5866d2580127142e46b58848da2471488f70c0","src/code/intelligence/gitignore-matcher.mjs","code","2","FunctionDeclaration","compilePattern","12","41","false","false"
"fd5866d2580127142e46b58848da2471488f70c0","src/code/intelligence/gitignore-matcher.mjs","code","3","FunctionExpression","ignores","66","80","false","false"
"fd5866d2580127142e46b58848da2471488f70c0","src/code/intelligence/gitignore-matcher.mjs","code","4","FunctionDeclaration","createGitignoreMatcher","47","82","false","false"
"fd5866d2580127142e46b58848da2471488f70c0","src/code/intelligence/project-context-loader.mjs","code","1","ArrowFunctionExpression","test","10","10","false","false"
"fd5866d2580127142e46b58848da2471488f70c0","src/code/intelligence/project-context-loader.mjs","code","2","ArrowFunctionExpression","test","11","11","false","false"
"fd5866d2580127142e46b58848da2471488f70c0","src/code/intelligence/project-context-loader.mjs","code","3","ArrowFunctionExpression","test","12","12","false","false"
"fd5866d2580127142e46b58848da2471488f70c0","src/code/intelligence/project-context-loader.mjs","code","4","ArrowFunctionExpression","test","13","13","false","false"
"fd5866d2580127142e46b58848da2471488f70c0","src/code/intelligence/project-context-loader.mjs","code","5","ArrowFunctionExpression","test","14","14","false","false"
"fd5866d2580127142e46b58848da2471488f70c0","src/code/intelligence/project-context-loader.mjs","code","6","ArrowFunctionExpression","test","15","15","false","false"
"fd5866d2580127142e46b58848da2471488f70c0","src/code/intelligence/project-context-loader.mjs","code","7","ArrowFunctionExpression","test","16","16","false","false"
"fd5866d2580127142e46b58848da2471488f70c0","src/code/intelligence/project-context-loader.mjs","code","8","ArrowFunctionExpression","<callback:some>","17","17","false","false"
"fd5866d2580127142e46b58848da2471488f70c0","src/code/intelligence/project-context-loader.mjs","code","9","ArrowFunctionExpression","test","17","17","false","false"
"fd5866d2580127142e46b58848da2471488f70c0","src/code/intelligence/project-context-loader.mjs","code","10","ArrowFunctionExpression","test","18","18","false","false"
"fd5866d2580127142e46b58848da2471488f70c0","src/code/intelligence/project-context-loader.mjs","code","11","ArrowFunctionExpression","test","19","19","false","false"
"fd5866d2580127142e46b58848da2471488f70c0","src/code/intelligence/project-context-loader.mjs","code","12","ArrowFunctionExpression","test","20","20","false","false"
"fd5866d2580127142e46b58848da2471488f70c0","src/code/intelligence/project-context-loader.mjs","code","13","ArrowFunctionExpression","test","21","21","false","false"
"fd5866d2580127142e46b58848da2471488f70c0","src/code/intelligence/project-context-loader.mjs","code","14","ArrowFunctionExpression","joinPath","24","24","false","false"
"fd5866d2580127142e46b58848da2471488f70c0","src/code/intelligence/project-context-loader.mjs","code","15","FunctionDeclaration","readIfExists","31","39","true","false"
"fd5866d2580127142e46b58848da2471488f70c0","src/code/intelligence/project-context-loader.mjs","code","16","FunctionDeclaration","readJsonIfExists","41","49","true","false"
"fd5866d2580127142e46b58848da2471488f70c0","src/code/intelligence/project-context-loader.mjs","code","17","FunctionDeclaration","firstExisting","51","57","true","false"
"fd5866d2580127142e46b58848da2471488f70c0","src/code/intelligence/project-context-loader.mjs","code","18","FunctionDeclaration","walk","61","78","true","false"
"fd5866d2580127142e46b58848da2471488f70c0","src/code/intelligence/project-context-loader.mjs","code","19","FunctionDeclaration","listProjectTree","59","81","true","false"
"fd5866d2580127142e46b58848da2471488f70c0","src/code/intelligence/project-context-loader.mjs","code","20","ArrowFunctionExpression","<callback:filter>","90","90","false","false"
"fd5866d2580127142e46b58848da2471488f70c0","src/code/intelligence/project-context-loader.mjs","code","21","ArrowFunctionExpression","<callback:filter>","97","103","false","false"
"fd5866d2580127142e46b58848da2471488f70c0","src/code/intelligence/project-context-loader.mjs","code","22","ArrowFunctionExpression","<callback:map>","104","104","false","false"
"fd5866d2580127142e46b58848da2471488f70c0","src/code/intelligence/project-context-loader.mjs","code","23","FunctionExpression","load","84","132","true","false"
"fd5866d2580127142e46b58848da2471488f70c0","src/code/intelligence/project-context-loader.mjs","code","24","FunctionDeclaration","createProjectContextLoader","26","134","false","false"
"fd5866d2580127142e46b58848da2471488f70c0","src/code/intelligence/symbol-index.mjs","code","1","FunctionDeclaration","removeFile","8","14","false","false"
"fd5866d2580127142e46b58848da2471488f70c0","src/code/intelligence/symbol-index.mjs","code","2","FunctionDeclaration","addFile","16","30","false","false"
"fd5866d2580127142e46b58848da2471488f70c0","src/code/intelligence/symbol-index.mjs","code","3","ArrowFunctionExpression","get","35","35","false","false"
"fd5866d2580127142e46b58848da2471488f70c0","src/code/intelligence/symbol-index.mjs","code","4","ArrowFunctionExpression","byFile","36","36","false","false"
"fd5866d2580127142e46b58848da2471488f70c0","src/code/intelligence/symbol-index.mjs","code","5","ArrowFunctionExpression","files","37","37","false","false"
"fd5866d2580127142e46b58848da2471488f70c0","src/code/intelligence/symbol-index.mjs","code","6","FunctionExpression","byName","38","47","false","false"
"fd5866d2580127142e46b58848da2471488f70c0","src/code/intelligence/symbol-index.mjs","code","7","ArrowFunctionExpression","<callback:filter>","49","49","false","false"
"fd5866d2580127142e46b58848da2471488f70c0","src/code/intelligence/symbol-index.mjs","code","8","FunctionExpression","byKind","48","50","false","false"
"fd5866d2580127142e46b58848da2471488f70c0","src/code/intelligence/symbol-index.mjs","code","9","FunctionExpression","exportsOf","51","53","false","false"
"fd5866d2580127142e46b58848da2471488f70c0","src/code/intelligence/symbol-index.mjs","code","10","FunctionExpression","importsOf","54","56","false","false"
"fd5866d2580127142e46b58848da2471488f70c0","src/code/intelligence/symbol-index.mjs","code","11","FunctionExpression","callsOf","57","59","false","false"
"fd5866d2580127142e46b58848da2471488f70c0","src/code/intelligence/symbol-index.mjs","code","12","ArrowFunctionExpression","hashOf","60","60","false","false"
"fd5866d2580127142e46b58848da2471488f70c0","src/code/intelligence/symbol-index.mjs","code","13","FunctionExpression","stats","61","66","false","false"
"fd5866d2580127142e46b58848da2471488f70c0","src/code/intelligence/symbol-index.mjs","code","14","FunctionDeclaration","createSymbolIndex","4","68","false","false"
"fd5866d2580127142e46b58848da2471488f70c0","src/code/planning/code-plan-evaluator.mjs","code","1","FunctionDeclaration","evaluateStep","9","64","true","false"
"fd5866d2580127142e46b58848da2471488f70c0","src/code/planning/code-plan-evaluator.mjs","code","2","ArrowFunctionExpression","<callback:every>","79","79","false","false"
"fd5866d2580127142e46b58848da2471488f70c0","src/code/planning/code-plan-evaluator.mjs","code","3","FunctionExpression","evaluatePlan","69","81","true","false"
"fd5866d2580127142e46b58848da2471488f70c0","src/code/planning/code-plan-evaluator.mjs","code","4","FunctionDeclaration","createCodePlanEvaluator","8","83","false","false"
"fd5866d2580127142e46b58848da2471488f70c0","src/code/planning/code-plan-store.mjs","code","1","ArrowFunctionExpression","pathFor","12","12","false","false"
"fd5866d2580127142e46b58848da2471488f70c0","src/code/planning/code-plan-store.mjs","code","2","ArrowFunctionExpression","archivePathFor","13","13","false","false"
"fd5866d2580127142e46b58848da2471488f70c0","src/code/planning/code-plan-store.mjs","code","3","ArrowFunctionExpression","<callback:catch>","16","16","false","false"
"fd5866d2580127142e46b58848da2471488f70c0","src/code/planning/code-plan-store.mjs","code","4","ArrowFunctionExpression","ensureDirectory","15","18","false","false"
"fd5866d2580127142e46b58848da2471488f70c0","src/code/planning/code-plan-store.mjs","code","5","ArrowFunctionExpression","<callback:then>","21","21","false","false"
"fd5866d2580127142e46b58848da2471488f70c0","src/code/planning/code-plan-store.mjs","code","6","ArrowFunctionExpression","<callback:catch>","22","22","false","false"
"fd5866d2580127142e46b58848da2471488f70c0","src/code/planning/code-plan-store.mjs","code","7","ArrowFunctionExpression","enqueue","20","24","false","false"
"fd5866d2580127142e46b58848da2471488f70c0","src/code/planning/code-plan-store.mjs","code","8","ArrowFunctionExpression","validId","26","29","false","false"
"fd5866d2580127142e46b58848da2471488f70c0","src/code/planning/code-plan-store.mjs","code","9","FunctionDeclaration","get","31","38","true","false"
"fd5866d2580127142e46b58848da2471488f70c0","src/code/planning/code-plan-store.mjs","code","10","ArrowFunctionExpression","<callback:enqueue>","44","44","false","false"
"fd5866d2580127142e46b58848da2471488f70c0","src/code/planning/code-plan-store.mjs","code","11","FunctionExpression","save","41","46","true","false"
"fd5866d2580127142e46b58848da2471488f70c0","src/code/planning/code-plan-store.mjs","code","12","ArrowFunctionExpression","<callback:sort>","64","64","false","false"
"fd5866d2580127142e46b58848da2471488f70c0","src/code/planning/code-plan-store.mjs","code","13","FunctionExpression","list","50","68","true","false"
"fd5866d2580127142e46b58848da2471488f70c0","src/code/planning/code-plan-store.mjs","code","14","ArrowFunctionExpression","<callback:catch>","73","73","false","false"
"fd5866d2580127142e46b58848da2471488f70c0","src/code/planning/code-plan-store.mjs","code","15","ArrowFunctionExpression","<callback:enqueue>","72","78","true","false"
"fd5866d2580127142e46b58848da2471488f70c0","src/code/planning/code-plan-store.mjs","code","16","FunctionExpression","archive","70","79","false","false"
"fd5866d2580127142e46b58848da2471488f70c0","src/code/planning/code-plan-store.mjs","code","17","FunctionDeclaration","createCodePlanStore","4","81","false","false"
"fd5866d2580127142e46b58848da2471488f70c0","src/code/planning/code-plan.mjs","code","1","ArrowFunctionExpression","<callback:map>","10","10","false","false"
"fd5866d2580127142e46b58848da2471488f70c0","src/code/planning/code-plan.mjs","code","2","ArrowFunctionExpression","freezePlan","8","11","false","false"
"fd5866d2580127142e46b58848da2471488f70c0","src/code/planning/code-plan.mjs","code","3","ArrowFunctionExpression","<anonymous>","13","13","false","false"
"fd5866d2580127142e46b58848da2471488f70c0","src/code/planning/code-plan.mjs","code","4","ArrowFunctionExpression","<callback:map>","18","32","false","false"
"fd5866d2580127142e46b58848da2471488f70c0","src/code/planning/code-plan.mjs","code","5","ArrowFunctionExpression","<callback:map>","33","33","false","false"
"fd5866d2580127142e46b58848da2471488f70c0","src/code/planning/code-plan.mjs","code","6","FunctionDeclaration","createCodePlan","13","49","false","false"
"fd5866d2580127142e46b58848da2471488f70c0","src/code/planning/code-plan.mjs","code","7","ArrowFunctionExpression","withUpdate","51","51","false","false"
"fd5866d2580127142e46b58848da2471488f70c0","src/code/planning/code-plan.mjs","code","8","ArrowFunctionExpression","<anonymous>","53","53","false","false"
"fd5866d2580127142e46b58848da2471488f70c0","src/code/planning/code-plan.mjs","code","9","FunctionDeclaration","approvePlan","53","56","false","false"
"fd5866d2580127142e46b58848da2471488f70c0","src/code/planning/code-plan.mjs","code","10","ArrowFunctionExpression","<callback:findIndex>","59","59","false","false"
"fd5866d2580127142e46b58848da2471488f70c0","src/code/planning/code-plan.mjs","code","11","ArrowFunctionExpression","<callback:map>","61","61","false","false"
"fd5866d2580127142e46b58848da2471488f70c0","src/code/planning/code-plan.mjs","code","12","FunctionDeclaration","updateStep","58","63","false","false"
"fd5866d2580127142e46b58848da2471488f70c0","src/code/planning/code-plan.mjs","code","13","ArrowFunctionExpression","<anonymous>","65","65","false","false"
"fd5866d2580127142e46b58848da2471488f70c0","src/code/planning/code-plan.mjs","code","14","ArrowFunctionExpression","<callback:find>","69","69","false","false"
"fd5866d2580127142e46b58848da2471488f70c0","src/code/planning/code-plan.mjs","code","15","ArrowFunctionExpression","<callback:find>","73","73","false","false"
"fd5866d2580127142e46b58848da2471488f70c0","src/code/planning/code-plan.mjs","code","16","ArrowFunctionExpression","<callback:updateStep>","78","78","false","false"
"fd5866d2580127142e46b58848da2471488f70c0","src/code/planning/code-plan.mjs","code","17","FunctionDeclaration","startStep","65","80","false","false"
"fd5866d2580127142e46b58848da2471488f70c0","src/code/planning/code-plan.mjs","code","18","ArrowFunctionExpression","<callback:find>","83","83","false","false"
"fd5866d2580127142e46b58848da2471488f70c0","src/code/planning/code-plan.mjs","code","19","ArrowFunctionExpression","<callback:updateStep>","88","88","false","false"
"fd5866d2580127142e46b58848da2471488f70c0","src/code/planning/code-plan.mjs","code","20","ArrowFunctionExpression","<callback:every>","89","89","false","false"
"fd5866d2580127142e46b58848da2471488f70c0","src/code/planning/code-plan.mjs","code","21","FunctionDeclaration","finishStep","82","94","false","false"
"fd5866d2580127142e46b58848da2471488f70c0","src/code/planning/code-plan.mjs","code","22","ArrowFunctionExpression","<anonymous>","96","96","false","false"
"fd5866d2580127142e46b58848da2471488f70c0","src/code/planning/code-plan.mjs","code","23","FunctionDeclaration","completeStep","96","98","false","false"
"fd5866d2580127142e46b58848da2471488f70c0","src/code/planning/code-plan.mjs","code","24","ArrowFunctionExpression","<anonymous>","100","100","false","false"
"fd5866d2580127142e46b58848da2471488f70c0","src/code/planning/code-plan.mjs","code","25","FunctionDeclaration","failStep","100","102","false","false"
"fd5866d2580127142e46b58848da2471488f70c0","src/code/planning/code-plan.mjs","code","26","ArrowFunctionExpression","<anonymous>","104","104","false","false"
"fd5866d2580127142e46b58848da2471488f70c0","src/code/planning/code-plan.mjs","code","27","FunctionDeclaration","skipStep","104","106","false","false"
"fd5866d2580127142e46b58848da2471488f70c0","src/code/planning/code-plan.mjs","code","28","ArrowFunctionExpression","<anonymous>","108","108","false","false"
"fd5866d2580127142e46b58848da2471488f70c0","src/code/planning/code-plan.mjs","code","29","FunctionDeclaration","abortPlan","108","113","false","false"
"fd5866d2580127142e46b58848da2471488f70c0","src/code/planning/code-plan.mjs","code","30","ArrowFunctionExpression","<callback:filter>","116","116","false","false"
"fd5866d2580127142e46b58848da2471488f70c0","src/code/planning/code-plan.mjs","code","31","ArrowFunctionExpression","<callback:filter>","120","120","false","false"
"fd5866d2580127142e46b58848da2471488f70c0","src/code/planning/code-plan.mjs","code","32","ArrowFunctionExpression","<callback:find>","121","121","false","false"
"fd5866d2580127142e46b58848da2471488f70c0","src/code/planning/code-plan.mjs","code","33","FunctionDeclaration","planProgress","115","124","false","false"
"fd5866d2580127142e46b58848da2471488f70c0","src/code/planning/code-plan.mjs","code","34","ArrowFunctionExpression","<callback:find>","129","129","false","false"
"fd5866d2580127142e46b58848da2471488f70c0","src/code/planning/code-plan.mjs","code","35","ArrowFunctionExpression","<callback:every>","129","129","false","false"
"fd5866d2580127142e46b58848da2471488f70c0","src/code/planning/code-plan.mjs","code","36","ArrowFunctionExpression","<callback:find>","127","130","false","false"
"fd5866d2580127142e46b58848da2471488f70c0","src/code/planning/code-plan.mjs","code","37","FunctionDeclaration","nextStep","126","131","false","false"
"fd5866d2580127142e46b58848da2471488f70c0","src/code/planning/code-plan.mjs","code","38","ArrowFunctionExpression","isValidPlanStatus","133","133","false","false"
"fd5866d2580127142e46b58848da2471488f70c0","src/code/planning/code-plan.mjs","code","39","ArrowFunctionExpression","isValidStepStatus","134","134","false","false"
"fd5866d2580127142e46b58848da2471488f70c0","src/code/providers/code-adapter-core.mjs","code","1","FunctionDeclaration","extractMinaPatch","9","16","false","false"
"fd5866d2580127142e46b58848da2471488f70c0","src/code/providers/code-adapter-core.mjs","code","2","FunctionDeclaration","buildCodeMessages","18","39","false","false"
"fd5866d2580127142e46b58848da2471488f70c0","src/code/providers/code-adapter-core.mjs","code","3","FunctionDeclaration","generateCode","46","62","true","false"
"fd5866d2580127142e46b58848da2471488f70c0","src/code/providers/code-adapter-core.mjs","code","4","ArrowFunctionExpression","health","70","70","false","false"
"fd5866d2580127142e46b58848da2471488f70c0","src/code/providers/code-adapter-core.mjs","code","5","FunctionDeclaration","createCodeProviderAdapter","41","74","false","false"
"fd5866d2580127142e46b58848da2471488f70c0","src/code/providers/code-provider-router.mjs","code","1","ArrowFunctionExpression","<callback:find>","29","29","false","false"
"fd5866d2580127142e46b58848da2471488f70c0","src/code/providers/code-provider-router.mjs","code","2","ArrowFunctionExpression","<callback:find>","30","30","false","false"
"fd5866d2580127142e46b58848da2471488f70c0","src/code/providers/code-provider-router.mjs","code","3","FunctionDeclaration","priceFor","26","36","false","false"
"fd5866d2580127142e46b58848da2471488f70c0","src/code/providers/code-provider-router.mjs","code","4","ArrowFunctionExpression","<callback:filter>","40","40","false","false"
"fd5866d2580127142e46b58848da2471488f70c0","src/code/providers/code-provider-router.mjs","code","5","ArrowFunctionExpression","<callback:filter>","41","41","false","false"
"fd5866d2580127142e46b58848da2471488f70c0","src/code/providers/code-provider-router.mjs","code","6","ArrowFunctionExpression","<callback:map>","42","47","false","false"
"fd5866d2580127142e46b58848da2471488f70c0","src/code/providers/code-provider-router.mjs","code","7","FunctionDeclaration","candidates","38","48","false","false"
"fd5866d2580127142e46b58848da2471488f70c0","src/code/providers/code-provider-router.mjs","code","8","ArrowFunctionExpression","<callback:findIndex>","51","51","false","false"
"fd5866d2580127142e46b58848da2471488f70c0","src/code/providers/code-provider-router.mjs","code","9","ArrowFunctionExpression","qualityRank","50","53","false","false"
"fd5866d2580127142e46b58848da2471488f70c0","src/code/providers/code-provider-router.mjs","code","10","ArrowFunctionExpression","<callback:sort>","55","59","false","false"
"fd5866d2580127142e46b58848da2471488f70c0","src/code/providers/code-provider-router.mjs","code","11","ArrowFunctionExpression","cheapest","55","59","false","false"
"fd5866d2580127142e46b58848da2471488f70c0","src/code/providers/code-provider-router.mjs","code","12","ArrowFunctionExpression","<callback:filter>","63","63","false","false"
"fd5866d2580127142e46b58848da2471488f70c0","src/code/providers/code-provider-router.mjs","code","13","ArrowFunctionExpression","<callback:filter>","64","64","false","false"
"fd5866d2580127142e46b58848da2471488f70c0","src/code/providers/code-provider-router.mjs","code","14","ArrowFunctionExpression","<callback:sort>","74","74","false","false"
"fd5866d2580127142e46b58848da2471488f70c0","src/code/providers/code-provider-router.mjs","code","15","FunctionDeclaration","pick","61","81","false","false"
"fd5866d2580127142e46b58848da2471488f70c0","src/code/providers/code-provider-router.mjs","code","16","ArrowFunctionExpression","getMode","84","84","false","false"
"fd5866d2580127142e46b58848da2471488f70c0","src/code/providers/code-provider-router.mjs","code","17","FunctionExpression","setMode","86","90","false","false"
"fd5866d2580127142e46b58848da2471488f70c0","src/code/providers/code-provider-router.mjs","code","18","ArrowFunctionExpression","<callback:filter>","105","105","false","false"
"fd5866d2580127142e46b58848da2471488f70c0","src/code/providers/code-provider-router.mjs","code","19","FunctionExpression","route","94","129","false","false"
"fd5866d2580127142e46b58848da2471488f70c0","src/code/providers/code-provider-router.mjs","code","20","FunctionDeclaration","createCodeProviderRouter","15","131","false","false"
"fd5866d2580127142e46b58848da2471488f70c0","src/code/providers/deepseek-coder.mjs","code","1","FunctionDeclaration","createDeepSeekCoder","6","13","false","false"
"fd5866d2580127142e46b58848da2471488f70c0","src/code/providers/gemini-code.mjs","code","1","FunctionDeclaration","createGeminiCode","5","12","false","false"
"fd5866d2580127142e46b58848da2471488f70c0","src/code/providers/lmstudio-code.mjs","code","1","FunctionDeclaration","createLmStudioCode","6","15","false","false"
"fd5866d2580127142e46b58848da2471488f70c0","src/code/providers/openrouter-code.mjs","code","1","FunctionDeclaration","createOpenRouterCode","6","15","false","false"
"fd5866d2580127142e46b58848da2471488f70c0","src/code/review/code-reviewer.mjs","code","1","ArrowFunctionExpression","isJs","42","42","false","false"
"fd5866d2580127142e46b58848da2471488f70c0","src/code/review/code-reviewer.mjs","code","2","ArrowFunctionExpression","<callback:forEach>","50","67","false","false"
"fd5866d2580127142e46b58848da2471488f70c0","src/code/review/code-reviewer.mjs","code","3","FunctionDeclaration","logicFindings","44","70","false","false"
"fd5866d2580127142e46b58848da2471488f70c0","src/code/review/code-reviewer.mjs","code","4","FunctionDeclaration","toFinding","72","84","false","false"
"fd5866d2580127142e46b58848da2471488f70c0","src/code/review/code-reviewer.mjs","code","5","FunctionDeclaration","review","86","130","true","false"
"fd5866d2580127142e46b58848da2471488f70c0","src/code/review/code-reviewer.mjs","code","6","ArrowFunctionExpression","<callback:filter>","136","136","false","false"
"fd5866d2580127142e46b58848da2471488f70c0","src/code/review/code-reviewer.mjs","code","7","ArrowFunctionExpression","<callback:map>","137","137","false","false"
"fd5866d2580127142e46b58848da2471488f70c0","src/code/review/code-reviewer.mjs","code","8","ArrowFunctionExpression","<callback:forEach>","144","162","false","false"
"fd5866d2580127142e46b58848da2471488f70c0","src/code/review/code-reviewer.mjs","code","9","FunctionDeclaration","quickReview","132","164","true","false"
"fd5866d2580127142e46b58848da2471488f70c0","src/code/review/code-reviewer.mjs","code","10","FunctionDeclaration","createCodeReviewer","36","167","false","false"
"fd5866d2580127142e46b58848da2471488f70c0","src/code/review/security-scanner.mjs","code","1","ArrowFunctionExpression","<callback:forEach>","31","48","false","false"
"fd5866d2580127142e46b58848da2471488f70c0","src/code/review/security-scanner.mjs","code","2","FunctionDeclaration","scanContent","28","50","false","false"
"fd5866d2580127142e46b58848da2471488f70c0","src/code/review/security-scanner.mjs","code","3","ArrowFunctionExpression","scanWith","55","64","false","false"
"fd5866d2580127142e46b58848da2471488f70c0","src/code/review/security-scanner.mjs","code","4","ArrowFunctionExpression","scanSecrets","67","67","false","false"
"fd5866d2580127142e46b58848da2471488f70c0","src/code/review/security-scanner.mjs","code","5","ArrowFunctionExpression","scanPatterns","68","68","false","false"
"fd5866d2580127142e46b58848da2471488f70c0","src/code/review/security-scanner.mjs","code","6","ArrowFunctionExpression","scanAll","69","72","false","false"
"fd5866d2580127142e46b58848da2471488f70c0","src/code/review/security-scanner.mjs","code","7","ArrowFunctionExpression","scanText","74","77","false","false"
"fd5866d2580127142e46b58848da2471488f70c0","src/code/review/security-scanner.mjs","code","8","FunctionDeclaration","createSecurityScanner","52","79","false","false"
"fd5866d2580127142e46b58848da2471488f70c0","src/code/review/style-checker.mjs","code","1","ArrowFunctionExpression","<callback:forEach>","51","67","false","false"
"fd5866d2580127142e46b58848da2471488f70c0","src/code/review/style-checker.mjs","code","2","FunctionExpression","check","44","90","false","false"
"fd5866d2580127142e46b58848da2471488f70c0","src/code/review/style-checker.mjs","code","3","FunctionDeclaration","createStyleChecker","40","92","false","false"
"fd5866d2580127142e46b58848da2471488f70c0","src/code/run-command.mjs","code","1","ArrowFunctionExpression","<callback:some>","17","17","false","false"
"fd5866d2580127142e46b58848da2471488f70c0","src/code/run-command.mjs","code","2","ArrowFunctionExpression","<callback:execFileImpl>","28","36","false","false"
"fd5866d2580127142e46b58848da2471488f70c0","src/code/run-command.mjs","code","3","ArrowFunctionExpression","<anonymous>","21","37","false","false"
"fd5866d2580127142e46b58848da2471488f70c0","src/code/run-command.mjs","code","4","FunctionExpression","run","13","38","false","false"
"fd5866d2580127142e46b58848da2471488f70c0","src/code/run-command.mjs","code","5","FunctionDeclaration","createCommandRunner","11","40","false","false"
"fd5866d2580127142e46b58848da2471488f70c0","src/code/testing/coverage-analyzer.mjs","code","1","FunctionDeclaration","load","10","22","true","false"
"fd5866d2580127142e46b58848da2471488f70c0","src/code/testing/coverage-analyzer.mjs","code","2","ArrowFunctionExpression","pct","24","24","false","false"
"fd5866d2580127142e46b58848da2471488f70c0","src/code/testing/coverage-analyzer.mjs","code","3","ArrowFunctionExpression","<callback:filter>","46","46","false","false"
"fd5866d2580127142e46b58848da2471488f70c0","src/code/testing/coverage-analyzer.mjs","code","4","FunctionDeclaration","report","26","60","true","false"
"fd5866d2580127142e46b58848da2471488f70c0","src/code/testing/coverage-analyzer.mjs","code","5","ArrowFunctionExpression","<callback:filter>","65","65","false","false"
"fd5866d2580127142e46b58848da2471488f70c0","src/code/testing/coverage-analyzer.mjs","code","6","FunctionDeclaration","findUncovered","62","66","true","false"
"fd5866d2580127142e46b58848da2471488f70c0","src/code/testing/coverage-analyzer.mjs","code","7","FunctionDeclaration","createCoverageAnalyzer","4","69","false","false"
"fd5866d2580127142e46b58848da2471488f70c0","src/code/testing/sandbox-test-runner.mjs","code","1","FunctionExpression","availability","18","23","true","false"
"fd5866d2580127142e46b58848da2471488f70c0","src/code/testing/sandbox-test-runner.mjs","code","2","ArrowFunctionExpression","<callback:catch>","70","70","false","false"
"fd5866d2580127142e46b58848da2471488f70c0","src/code/testing/sandbox-test-runner.mjs","code","3","FunctionExpression","run","25","72","true","false"
"fd5866d2580127142e46b58848da2471488f70c0","src/code/testing/sandbox-test-runner.mjs","code","4","FunctionDeclaration","createSandboxTestRunner","11","74","false","false"
"fd5866d2580127142e46b58848da2471488f70c0","src/code/testing/test-generator.mjs","code","1","ArrowFunctionExpression","<anonymous>","11","11","false","false"
"fd5866d2580127142e46b58848da2471488f70c0","src/code/testing/test-generator.mjs","code","2","ArrowFunctionExpression","<callback:find>","15","15","false","false"
"fd5866d2580127142e46b58848da2471488f70c0","src/code/testing/test-generator.mjs","code","3","ArrowFunctionExpression","<callback:find>","16","16","false","false"
"fd5866d2580127142e46b58848da2471488f70c0","src/code/testing/test-generator.mjs","code","4","FunctionDeclaration","detectTestStyle","14","26","false","false"
"fd5866d2580127142e46b58848da2471488f70c0","src/code/testing/test-generator.mjs","code","5","ArrowFunctionExpression","<callback:map>","47","47","false","false"
"fd5866d2580127142e46b58848da2471488f70c0","src/code/testing/test-generator.mjs","code","6","FunctionDeclaration","suggestEdgeCases","28","48","false","false"
"fd5866d2580127142e46b58848da2471488f70c0","src/code/testing/test-generator.mjs","code","7","FunctionDeclaration","importPathFor","50","53","false","false"
"fd5866d2580127142e46b58848da2471488f70c0","src/code/testing/test-generator.mjs","code","8","ArrowFunctionExpression","<callback:map>","62","62","false","false"
"fd5866d2580127142e46b58848da2471488f70c0","src/code/testing/test-generator.mjs","code","9","ArrowFunctionExpression","<callback:flatMap>","74","80","false","false"
"fd5866d2580127142e46b58848da2471488f70c0","src/code/testing/test-generator.mjs","code","10","FunctionDeclaration","generateForSymbol","55","91","false","false"
"fd5866d2580127142e46b58848da2471488f70c0","src/code/testing/test-generator.mjs","code","11","ArrowFunctionExpression","<callback:filter>","97","97","false","false"
"fd5866d2580127142e46b58848da2471488f70c0","src/code/testing/test-generator.mjs","code","12","ArrowFunctionExpression","<callback:map>","98","98","false","false"
"fd5866d2580127142e46b58848da2471488f70c0","src/code/testing/test-generator.mjs","code","13","FunctionDeclaration","generateForFile","93","99","false","false"
"fd5866d2580127142e46b58848da2471488f70c0","src/code/testing/test-generator.mjs","code","14","FunctionDeclaration","createTestGenerator","11","102","false","false"
"fd5866d2580127142e46b58848da2471488f70c0","src/code/testing/test-loop.mjs","code","1","ArrowFunctionExpression","<anonymous>","22","22","false","false"
"fd5866d2580127142e46b58848da2471488f70c0","src/code/testing/test-loop.mjs","code","2","ArrowFunctionExpression","note","26","30","false","false"
"fd5866d2580127142e46b58848da2471488f70c0","src/code/testing/test-loop.mjs","code","3","FunctionExpression","execute","22","103","true","false"
"fd5866d2580127142e46b58848da2471488f70c0","src/code/testing/test-loop.mjs","code","4","FunctionDeclaration","createTestLoop","14","105","false","false"
"fd5866d2580127142e46b58848da2471488f70c0","src/code/testing/test-parser.mjs","code","1","FunctionDeclaration","parseTestOutput","10","73","false","false"
"fd5866d2580127142e46b58848da2471488f70c0","src/code/testing/test-runner.mjs","code","1","ArrowFunctionExpression","test","7","7","false","false"
"fd5866d2580127142e46b58848da2471488f70c0","src/code/testing/test-runner.mjs","code","2","ArrowFunctionExpression","test","8","8","false","false"
"fd5866d2580127142e46b58848da2471488f70c0","src/code/testing/test-runner.mjs","code","3","ArrowFunctionExpression","test","9","9","false","false"
"fd5866d2580127142e46b58848da2471488f70c0","src/code/testing/test-runner.mjs","code","4","ArrowFunctionExpression","<callback:some>","10","10","false","false"
"fd5866d2580127142e46b58848da2471488f70c0","src/code/testing/test-runner.mjs","code","5","ArrowFunctionExpression","test","10","10","false","false"
"fd5866d2580127142e46b58848da2471488f70c0","src/code/testing/test-runner.mjs","code","6","ArrowFunctionExpression","test","11","11","false","false"
"fd5866d2580127142e46b58848da2471488f70c0","src/code/testing/test-runner.mjs","code","7","ArrowFunctionExpression","test","12","12","false","false"
"fd5866d2580127142e46b58848da2471488f70c0","src/code/testing/test-runner.mjs","code","8","ArrowFunctionExpression","pytest","26","26","false","false"
"fd5866d2580127142e46b58848da2471488f70c0","src/code/testing/test-runner.mjs","code","9","ArrowFunctionExpression","go test","27","27","false","false"
"fd5866d2580127142e46b58848da2471488f70c0","src/code/testing/test-runner.mjs","code","10","ArrowFunctionExpression","cargo test","28","28","false","false"
"fd5866d2580127142e46b58848da2471488f70c0","src/code/testing/test-runner.mjs","code","11","FunctionDeclaration","commandFor","44","55","false","false"
"fd5866d2580127142e46b58848da2471488f70c0","src/code/testing/test-runner.mjs","code","12","FunctionDeclaration","detectFramework","57","68","false","false"
"fd5866d2580127142e46b58848da2471488f70c0","src/code/testing/test-runner.mjs","code","13","FunctionDeclaration","execute","70","88","true","false"
"fd5866d2580127142e46b58848da2471488f70c0","src/code/testing/test-runner.mjs","code","14","ArrowFunctionExpression","runAll","93","93","false","false"
"fd5866d2580127142e46b58848da2471488f70c0","src/code/testing/test-runner.mjs","code","15","FunctionExpression","runFile","95","100","false","false"
"fd5866d2580127142e46b58848da2471488f70c0","src/code/testing/test-runner.mjs","code","16","ArrowFunctionExpression","runChanged","102","102","false","false"
"fd5866d2580127142e46b58848da2471488f70c0","src/code/testing/test-runner.mjs","code","17","ArrowFunctionExpression","<callback:on>","116","123","false","false"
"fd5866d2580127142e46b58848da2471488f70c0","src/code/testing/test-runner.mjs","code","18","ArrowFunctionExpression","stop","124","124","false","false"
"fd5866d2580127142e46b58848da2471488f70c0","src/code/testing/test-runner.mjs","code","19","FunctionExpression","watch","105","125","false","false"
"fd5866d2580127142e46b58848da2471488f70c0","src/code/testing/test-runner.mjs","code","20","FunctionExpression","runInSandbox","127","132","true","false"
"fd5866d2580127142e46b58848da2471488f70c0","src/code/testing/test-runner.mjs","code","21","FunctionDeclaration","createTestRunner","31","134","false","false"
"fd5866d2580127142e46b58848da2471488f70c0","src/config.mjs","config.mjs","1","ArrowFunctionExpression","positiveInt","3","9","false","false"
"fd5866d2580127142e46b58848da2471488f70c0","src/config.mjs","config.mjs","2","FunctionDeclaration","loadConfig","11","39","false","false"
"fd5866d2580127142e46b58848da2471488f70c0","src/config.mjs","config.mjs","3","FunctionDeclaration","redactConfig","41","52","false","false"
"fd5866d2580127142e46b58848da2471488f70c0","src/config/config-schema.mjs","config","1","FunctionDeclaration","optionalHour","12","17","false","false"
"fd5866d2580127142e46b58848da2471488f70c0","src/config/config-schema.mjs","config","2","ArrowFunctionExpression","<callback:map>","20","20","false","false"
"fd5866d2580127142e46b58848da2471488f70c0","src/config/config-schema.mjs","config","3","FunctionDeclaration","csvList","19","21","false","false"
"fd5866d2580127142e46b58848da2471488f70c0","src/config/config-schema.mjs","config","4","FunctionDeclaration","booleanValue","23","28","false","false"
"fd5866d2580127142e46b58848da2471488f70c0","src/config/config-schema.mjs","config","5","FunctionDeclaration","configured","30","32","false","false"
"fd5866d2580127142e46b58848da2471488f70c0","src/config/config-schema.mjs","config","6","FunctionDeclaration","positiveInteger","34","38","false","false"
"fd5866d2580127142e46b58848da2471488f70c0","src/config/config-schema.mjs","config","7","FunctionDeclaration","loopbackUrl","40","55","false","false"
"fd5866d2580127142e46b58848da2471488f70c0","src/config/config-schema.mjs","config","8","FunctionDeclaration","deepFreeze","57","61","false","false"
"fd5866d2580127142e46b58848da2471488f70c0","src/config/config-schema.mjs","config","9","FunctionDeclaration","parseConfig","63","158","false","false"
"fd5866d2580127142e46b58848da2471488f70c0","src/config/config-service.mjs","config","1","ArrowFunctionExpression","<callback:map>","22","25","false","false"
"fd5866d2580127142e46b58848da2471488f70c0","src/config/config-service.mjs","config","2","FunctionDeclaration","freezeSnapshot","21","32","false","false"
"fd5866d2580127142e46b58848da2471488f70c0","src/config/config-service.mjs","config","3","ArrowFunctionExpression","<callback:some>","45","45","false","false"
"fd5866d2580127142e46b58848da2471488f70c0","src/config/config-service.mjs","config","4","FunctionDeclaration","hasSecret","38","46","true","false"
"fd5866d2580127142e46b58848da2471488f70c0","src/config/config-service.mjs","config","5","FunctionDeclaration","snapshot","48","53","true","false"
"fd5866d2580127142e46b58848da2471488f70c0","src/config/config-service.mjs","config","6","FunctionDeclaration","validateProvider","55","64","true","false"
"fd5866d2580127142e46b58848da2471488f70c0","src/config/config-service.mjs","config","7","FunctionDeclaration","updateNonSensitive","66","77","true","false"
"fd5866d2580127142e46b58848da2471488f70c0","src/config/config-service.mjs","config","8","FunctionDeclaration","createConfigService","34","80","false","false"
"fd5866d2580127142e46b58848da2471488f70c0","src/config/env-document.mjs","config","1","FunctionDeclaration","decodeValue","4","11","false","false"
"fd5866d2580127142e46b58848da2471488f70c0","src/config/env-document.mjs","config","2","FunctionDeclaration","encodeValue","13","24","false","false"
"fd5866d2580127142e46b58848da2471488f70c0","src/config/env-document.mjs","config","3","FunctionDeclaration","splitDocument","26","32","false","false"
"fd5866d2580127142e46b58848da2471488f70c0","src/config/env-document.mjs","config","4","FunctionDeclaration","parseEnvDocument","34","43","false","false"
"fd5866d2580127142e46b58848da2471488f70c0","src/config/env-document.mjs","config","5","ArrowFunctionExpression","<callback:forEach>","49","52","false","false"
"fd5866d2580127142e46b58848da2471488f70c0","src/config/env-document.mjs","config","6","ArrowFunctionExpression","<callback:some>","66","66","false","false"
"fd5866d2580127142e46b58848da2471488f70c0","src/config/env-document.mjs","config","7","FunctionDeclaration","updateEnvDocument","45","67","false","false"
"fd5866d2580127142e46b58848da2471488f70c0","src/config/env-document.mjs","config","8","FunctionExpression","update","74","79","true","false"
"fd5866d2580127142e46b58848da2471488f70c0","src/config/env-document.mjs","config","9","FunctionDeclaration","createEnvDocumentStore","69","81","false","false"
"fd5866d2580127142e46b58848da2471488f70c0","src/connectors/connector-installer.mjs","connectors","1","ArrowFunctionExpression","now","14","14","false","false"
"fd5866d2580127142e46b58848da2471488f70c0","src/connectors/connector-installer.mjs","connectors","2","FunctionExpression","importPackage","18","43","true","false"
"fd5866d2580127142e46b58848da2471488f70c0","src/connectors/connector-installer.mjs","connectors","3","FunctionExpression","inspect","45","49","true","false"
"fd5866d2580127142e46b58848da2471488f70c0","src/connectors/connector-installer.mjs","connectors","4","ArrowFunctionExpression","approvePublisher","51","51","false","false"
"fd5866d2580127142e46b58848da2471488f70c0","src/connectors/connector-installer.mjs","connectors","5","FunctionExpression","install","53","64","true","false"
"fd5866d2580127142e46b58848da2471488f70c0","src/connectors/connector-installer.mjs","connectors","6","FunctionDeclaration","createConnectorInstaller","4","66","false","false"
"fd5866d2580127142e46b58848da2471488f70c0","src/connectors/connector-manifest.mjs","connectors","1","FunctionDeclaration","parseVersion","7","11","false","false"
"fd5866d2580127142e46b58848da2471488f70c0","src/connectors/connector-manifest.mjs","connectors","2","FunctionDeclaration","compareVersions","13","18","false","false"
"fd5866d2580127142e46b58848da2471488f70c0","src/connectors/connector-manifest.mjs","connectors","3","FunctionDeclaration","deepFreeze","42","48","false","false"
"fd5866d2580127142e46b58848da2471488f70c0","src/connectors/connector-manifest.mjs","connectors","4","ArrowFunctionExpression","<callback:some>","54","54","false","false"
"fd5866d2580127142e46b58848da2471488f70c0","src/connectors/connector-manifest.mjs","connectors","5","ArrowFunctionExpression","<callback:some>","57","57","false","false"
"fd5866d2580127142e46b58848da2471488f70c0","src/connectors/connector-manifest.mjs","connectors","6","FunctionDeclaration","validateManifest","50","67","false","false"
"fd5866d2580127142e46b58848da2471488f70c0","src/connectors/connector-registry.mjs","connectors","1","ArrowFunctionExpression","now","5","5","false","false"
"fd5866d2580127142e46b58848da2471488f70c0","src/connectors/connector-registry.mjs","connectors","2","FunctionDeclaration","requireConnector","8","12","false","false"
"fd5866d2580127142e46b58848da2471488f70c0","src/connectors/connector-registry.mjs","connectors","3","FunctionExpression","register","15","23","false","false"
"fd5866d2580127142e46b58848da2471488f70c0","src/connectors/connector-registry.mjs","connectors","4","FunctionExpression","health","25","27","true","false"
"fd5866d2580127142e46b58848da2471488f70c0","src/connectors/connector-registry.mjs","connectors","5","FunctionExpression","simulate","29","31","true","false"
"fd5866d2580127142e46b58848da2471488f70c0","src/connectors/connector-registry.mjs","connectors","6","FunctionExpression","invoke","33","35","true","false"
"fd5866d2580127142e46b58848da2471488f70c0","src/connectors/connector-registry.mjs","connectors","7","FunctionExpression","verify","37","39","true","false"
"fd5866d2580127142e46b58848da2471488f70c0","src/connectors/connector-registry.mjs","connectors","8","FunctionExpression","list","41","43","true","false"
"fd5866d2580127142e46b58848da2471488f70c0","src/connectors/connector-registry.mjs","connectors","9","FunctionDeclaration","createConnectorRegistry","1","45","false","false"
"fd5866d2580127142e46b58848da2471488f70c0","src/connectors/connector-revocation-service.mjs","connectors","1","ArrowFunctionExpression","now","12","12","false","false"
"fd5866d2580127142e46b58848da2471488f70c0","src/connectors/connector-revocation-service.mjs","connectors","2","ArrowFunctionExpression","<callback:filter>","26","26","false","false"
"fd5866d2580127142e46b58848da2471488f70c0","src/connectors/connector-revocation-service.mjs","connectors","3","ArrowFunctionExpression","<callback:flatMap>","27","27","false","false"
"fd5866d2580127142e46b58848da2471488f70c0","src/connectors/connector-revocation-service.mjs","connectors","4","ArrowFunctionExpression","<callback:some>","33","33","false","false"
"fd5866d2580127142e46b58848da2471488f70c0","src/connectors/connector-revocation-service.mjs","connectors","5","ArrowFunctionExpression","<callback:map>","44","44","false","false"
"fd5866d2580127142e46b58848da2471488f70c0","src/connectors/connector-revocation-service.mjs","connectors","6","FunctionExpression","revokePublisher","20","47","true","false"
"fd5866d2580127142e46b58848da2471488f70c0","src/connectors/connector-revocation-service.mjs","connectors","7","FunctionDeclaration","createConnectorRevocationService","3","49","false","false"
"fd5866d2580127142e46b58848da2471488f70c0","src/connectors/connector-version-service.mjs","connectors","1","ArrowFunctionExpression","<callback:filter>","6","6","false","false"
"fd5866d2580127142e46b58848da2471488f70c0","src/connectors/connector-version-service.mjs","connectors","2","ArrowFunctionExpression","<callback:filter>","7","7","false","false"
"fd5866d2580127142e46b58848da2471488f70c0","src/connectors/connector-version-service.mjs","connectors","3","ArrowFunctionExpression","<callback:filter>","8","8","false","false"
"fd5866d2580127142e46b58848da2471488f70c0","src/connectors/connector-version-service.mjs","connectors","4","ArrowFunctionExpression","<callback:filter>","9","9","false","false"
"fd5866d2580127142e46b58848da2471488f70c0","src/connectors/connector-version-service.mjs","connectors","5","FunctionDeclaration","diffManifests","1","16","false","false"
"fd5866d2580127142e46b58848da2471488f70c0","src/connectors/connector-version-service.mjs","connectors","6","ArrowFunctionExpression","now","25","25","false","false"
"fd5866d2580127142e46b58848da2471488f70c0","src/connectors/connector-version-service.mjs","connectors","7","FunctionDeclaration","requireState","28","32","false","false"
"fd5866d2580127142e46b58848da2471488f70c0","src/connectors/connector-version-service.mjs","connectors","8","FunctionExpression","stageUpdate","37","62","true","false"
"fd5866d2580127142e46b58848da2471488f70c0","src/connectors/connector-version-service.mjs","connectors","9","FunctionExpression","permissionDiff","66","70","false","false"
"fd5866d2580127142e46b58848da2471488f70c0","src/connectors/connector-version-service.mjs","connectors","10","FunctionExpression","activateVersion","74","95","true","false"
"fd5866d2580127142e46b58848da2471488f70c0","src/connectors/connector-version-service.mjs","connectors","11","FunctionExpression","rollback","98","110","true","false"
"fd5866d2580127142e46b58848da2471488f70c0","src/connectors/connector-version-service.mjs","connectors","12","FunctionExpression","getActive","112","114","false","false"
"fd5866d2580127142e46b58848da2471488f70c0","src/connectors/connector-version-service.mjs","connectors","13","FunctionDeclaration","createConnectorVersionService","18","116","false","false"
"fd5866d2580127142e46b58848da2471488f70c0","src/connectors/connector-worker.mjs","connectors","1","ArrowFunctionExpression","<callback:some>","3","3","false","false"
"fd5866d2580127142e46b58848da2471488f70c0","src/connectors/connector-worker.mjs","connectors","2","FunctionDeclaration","isWithinScope","1","4","false","false"
"fd5866d2580127142e46b58848da2471488f70c0","src/connectors/connector-worker.mjs","connectors","3","FunctionExpression","readFile","16","21","false","false"
"fd5866d2580127142e46b58848da2471488f70c0","src/connectors/connector-worker.mjs","connectors","4","FunctionExpression","callEndpoint","23","26","false","false"
"fd5866d2580127142e46b58848da2471488f70c0","src/connectors/connector-worker.mjs","connectors","5","FunctionExpression","getSecret","28","33","false","false"
"fd5866d2580127142e46b58848da2471488f70c0","src/connectors/connector-worker.mjs","connectors","6","FunctionExpression","writeOutput","35","40","false","false"
"fd5866d2580127142e46b58848da2471488f70c0","src/connectors/connector-worker.mjs","connectors","7","FunctionDeclaration","createConnectorWorkerBroker","6","42","false","false"
"fd5866d2580127142e46b58848da2471488f70c0","src/connectors/dependency-scanner.mjs","connectors","1","ArrowFunctionExpression","<callback:some>","19","19","false","false"
"fd5866d2580127142e46b58848da2471488f70c0","src/connectors/dependency-scanner.mjs","connectors","2","ArrowFunctionExpression","<callback:map>","46","46","false","false"
"fd5866d2580127142e46b58848da2471488f70c0","src/connectors/dependency-scanner.mjs","connectors","3","FunctionExpression","scan","13","47","true","false"
"fd5866d2580127142e46b58848da2471488f70c0","src/connectors/dependency-scanner.mjs","connectors","4","FunctionDeclaration","createDependencyScanner","11","49","false","false"
"fd5866d2580127142e46b58848da2471488f70c0","src/connectors/publisher-trust-store.mjs","connectors","1","FunctionDeclaration","fingerprintPublicKey","3","5","false","false"
"fd5866d2580127142e46b58848da2471488f70c0","src/connectors/publisher-trust-store.mjs","connectors","2","ArrowFunctionExpression","now","12","12","false","false"
"fd5866d2580127142e46b58848da2471488f70c0","src/connectors/publisher-trust-store.mjs","connectors","3","FunctionExpression","approvePublisher","15","23","true","false"
"fd5866d2580127142e46b58848da2471488f70c0","src/connectors/publisher-trust-store.mjs","connectors","4","FunctionExpression","isApproved","25","28","true","false"
"fd5866d2580127142e46b58848da2471488f70c0","src/connectors/publisher-trust-store.mjs","connectors","5","FunctionExpression","revokePublisher","32","38","true","false"
"fd5866d2580127142e46b58848da2471488f70c0","src/connectors/publisher-trust-store.mjs","connectors","6","FunctionExpression","getTrust","40","42","true","false"
"fd5866d2580127142e46b58848da2471488f70c0","src/connectors/publisher-trust-store.mjs","connectors","7","FunctionExpression","list","47","50","true","false"
"fd5866d2580127142e46b58848da2471488f70c0","src/connectors/publisher-trust-store.mjs","connectors","8","FunctionExpression","verifySignature","55","61","true","false"
"fd5866d2580127142e46b58848da2471488f70c0","src/connectors/publisher-trust-store.mjs","connectors","9","FunctionDeclaration","createPublisherTrustStore","7","63","false","false"
"fd5866d2580127142e46b58848da2471488f70c0","src/connectors/runtimes/isolated-code-runtime.mjs","connectors","1","ArrowFunctionExpression","now","11","11","false","false"
"fd5866d2580127142e46b58848da2471488f70c0","src/connectors/runtimes/isolated-code-runtime.mjs","connectors","2","FunctionDeclaration","run","14","32","true","false"
"fd5866d2580127142e46b58848da2471488f70c0","src/connectors/runtimes/isolated-code-runtime.mjs","connectors","3","FunctionExpression","simulate","35","37","true","false"
"fd5866d2580127142e46b58848da2471488f70c0","src/connectors/runtimes/isolated-code-runtime.mjs","connectors","4","FunctionExpression","invoke","39","41","true","false"
"fd5866d2580127142e46b58848da2471488f70c0","src/connectors/runtimes/isolated-code-runtime.mjs","connectors","5","FunctionExpression","terminate","43","49","true","false"
"fd5866d2580127142e46b58848da2471488f70c0","src/connectors/runtimes/isolated-code-runtime.mjs","connectors","6","FunctionDeclaration","createIsolatedCodeRuntime","6","51","false","false"
"fd5866d2580127142e46b58848da2471488f70c0","src/connectors/runtimes/local-adapter-runtime.mjs","connectors","1","ArrowFunctionExpression","info","5","5","false","false"
"fd5866d2580127142e46b58848da2471488f70c0","src/connectors/runtimes/local-adapter-runtime.mjs","connectors","2","ArrowFunctionExpression","warn","6","6","false","false"
"fd5866d2580127142e46b58848da2471488f70c0","src/connectors/runtimes/local-adapter-runtime.mjs","connectors","3","ArrowFunctionExpression","error","7","7","false","false"
"fd5866d2580127142e46b58848da2471488f70c0","src/connectors/runtimes/local-adapter-runtime.mjs","connectors","4","FunctionDeclaration","boundedLogger","3","9","false","false"
"fd5866d2580127142e46b58848da2471488f70c0","src/connectors/runtimes/local-adapter-runtime.mjs","connectors","5","FunctionDeclaration","validateInput","19","25","false","false"
"fd5866d2580127142e46b58848da2471488f70c0","src/connectors/runtimes/local-adapter-runtime.mjs","connectors","6","FunctionDeclaration","call","27","39","true","false"
"fd5866d2580127142e46b58848da2471488f70c0","src/connectors/runtimes/local-adapter-runtime.mjs","connectors","7","FunctionExpression","health","42","44","true","false"
"fd5866d2580127142e46b58848da2471488f70c0","src/connectors/runtimes/local-adapter-runtime.mjs","connectors","8","FunctionExpression","simulate","46","49","true","false"
"fd5866d2580127142e46b58848da2471488f70c0","src/connectors/runtimes/local-adapter-runtime.mjs","connectors","9","FunctionExpression","invoke","51","54","true","false"
"fd5866d2580127142e46b58848da2471488f70c0","src/connectors/runtimes/local-adapter-runtime.mjs","connectors","10","FunctionExpression","verify","56","61","true","false"
"fd5866d2580127142e46b58848da2471488f70c0","src/connectors/runtimes/local-adapter-runtime.mjs","connectors","11","FunctionDeclaration","createLocalAdapterRuntime","11","63","false","false"
"fd5866d2580127142e46b58848da2471488f70c0","src/connectors/runtimes/mqtt-runtime.mjs","connectors","1","ArrowFunctionExpression","<callback:replace>","2","6","false","false"
"fd5866d2580127142e46b58848da2471488f70c0","src/connectors/runtimes/mqtt-runtime.mjs","connectors","2","FunctionDeclaration","fillTopic","1","7","false","false"
"fd5866d2580127142e46b58848da2471488f70c0","src/connectors/runtimes/mqtt-runtime.mjs","connectors","3","FunctionDeclaration","topicFor","15","19","false","false"
"fd5866d2580127142e46b58848da2471488f70c0","src/connectors/runtimes/mqtt-runtime.mjs","connectors","4","FunctionDeclaration","validateInput","21","27","false","false"
"fd5866d2580127142e46b58848da2471488f70c0","src/connectors/runtimes/mqtt-runtime.mjs","connectors","5","FunctionDeclaration","buildMessage","29","34","false","false"
"fd5866d2580127142e46b58848da2471488f70c0","src/connectors/runtimes/mqtt-runtime.mjs","connectors","6","FunctionDeclaration","fillTemplate","36","38","false","false"
"fd5866d2580127142e46b58848da2471488f70c0","src/connectors/runtimes/mqtt-runtime.mjs","connectors","7","FunctionExpression","health","41","43","true","false"
"fd5866d2580127142e46b58848da2471488f70c0","src/connectors/runtimes/mqtt-runtime.mjs","connectors","8","FunctionExpression","simulate","45","48","true","false"
"fd5866d2580127142e46b58848da2471488f70c0","src/connectors/runtimes/mqtt-runtime.mjs","connectors","9","FunctionExpression","invoke","50","58","true","false"
"fd5866d2580127142e46b58848da2471488f70c0","src/connectors/runtimes/mqtt-runtime.mjs","connectors","10","FunctionExpression","verify","60","65","true","false"
"fd5866d2580127142e46b58848da2471488f70c0","src/connectors/runtimes/mqtt-runtime.mjs","connectors","11","FunctionDeclaration","createMqttRuntime","9","67","false","false"
"fd5866d2580127142e46b58848da2471488f70c0","src/connectors/runtimes/rest-runtime.mjs","connectors","1","FunctionDeclaration","allowedHost","1","7","false","false"
"fd5866d2580127142e46b58848da2471488f70c0","src/connectors/runtimes/rest-runtime.mjs","connectors","2","ArrowFunctionExpression","<callback:replace>","10","14","false","false"
"fd5866d2580127142e46b58848da2471488f70c0","src/connectors/runtimes/rest-runtime.mjs","connectors","3","FunctionDeclaration","fillTemplate","9","15","false","false"
"fd5866d2580127142e46b58848da2471488f70c0","src/connectors/runtimes/rest-runtime.mjs","connectors","4","FunctionDeclaration","endpointFor","23","27","false","false"
"fd5866d2580127142e46b58848da2471488f70c0","src/connectors/runtimes/rest-runtime.mjs","connectors","5","FunctionDeclaration","validateInput","29","35","false","false"
"fd5866d2580127142e46b58848da2471488f70c0","src/connectors/runtimes/rest-runtime.mjs","connectors","6","FunctionDeclaration","buildRequest","37","43","false","false"
"fd5866d2580127142e46b58848da2471488f70c0","src/connectors/runtimes/rest-runtime.mjs","connectors","7","FunctionExpression","health","46","48","true","false"
"fd5866d2580127142e46b58848da2471488f70c0","src/connectors/runtimes/rest-runtime.mjs","connectors","8","FunctionExpression","simulate","50","53","true","false"
"fd5866d2580127142e46b58848da2471488f70c0","src/connectors/runtimes/rest-runtime.mjs","connectors","9","FunctionExpression","invoke","55","59","true","false"
"fd5866d2580127142e46b58848da2471488f70c0","src/connectors/runtimes/rest-runtime.mjs","connectors","10","FunctionExpression","verify","61","66","true","false"
"fd5866d2580127142e46b58848da2471488f70c0","src/connectors/runtimes/rest-runtime.mjs","connectors","11","FunctionDeclaration","createRestRuntime","17","68","false","false"
"fd5866d2580127142e46b58848da2471488f70c0","src/connectors/zip-inspector.mjs","connectors","1","ArrowFunctionExpression","<callback:filter>","36","36","false","false"
"fd5866d2580127142e46b58848da2471488f70c0","src/connectors/zip-inspector.mjs","connectors","2","ArrowFunctionExpression","<callback:find>","58","58","false","false"
"fd5866d2580127142e46b58848da2471488f70c0","src/connectors/zip-inspector.mjs","connectors","3","ArrowFunctionExpression","<callback:filter>","70","70","false","false"
"fd5866d2580127142e46b58848da2471488f70c0","src/connectors/zip-inspector.mjs","connectors","4","ArrowFunctionExpression","<callback:sort>","71","71","false","false"
"fd5866d2580127142e46b58848da2471488f70c0","src/connectors/zip-inspector.mjs","connectors","5","FunctionExpression","inspect","21","93","true","false"
"fd5866d2580127142e46b58848da2471488f70c0","src/connectors/zip-inspector.mjs","connectors","6","FunctionDeclaration","createZipInspector","19","95","false","false"
"fd5866d2580127142e46b58848da2471488f70c0","src/contracts/chat-binary-codec.mjs","contracts","1","ArrowFunctionExpression","uint16","12","16","false","false"
"fd5866d2580127142e46b58848da2471488f70c0","src/contracts/chat-binary-codec.mjs","contracts","2","ArrowFunctionExpression","uint32","18","22","false","false"
"fd5866d2580127142e46b58848da2471488f70c0","src/contracts/chat-binary-codec.mjs","contracts","3","ArrowFunctionExpression","uint64","24","28","false","false"
"fd5866d2580127142e46b58848da2471488f70c0","src/contracts/chat-binary-codec.mjs","contracts","4","ArrowFunctionExpression","lengthPrefixedUtf8","32","36","false","false"
"fd5866d2580127142e46b58848da2471488f70c0","src/contracts/chat-binary-codec.mjs","contracts","5","ArrowFunctionExpression","lengthPrefixedBytes","38","38","false","false"
"fd5866d2580127142e46b58848da2471488f70c0","src/contracts/chat-binary-codec.mjs","contracts","6","FunctionDeclaration","encodeChatHeader","42","55","false","false"
"fd5866d2580127142e46b58848da2471488f70c0","src/contracts/chat-binary-codec.mjs","contracts","7","FunctionDeclaration","encodeChatSignatureInput","59","68","false","false"
"fd5866d2580127142e46b58848da2471488f70c0","src/contracts/chat-payload.mjs","contracts","1","FunctionDeclaration","readUint16","33","36","false","false"
"fd5866d2580127142e46b58848da2471488f70c0","src/contracts/chat-payload.mjs","contracts","2","FunctionDeclaration","readUint32","37","40","false","false"
"fd5866d2580127142e46b58848da2471488f70c0","src/contracts/chat-payload.mjs","contracts","3","FunctionDeclaration","encodeChatPayloadV2","42","56","false","false"
"fd5866d2580127142e46b58848da2471488f70c0","src/contracts/chat-payload.mjs","contracts","4","FunctionDeclaration","decodeChatPayload","63","88","false","false"
"fd5866d2580127142e46b58848da2471488f70c0","src/contracts/chat.mjs","contracts","1","ArrowFunctionExpression","decodeCanonicalBase64","36","40","false","false"
"fd5866d2580127142e46b58848da2471488f70c0","src/contracts/chat.mjs","contracts","2","ArrowFunctionExpression","<callback:refine>","42","45","false","false"
"fd5866d2580127142e46b58848da2471488f70c0","src/contracts/chat.mjs","contracts","3","ArrowFunctionExpression","base64OfExactBytes","42","45","false","false"
"fd5866d2580127142e46b58848da2471488f70c0","src/contracts/chat.mjs","contracts","4","ArrowFunctionExpression","<callback:refine>","48","52","false","false"
"fd5866d2580127142e46b58848da2471488f70c0","src/contracts/chat.mjs","contracts","5","ArrowFunctionExpression","<callback:refine>","65","65","false","false"
"fd5866d2580127142e46b58848da2471488f70c0","src/contracts/chat.mjs","contracts","6","ArrowFunctionExpression","<callback:refine>","69","69","false","false"
"fd5866d2580127142e46b58848da2471488f70c0","src/contracts/chat.mjs","contracts","7","ArrowFunctionExpression","<callback:refine>","71","71","false","false"
"fd5866d2580127142e46b58848da2471488f70c0","src/contracts/chat.mjs","contracts","8","FunctionDeclaration","parseChatEvent","75","82","false","false"
"fd5866d2580127142e46b58848da2471488f70c0","src/contracts/chat.mjs","contracts","9","FunctionDeclaration","isChatEvent","84","86","false","false"
"fd5866d2580127142e46b58848da2471488f70c0","src/contracts/claims.mjs","contracts","1","ArrowFunctionExpression","<callback:lazy>","14","21","false","false"
"fd5866d2580127142e46b58848da2471488f70c0","src/contracts/claims.mjs","contracts","2","FunctionDeclaration","deepFreeze","44","50","false","false"
"fd5866d2580127142e46b58848da2471488f70c0","src/contracts/claims.mjs","contracts","3","FunctionDeclaration","parseClaim","52","54","false","false"
"fd5866d2580127142e46b58848da2471488f70c0","src/contracts/envelope.mjs","contracts","1","ArrowFunctionExpression","<callback:superRefine>","32","40","false","false"
"fd5866d2580127142e46b58848da2471488f70c0","src/contracts/envelope.mjs","contracts","2","FunctionDeclaration","deepFreeze","42","48","false","false"
"fd5866d2580127142e46b58848da2471488f70c0","src/contracts/envelope.mjs","contracts","3","FunctionDeclaration","parseEnvelope","50","52","false","false"
"fd5866d2580127142e46b58848da2471488f70c0","src/contracts/event-id.mjs","contracts","1","FunctionDeclaration","encodeTime","18","26","false","false"
"fd5866d2580127142e46b58848da2471488f70c0","src/contracts/event-id.mjs","contracts","2","FunctionDeclaration","encodeRandom","28","38","false","false"
"fd5866d2580127142e46b58848da2471488f70c0","src/contracts/event-id.mjs","contracts","3","FunctionDeclaration","incrementBigEndian","40","51","false","false"
"fd5866d2580127142e46b58848da2471488f70c0","src/contracts/event-id.mjs","contracts","4","FunctionExpression","next","59","71","false","false"
"fd5866d2580127142e46b58848da2471488f70c0","src/contracts/event-id.mjs","contracts","5","FunctionDeclaration","createMonotonicUlid","53","72","false","false"
"fd5866d2580127142e46b58848da2471488f70c0","src/contracts/event-id.mjs","contracts","6","ArrowFunctionExpression","decodeUlidTime","74","82","false","false"
"fd5866d2580127142e46b58848da2471488f70c0","src/contracts/events.mjs","contracts","1","FunctionDeclaration","deepFreeze","16","22","false","false"
"fd5866d2580127142e46b58848da2471488f70c0","src/contracts/events.mjs","contracts","2","FunctionDeclaration","parseSessionEvent","24","26","false","false"
"fd5866d2580127142e46b58848da2471488f70c0","src/core/backpressure.mjs","core","1","ArrowFunctionExpression","now","6","6","false","false"
"fd5866d2580127142e46b58848da2471488f70c0","src/core/backpressure.mjs","core","2","FunctionExpression","enqueue","14","19","false","false"
"fd5866d2580127142e46b58848da2471488f70c0","src/core/backpressure.mjs","core","3","FunctionExpression","dequeue","21","24","false","false"
"fd5866d2580127142e46b58848da2471488f70c0","src/core/backpressure.mjs","core","4","ArrowFunctionExpression","size","26","26","false","false"
"fd5866d2580127142e46b58848da2471488f70c0","src/core/backpressure.mjs","core","5","ArrowFunctionExpression","rejectedCount","27","27","false","false"
"fd5866d2580127142e46b58848da2471488f70c0","src/core/backpressure.mjs","core","6","ArrowFunctionExpression","isPaused","28","28","false","false"
"fd5866d2580127142e46b58848da2471488f70c0","src/core/backpressure.mjs","core","7","FunctionExpression","pause","32","32","false","false"
"fd5866d2580127142e46b58848da2471488f70c0","src/core/backpressure.mjs","core","8","FunctionExpression","resume","33","33","false","false"
"fd5866d2580127142e46b58848da2471488f70c0","src/core/backpressure.mjs","core","9","FunctionDeclaration","createBackpressureQueue","1","35","false","false"
"fd5866d2580127142e46b58848da2471488f70c0","src/core/capability-brief.mjs","core","1","FunctionDeclaration","skillsSentence","22","25","false","false"
"fd5866d2580127142e46b58848da2471488f70c0","src/core/capability-brief.mjs","core","2","FunctionDeclaration","bundledSkillsSentence","27","30","false","false"
"fd5866d2580127142e46b58848da2471488f70c0","src/core/capability-brief.mjs","core","3","FunctionDeclaration","integrationSentence","33","39","false","false"
"fd5866d2580127142e46b58848da2471488f70c0","src/core/capability-brief.mjs","core","4","ArrowFunctionExpression","<callback:filter>","44","44","false","false"
"fd5866d2580127142e46b58848da2471488f70c0","src/core/capability-brief.mjs","core","5","ArrowFunctionExpression","<callback:filter>","45","45","false","false"
"fd5866d2580127142e46b58848da2471488f70c0","src/core/capability-brief.mjs","core","6","ArrowFunctionExpression","<callback:filter>","47","47","false","false"
"fd5866d2580127142e46b58848da2471488f70c0","src/core/capability-brief.mjs","core","7","ArrowFunctionExpression","<callback:map>","48","48","false","false"
"fd5866d2580127142e46b58848da2471488f70c0","src/core/capability-brief.mjs","core","8","ArrowFunctionExpression","<callback:map>","50","50","false","false"
"fd5866d2580127142e46b58848da2471488f70c0","src/core/capability-brief.mjs","core","9","FunctionDeclaration","integrationSentences","43","53","false","false"
"fd5866d2580127142e46b58848da2471488f70c0","src/core/capability-brief.mjs","core","10","FunctionDeclaration","sandboxSentence","55","59","false","false"
"fd5866d2580127142e46b58848da2471488f70c0","src/core/capability-brief.mjs","core","11","FunctionDeclaration","phoneSentence","61","64","false","false"
"fd5866d2580127142e46b58848da2471488f70c0","src/core/capability-brief.mjs","core","12","FunctionDeclaration","memorySentence","66","68","false","false"
"fd5866d2580127142e46b58848da2471488f70c0","src/core/capability-brief.mjs","core","13","ArrowFunctionExpression","<callback:map>","79","79","false","false"
"fd5866d2580127142e46b58848da2471488f70c0","src/core/capability-brief.mjs","core","14","FunctionDeclaration","composeCapabilityBrief","77","91","false","false"
"fd5866d2580127142e46b58848da2471488f70c0","src/core/capability-brief.mjs","core","15","ArrowFunctionExpression","integrationState","108","110","false","false"
"fd5866d2580127142e46b58848da2471488f70c0","src/core/capability-brief.mjs","core","16","FunctionDeclaration","composeInstructionState","95","121","false","false"
"fd5866d2580127142e46b58848da2471488f70c0","src/core/capability-catalog.mjs","core","1","FunctionDeclaration","integrationHealth","18","23","false","false"
"fd5866d2580127142e46b58848da2471488f70c0","src/core/capability-catalog.mjs","core","2","ArrowFunctionExpression","<callback:filter>","58","58","false","false"
"fd5866d2580127142e46b58848da2471488f70c0","src/core/capability-catalog.mjs","core","3","ArrowFunctionExpression","<callback:map>","59","59","false","false"
"fd5866d2580127142e46b58848da2471488f70c0","src/core/capability-catalog.mjs","core","4","ArrowFunctionExpression","<callback:map>","64","64","false","false"
"fd5866d2580127142e46b58848da2471488f70c0","src/core/capability-catalog.mjs","core","5","FunctionDeclaration","composeCapabilityCatalog","25","70","false","false"
"fd5866d2580127142e46b58848da2471488f70c0","src/core/compose-governance-domains.mjs","core","1","ArrowFunctionExpression","<anonymous>","35","35","false","false"
"fd5866d2580127142e46b58848da2471488f70c0","src/core/compose-governance-domains.mjs","core","2","ArrowFunctionExpression","report","57","60","false","false"
"fd5866d2580127142e46b58848da2471488f70c0","src/core/compose-governance-domains.mjs","core","3","ArrowFunctionExpression","close","93","93","false","false"
"fd5866d2580127142e46b58848da2471488f70c0","src/core/compose-governance-domains.mjs","core","4","ArrowFunctionExpression","close","203","203","false","false"
"fd5866d2580127142e46b58848da2471488f70c0","src/core/compose-governance-domains.mjs","core","5","FunctionDeclaration","composeGovernanceDomains","34","205","false","false"
"fd5866d2580127142e46b58848da2471488f70c0","src/core/domain-registry.mjs","core","1","ArrowFunctionExpression","<callback:find>","15","15","false","false"
"fd5866d2580127142e46b58848da2471488f70c0","src/core/domain-registry.mjs","core","2","FunctionDeclaration","get","14","16","false","false"
"fd5866d2580127142e46b58848da2471488f70c0","src/core/domain-registry.mjs","core","3","ArrowFunctionExpression","<callback:find>","19","19","false","false"
"fd5866d2580127142e46b58848da2471488f70c0","src/core/domain-registry.mjs","core","4","FunctionDeclaration","isDegraded","18","20","false","false"
"fd5866d2580127142e46b58848da2471488f70c0","src/core/domain-registry.mjs","core","5","FunctionDeclaration","stopAll","22","36","true","false"
"fd5866d2580127142e46b58848da2471488f70c0","src/core/domain-registry.mjs","core","6","FunctionDeclaration","startAll","38","57","true","false"
"fd5866d2580127142e46b58848da2471488f70c0","src/core/domain-registry.mjs","core","7","ArrowFunctionExpression","status","59","59","false","false"
"fd5866d2580127142e46b58848da2471488f70c0","src/core/domain-registry.mjs","core","8","FunctionDeclaration","createDomainRegistry","1","60","false","false"
"fd5866d2580127142e46b58848da2471488f70c0","src/core/error-resilience.mjs","core","1","FunctionDeclaration","classifyFailure","20","25","false","false"
"fd5866d2580127142e46b58848da2471488f70c0","src/core/error-resilience.mjs","core","2","ArrowFunctionExpression","<anonymous>","31","31","false","false"
"fd5866d2580127142e46b58848da2471488f70c0","src/core/error-resilience.mjs","core","3","ArrowFunctionExpression","<anonymous>","32","32","false","false"
"fd5866d2580127142e46b58848da2471488f70c0","src/core/error-resilience.mjs","core","4","ArrowFunctionExpression","<anonymous>","32","32","false","false"
"fd5866d2580127142e46b58848da2471488f70c0","src/core/error-resilience.mjs","core","5","FunctionDeclaration","withRetry","27","46","true","false"
"fd5866d2580127142e46b58848da2471488f70c0","src/core/lessons-registry.mjs","core","1","ArrowFunctionExpression","bounded","20","20","false","false"
"fd5866d2580127142e46b58848da2471488f70c0","src/core/lessons-registry.mjs","core","2","FunctionDeclaration","mitigationForCode","25","33","false","false"
"fd5866d2580127142e46b58848da2471488f70c0","src/core/lessons-registry.mjs","core","3","ArrowFunctionExpression","isExpired","43","43","false","false"
"fd5866d2580127142e46b58848da2471488f70c0","src/core/lessons-registry.mjs","core","4","ArrowFunctionExpression","isDormant","44","44","false","false"
"fd5866d2580127142e46b58848da2471488f70c0","src/core/lessons-registry.mjs","core","5","ArrowFunctionExpression","<callback:sort>","50","50","false","false"
"fd5866d2580127142e46b58848da2471488f70c0","src/core/lessons-registry.mjs","core","6","FunctionDeclaration","prune","46","53","false","false"
"fd5866d2580127142e46b58848da2471488f70c0","src/core/lessons-registry.mjs","core","7","FunctionDeclaration","upsertFailure","55","77","false","false"
"fd5866d2580127142e46b58848da2471488f70c0","src/core/lessons-registry.mjs","core","8","FunctionExpression","learnFromFailure","81","94","false","false"
"fd5866d2580127142e46b58848da2471488f70c0","src/core/lessons-registry.mjs","core","9","FunctionExpression","proposeBehavioral","97","109","false","false"
"fd5866d2580127142e46b58848da2471488f70c0","src/core/lessons-registry.mjs","core","10","FunctionExpression","confirm","111","116","false","false"
"fd5866d2580127142e46b58848da2471488f70c0","src/core/lessons-registry.mjs","core","11","FunctionExpression","forget","119","119","false","false"
"fd5866d2580127142e46b58848da2471488f70c0","src/core/lessons-registry.mjs","core","12","FunctionExpression","recordSuccess","123","127","false","false"
"fd5866d2580127142e46b58848da2471488f70c0","src/core/lessons-registry.mjs","core","13","FunctionExpression","preflight","132","139","false","false"
"fd5866d2580127142e46b58848da2471488f70c0","src/core/lessons-registry.mjs","core","14","ArrowFunctionExpression","<callback:filter>","143","143","false","false"
"fd5866d2580127142e46b58848da2471488f70c0","src/core/lessons-registry.mjs","core","15","ArrowFunctionExpression","<callback:map>","144","148","false","false"
"fd5866d2580127142e46b58848da2471488f70c0","src/core/lessons-registry.mjs","core","16","FunctionExpression","list","141","149","false","false"
"fd5866d2580127142e46b58848da2471488f70c0","src/core/lessons-registry.mjs","core","17","FunctionExpression","serialize","152","152","false","false"
"fd5866d2580127142e46b58848da2471488f70c0","src/core/lessons-registry.mjs","core","18","FunctionExpression","hydrate","153","162","false","false"
"fd5866d2580127142e46b58848da2471488f70c0","src/core/lessons-registry.mjs","core","19","FunctionDeclaration","createLessonsRegistry","35","164","false","false"
"fd5866d2580127142e46b58848da2471488f70c0","src/core/lessons-registry.mjs","core","20","ArrowFunctionExpression","<callback:filter>","173","173","false","false"
"fd5866d2580127142e46b58848da2471488f70c0","src/core/lessons-registry.mjs","core","21","ArrowFunctionExpression","<callback:sort>","174","174","false","false"
"fd5866d2580127142e46b58848da2471488f70c0","src/core/lessons-registry.mjs","core","22","ArrowFunctionExpression","<callback:map>","176","176","false","false"
"fd5866d2580127142e46b58848da2471488f70c0","src/core/lessons-registry.mjs","core","23","FunctionDeclaration","composeLessonsBrief","171","178","false","false"
"fd5866d2580127142e46b58848da2471488f70c0","src/core/lessons-store.mjs","core","1","FunctionExpression","load","20","32","true","false"
"fd5866d2580127142e46b58848da2471488f70c0","src/core/lessons-store.mjs","core","2","ArrowFunctionExpression","<callback:then>","39","43","true","false"
"fd5866d2580127142e46b58848da2471488f70c0","src/core/lessons-store.mjs","core","3","ArrowFunctionExpression","<callback:catch>","44","44","false","false"
"fd5866d2580127142e46b58848da2471488f70c0","src/core/lessons-store.mjs","core","4","FunctionExpression","save","35","46","false","false"
"fd5866d2580127142e46b58848da2471488f70c0","src/core/lessons-store.mjs","core","5","FunctionDeclaration","createLessonsStore","10","48","false","false"
"fd5866d2580127142e46b58848da2471488f70c0","src/core/mina-runtime.mjs","core","1","ArrowFunctionExpression","<anonymous>","4","4","true","false"
"fd5866d2580127142e46b58848da2471488f70c0","src/core/mina-runtime.mjs","core","2","ArrowFunctionExpression","<callback:some>","8","8","false","false"
"fd5866d2580127142e46b58848da2471488f70c0","src/core/mina-runtime.mjs","core","3","ArrowFunctionExpression","<callback:some>","11","11","false","false"
"fd5866d2580127142e46b58848da2471488f70c0","src/core/mina-runtime.mjs","core","4","FunctionDeclaration","start","18","26","true","false"
"fd5866d2580127142e46b58848da2471488f70c0","src/core/mina-runtime.mjs","core","5","FunctionDeclaration","runWork","28","59","true","false"
"fd5866d2580127142e46b58848da2471488f70c0","src/core/mina-runtime.mjs","core","6","ArrowFunctionExpression","<callback:map>","63","63","false","false"
"fd5866d2580127142e46b58848da2471488f70c0","src/core/mina-runtime.mjs","core","7","FunctionDeclaration","emergencyStop","61","73","true","false"
"fd5866d2580127142e46b58848da2471488f70c0","src/core/mina-runtime.mjs","core","8","ArrowFunctionExpression","<callback:call>","78","84","true","false"
"fd5866d2580127142e46b58848da2471488f70c0","src/core/mina-runtime.mjs","core","9","ArrowFunctionExpression","<callback:setTimeout>","86","86","false","false"
"fd5866d2580127142e46b58848da2471488f70c0","src/core/mina-runtime.mjs","core","10","ArrowFunctionExpression","<anonymous>","85","87","false","false"
"fd5866d2580127142e46b58848da2471488f70c0","src/core/mina-runtime.mjs","core","11","FunctionDeclaration","shutdown","75","89","true","false"
"fd5866d2580127142e46b58848da2471488f70c0","src/core/mina-runtime.mjs","core","12","ArrowFunctionExpression","<callback:map>","94","98","false","false"
"fd5866d2580127142e46b58848da2471488f70c0","src/core/mina-runtime.mjs","core","13","FunctionDeclaration","getSessionState","91","100","false","false"
"fd5866d2580127142e46b58848da2471488f70c0","src/core/mina-runtime.mjs","core","14","FunctionDeclaration","getClaims","102","104","false","false"
"fd5866d2580127142e46b58848da2471488f70c0","src/core/mina-runtime.mjs","core","15","ArrowFunctionExpression","<callback:map>","107","107","false","false"
"fd5866d2580127142e46b58848da2471488f70c0","src/core/mina-runtime.mjs","core","16","FunctionDeclaration","getGroundingStatus","106","111","false","false"
"fd5866d2580127142e46b58848da2471488f70c0","src/core/mina-runtime.mjs","core","17","FunctionDeclaration","createMinaRuntime","3","122","false","false"
"fd5866d2580127142e46b58848da2471488f70c0","src/core/mission-state.mjs","core","1","ArrowFunctionExpression","assertActive","3","7","false","false"
"fd5866d2580127142e46b58848da2471488f70c0","src/core/mission-state.mjs","core","2","FunctionDeclaration","createMission","9","26","false","false"
"fd5866d2580127142e46b58848da2471488f70c0","src/core/mission-state.mjs","core","3","FunctionDeclaration","recordAction","28","42","false","false"
"fd5866d2580127142e46b58848da2471488f70c0","src/core/mission-state.mjs","core","4","FunctionDeclaration","recordFailure","44","56","false","false"
"fd5866d2580127142e46b58848da2471488f70c0","src/core/mission-state.mjs","core","5","FunctionDeclaration","completeMission","58","61","false","false"
"fd5866d2580127142e46b58848da2471488f70c0","src/core/mission-state.mjs","core","6","FunctionDeclaration","stopMission","63","66","false","false"
"fd5866d2580127142e46b58848da2471488f70c0","src/core/operational-budgets.mjs","core","1","FunctionDeclaration","positiveInteger","13","16","false","false"
"fd5866d2580127142e46b58848da2471488f70c0","src/core/operational-budgets.mjs","core","2","FunctionDeclaration","composeOperationalBudgets","18","38","false","false"
"fd5866d2580127142e46b58848da2471488f70c0","src/core/orchestrator.mjs","core","1","ArrowFunctionExpression","<anonymous>","16","16","true","false"
"fd5866d2580127142e46b58848da2471488f70c0","src/core/orchestrator.mjs","core","2","ArrowFunctionExpression","<anonymous>","17","17","false","false"
"fd5866d2580127142e46b58848da2471488f70c0","src/core/orchestrator.mjs","core","3","ArrowFunctionExpression","emit","36","36","false","false"
"fd5866d2580127142e46b58848da2471488f70c0","src/core/orchestrator.mjs","core","4","ArrowFunctionExpression","onRetry","43","43","false","false"
"fd5866d2580127142e46b58848da2471488f70c0","src/core/orchestrator.mjs","core","5","ArrowFunctionExpression","resilient","41","44","false","false"
"fd5866d2580127142e46b58848da2471488f70c0","src/core/orchestrator.mjs","core","6","ArrowFunctionExpression","hideCursor","45","52","true","false"
"fd5866d2580127142e46b58848da2471488f70c0","src/core/orchestrator.mjs","core","7","ArrowFunctionExpression","<callback:resilient>","86","86","false","false"
"fd5866d2580127142e46b58848da2471488f70c0","src/core/orchestrator.mjs","core","8","ArrowFunctionExpression","<callback:resilient>","87","89","false","false"
"fd5866d2580127142e46b58848da2471488f70c0","src/core/orchestrator.mjs","core","9","ArrowFunctionExpression","<callback:resilient>","117","117","false","false"
"fd5866d2580127142e46b58848da2471488f70c0","src/core/orchestrator.mjs","core","10","ArrowFunctionExpression","<callback:resilient>","119","119","false","false"
"fd5866d2580127142e46b58848da2471488f70c0","src/core/orchestrator.mjs","core","11","ArrowFunctionExpression","<callback:resilient>","204","204","false","false"
"fd5866d2580127142e46b58848da2471488f70c0","src/core/orchestrator.mjs","core","12","ArrowFunctionExpression","<callback:resilient>","243","243","false","false"
"fd5866d2580127142e46b58848da2471488f70c0","src/core/orchestrator.mjs","core","13","ArrowFunctionExpression","run","55","258","true","false"
"fd5866d2580127142e46b58848da2471488f70c0","src/core/orchestrator.mjs","core","14","ArrowFunctionExpression","pushGuidance","259","265","false","false"
"fd5866d2580127142e46b58848da2471488f70c0","src/core/orchestrator.mjs","core","15","ArrowFunctionExpression","<callback:filter>","280","280","false","false"
"fd5866d2580127142e46b58848da2471488f70c0","src/core/orchestrator.mjs","core","16","ArrowFunctionExpression","<callback:map>","281","281","false","false"
"fd5866d2580127142e46b58848da2471488f70c0","src/core/orchestrator.mjs","core","17","ArrowFunctionExpression","emergencyStop","266","284","true","false"
"fd5866d2580127142e46b58848da2471488f70c0","src/core/orchestrator.mjs","core","18","ArrowFunctionExpression","isRunning","285","285","false","false"
"fd5866d2580127142e46b58848da2471488f70c0","src/core/orchestrator.mjs","core","19","FunctionDeclaration","createMinaOrchestrator","13","287","false","false"
"fd5866d2580127142e46b58848da2471488f70c0","src/core/rate-limiter.mjs","core","1","ArrowFunctionExpression","now","8","8","false","false"
"fd5866d2580127142e46b58848da2471488f70c0","src/core/rate-limiter.mjs","core","2","FunctionDeclaration","refill","14","20","false","false"
"fd5866d2580127142e46b58848da2471488f70c0","src/core/rate-limiter.mjs","core","3","FunctionExpression","tryAcquire","25","36","false","false"
"fd5866d2580127142e46b58848da2471488f70c0","src/core/rate-limiter.mjs","core","4","FunctionDeclaration","createRateLimiter","1","38","false","false"
"fd5866d2580127142e46b58848da2471488f70c0","src/core/self-model.mjs","core","1","ArrowFunctionExpression","bounded","18","18","false","false"
"fd5866d2580127142e46b58848da2471488f70c0","src/core/self-model.mjs","core","2","ArrowFunctionExpression","boundedList","20","22","false","false"
"fd5866d2580127142e46b58848da2471488f70c0","src/core/self-model.mjs","core","3","ArrowFunctionExpression","<callback:then>","34","34","false","false"
"fd5866d2580127142e46b58848da2471488f70c0","src/core/self-model.mjs","core","4","ArrowFunctionExpression","<callback:catch>","35","35","false","false"
"fd5866d2580127142e46b58848da2471488f70c0","src/core/self-model.mjs","core","5","ArrowFunctionExpression","persist","31","37","false","false"
"fd5866d2580127142e46b58848da2471488f70c0","src/core/self-model.mjs","core","6","FunctionExpression","load","40","55","true","false"
"fd5866d2580127142e46b58848da2471488f70c0","src/core/self-model.mjs","core","7","ArrowFunctionExpression","snapshot","57","57","false","false"
"fd5866d2580127142e46b58848da2471488f70c0","src/core/self-model.mjs","core","8","FunctionExpression","observeEvent","60","90","false","false"
"fd5866d2580127142e46b58848da2471488f70c0","src/core/self-model.mjs","core","9","ArrowFunctionExpression","flush","92","92","false","false"
"fd5866d2580127142e46b58848da2471488f70c0","src/core/self-model.mjs","core","10","FunctionDeclaration","createSelfModel","24","94","false","false"
"fd5866d2580127142e46b58848da2471488f70c0","src/core/self-model.mjs","core","11","ArrowFunctionExpression","<callback:map>","103","103","false","false"
"fd5866d2580127142e46b58848da2471488f70c0","src/core/self-model.mjs","core","12","FunctionDeclaration","composeSelfBrief","98","106","false","false"
"fd5866d2580127142e46b58848da2471488f70c0","src/core/versioned-json-store.mjs","core","1","ArrowFunctionExpression","<callback:catch>","23","23","false","false"
"fd5866d2580127142e46b58848da2471488f70c0","src/core/versioned-json-store.mjs","core","2","FunctionDeclaration","quarantineCorrupt","21","25","true","false"
"fd5866d2580127142e46b58848da2471488f70c0","src/core/versioned-json-store.mjs","core","3","FunctionExpression","load","28","66","true","false"
"fd5866d2580127142e46b58848da2471488f70c0","src/core/versioned-json-store.mjs","core","4","FunctionExpression","save","68","72","true","false"
"fd5866d2580127142e46b58848da2471488f70c0","src/core/versioned-json-store.mjs","core","5","FunctionDeclaration","createVersionedJsonStore","6","74","false","false"
"fd5866d2580127142e46b58848da2471488f70c0","src/crypto/aead.mjs","crypto","1","FunctionDeclaration","requireKey","3","7","false","false"
"fd5866d2580127142e46b58848da2471488f70c0","src/crypto/aead.mjs","crypto","2","FunctionDeclaration","createAad","9","12","false","false"
"fd5866d2580127142e46b58848da2471488f70c0","src/crypto/aead.mjs","crypto","3","FunctionDeclaration","encryptAead","14","27","false","false"
"fd5866d2580127142e46b58848da2471488f70c0","src/crypto/aead.mjs","crypto","4","FunctionDeclaration","decryptAead","29","42","false","false"
"fd5866d2580127142e46b58848da2471488f70c0","src/crypto/canonical-json.mjs","crypto","1","ArrowFunctionExpression","<callback:map>","18","18","false","false"
"fd5866d2580127142e46b58848da2471488f70c0","src/crypto/canonical-json.mjs","crypto","2","ArrowFunctionExpression","<callback:map>","25","25","false","false"
"fd5866d2580127142e46b58848da2471488f70c0","src/crypto/canonical-json.mjs","crypto","3","FunctionDeclaration","sortValue","1","28","false","false"
"fd5866d2580127142e46b58848da2471488f70c0","src/crypto/canonical-json.mjs","crypto","4","FunctionDeclaration","canonicalJson","30","32","false","false"
"fd5866d2580127142e46b58848da2471488f70c0","src/crypto/digest.mjs","crypto","1","FunctionDeclaration","sha256","3","5","false","false"
"fd5866d2580127142e46b58848da2471488f70c0","src/crypto/keyring-file-storage.mjs","crypto","1","FunctionDeclaration","readJson","4","13","true","false"
"fd5866d2580127142e46b58848da2471488f70c0","src/crypto/keyring-file-storage.mjs","crypto","2","ArrowFunctionExpression","<callback:catch>","22","22","false","false"
"fd5866d2580127142e46b58848da2471488f70c0","src/crypto/keyring-file-storage.mjs","crypto","3","FunctionDeclaration","writeJsonAtomic","15","24","true","false"
"fd5866d2580127142e46b58848da2471488f70c0","src/crypto/keyring-file-storage.mjs","crypto","4","ArrowFunctionExpression","read","30","30","false","false"
"fd5866d2580127142e46b58848da2471488f70c0","src/crypto/keyring-file-storage.mjs","crypto","5","ArrowFunctionExpression","writeAtomic","31","31","false","false"
"fd5866d2580127142e46b58848da2471488f70c0","src/crypto/keyring-file-storage.mjs","crypto","6","ArrowFunctionExpression","readRotation","32","32","false","false"
"fd5866d2580127142e46b58848da2471488f70c0","src/crypto/keyring-file-storage.mjs","crypto","7","ArrowFunctionExpression","writeRotationAtomic","33","33","false","false"
"fd5866d2580127142e46b58848da2471488f70c0","src/crypto/keyring-file-storage.mjs","crypto","8","ArrowFunctionExpression","clearRotation","34","34","false","false"
"fd5866d2580127142e46b58848da2471488f70c0","src/crypto/keyring-file-storage.mjs","crypto","9","FunctionDeclaration","createKeyringFileStorage","26","36","false","false"
"fd5866d2580127142e46b58848da2471488f70c0","src/crypto/keyring.mjs","crypto","1","FunctionDeclaration","checksum","16","18","false","false"
"fd5866d2580127142e46b58848da2471488f70c0","src/crypto/keyring.mjs","crypto","2","FunctionDeclaration","verifyChecksum","20","23","false","false"
"fd5866d2580127142e46b58848da2471488f70c0","src/crypto/keyring.mjs","crypto","3","FunctionDeclaration","validateSecret","25","30","false","false"
"fd5866d2580127142e46b58848da2471488f70c0","src/crypto/keyring.mjs","crypto","4","FunctionDeclaration","secretAad","32","34","false","false"
"fd5866d2580127142e46b58848da2471488f70c0","src/crypto/keyring.mjs","crypto","5","FunctionDeclaration","deriveRecoveryKey","39","51","true","false"
"fd5866d2580127142e46b58848da2471488f70c0","src/crypto/keyring.mjs","crypto","6","FunctionDeclaration","initialize","53","74","true","false"
"fd5866d2580127142e46b58848da2471488f70c0","src/crypto/keyring.mjs","crypto","7","FunctionDeclaration","open","76","94","true","false"
"fd5866d2580127142e46b58848da2471488f70c0","src/crypto/keyring.mjs","crypto","8","FunctionDeclaration","openWithRecovery","96","131","true","false"
"fd5866d2580127142e46b58848da2471488f70c0","src/crypto/keyring.mjs","crypto","9","FunctionDeclaration","setSecret","133","150","true","false"
"fd5866d2580127142e46b58848da2471488f70c0","src/crypto/keyring.mjs","crypto","10","FunctionDeclaration","hasSecret","152","156","true","false"
"fd5866d2580127142e46b58848da2471488f70c0","src/crypto/keyring.mjs","crypto","11","FunctionDeclaration","getSecret","158","169","true","false"
"fd5866d2580127142e46b58848da2471488f70c0","src/crypto/keyring.mjs","crypto","12","FunctionDeclaration","deleteSecret","171","180","true","false"
"fd5866d2580127142e46b58848da2471488f70c0","src/crypto/keyring.mjs","crypto","13","ArrowFunctionExpression","<callback:map>","239","246","false","false"
"fd5866d2580127142e46b58848da2471488f70c0","src/crypto/keyring.mjs","crypto","14","FunctionDeclaration","rotate","182","296","true","false"
"fd5866d2580127142e46b58848da2471488f70c0","src/crypto/keyring.mjs","crypto","15","FunctionDeclaration","createKeyring","36","301","false","false"
"fd5866d2580127142e46b58848da2471488f70c0","src/crypto/recovery-phrase.mjs","crypto","1","FunctionDeclaration","normalizeRecoveryPhrase","6","8","false","false"
"fd5866d2580127142e46b58848da2471488f70c0","src/crypto/recovery-phrase.mjs","crypto","2","FunctionDeclaration","generateRecoveryPhrase","10","12","false","false"
"fd5866d2580127142e46b58848da2471488f70c0","src/crypto/recovery-phrase.mjs","crypto","3","FunctionDeclaration","validateRecoveryPhrase","14","17","false","false"
"fd5866d2580127142e46b58848da2471488f70c0","src/crypto/safe-storage-adapter.mjs","crypto","1","FunctionExpression","wrap","6","9","false","false"
"fd5866d2580127142e46b58848da2471488f70c0","src/crypto/safe-storage-adapter.mjs","crypto","2","FunctionExpression","unwrap","10","15","false","false"
"fd5866d2580127142e46b58848da2471488f70c0","src/crypto/safe-storage-adapter.mjs","crypto","3","FunctionDeclaration","createSafeStorageAdapter","1","17","false","false"
"fd5866d2580127142e46b58848da2471488f70c0","src/devices/android-transport-client.mjs","devices","1","ArrowFunctionExpression","<callback:some>","11","11","false","false"
"fd5866d2580127142e46b58848da2471488f70c0","src/devices/android-transport-client.mjs","devices","2","ArrowFunctionExpression","<callback:map>","15","15","false","false"
"fd5866d2580127142e46b58848da2471488f70c0","src/devices/android-transport-client.mjs","devices","3","FunctionDeclaration","connect","20","30","true","false"
"fd5866d2580127142e46b58848da2471488f70c0","src/devices/android-transport-client.mjs","devices","4","ArrowFunctionExpression","<callback:filter>","34","35","false","false"
"fd5866d2580127142e46b58848da2471488f70c0","src/devices/android-transport-client.mjs","devices","5","ArrowFunctionExpression","<callback:sort>","36","37","false","false"
"fd5866d2580127142e46b58848da2471488f70c0","src/devices/android-transport-client.mjs","devices","6","FunctionDeclaration","availableEndpoints","32","38","false","false"
"fd5866d2580127142e46b58848da2471488f70c0","src/devices/android-transport-client.mjs","devices","7","FunctionDeclaration","deliver","40","60","true","false"
"fd5866d2580127142e46b58848da2471488f70c0","src/devices/android-transport-client.mjs","devices","8","ArrowFunctionExpression","<callback:some>","66","66","false","false"
"fd5866d2580127142e46b58848da2471488f70c0","src/devices/android-transport-client.mjs","devices","9","ArrowFunctionExpression","<callback:find>","67","67","false","false"
"fd5866d2580127142e46b58848da2471488f70c0","src/devices/android-transport-client.mjs","devices","10","ArrowFunctionExpression","<callback:some>","73","73","false","false"
"fd5866d2580127142e46b58848da2471488f70c0","src/devices/android-transport-client.mjs","devices","11","FunctionDeclaration","pump","62","75","true","false"
"fd5866d2580127142e46b58848da2471488f70c0","src/devices/android-transport-client.mjs","devices","12","ArrowFunctionExpression","<anonymous>","82","85","false","false"
"fd5866d2580127142e46b58848da2471488f70c0","src/devices/android-transport-client.mjs","devices","13","FunctionDeclaration","send","77","86","true","false"
"fd5866d2580127142e46b58848da2471488f70c0","src/devices/android-transport-client.mjs","devices","14","FunctionDeclaration","createAndroidTransportClient","5","89","false","false"
"fd5866d2580127142e46b58848da2471488f70c0","src/devices/android-transport.mjs","devices","1","FunctionDeclaration","classifyAdbEndpoint","1","4","false","false"
"fd5866d2580127142e46b58848da2471488f70c0","src/devices/android-transport.mjs","devices","2","FunctionDeclaration","observe","10","22","true","false"
"fd5866d2580127142e46b58848da2471488f70c0","src/devices/android-transport.mjs","devices","3","FunctionDeclaration","createAndroidTransport","6","24","false","false"
"fd5866d2580127142e46b58848da2471488f70c0","src/devices/chat-channel.mjs","devices","1","ArrowFunctionExpression","<callback:catch>","52","56","false","false"
"fd5866d2580127142e46b58848da2471488f70c0","src/devices/chat-channel.mjs","devices","2","ArrowFunctionExpression","persist","50","57","true","false"
"fd5866d2580127142e46b58848da2471488f70c0","src/devices/chat-channel.mjs","devices","3","ArrowFunctionExpression","epochKeyFor","59","69","false","false"
"fd5866d2580127142e46b58848da2471488f70c0","src/devices/chat-channel.mjs","devices","4","ArrowFunctionExpression","<callback:catch>","74","74","false","false"
"fd5866d2580127142e46b58848da2471488f70c0","src/devices/chat-channel.mjs","devices","5","FunctionExpression","load","72","77","true","false"
"fd5866d2580127142e46b58848da2471488f70c0","src/devices/chat-channel.mjs","devices","6","FunctionExpression","start","79","106","true","false"
"fd5866d2580127142e46b58848da2471488f70c0","src/devices/chat-channel.mjs","devices","7","FunctionExpression","stop","108","115","true","false"
"fd5866d2580127142e46b58848da2471488f70c0","src/devices/chat-channel.mjs","devices","8","FunctionExpression","status","118","134","false","false"
"fd5866d2580127142e46b58848da2471488f70c0","src/devices/chat-channel.mjs","devices","9","FunctionExpression","openPairing","136","140","false","false"
"fd5866d2580127142e46b58848da2471488f70c0","src/devices/chat-channel.mjs","devices","10","FunctionExpression","sendMedia","143","146","true","false"
"fd5866d2580127142e46b58848da2471488f70c0","src/devices/chat-channel.mjs","devices","11","FunctionExpression","sendDial","149","152","true","false"
"fd5866d2580127142e46b58848da2471488f70c0","src/devices/chat-channel.mjs","devices","12","FunctionExpression","closePairing","154","156","false","false"
"fd5866d2580127142e46b58848da2471488f70c0","src/devices/chat-channel.mjs","devices","13","FunctionExpression","revoke","158","165","true","false"
"fd5866d2580127142e46b58848da2471488f70c0","src/devices/chat-channel.mjs","devices","14","FunctionExpression","persistNow","167","170","true","false"
"fd5866d2580127142e46b58848da2471488f70c0","src/devices/chat-channel.mjs","devices","15","ArrowFunctionExpression","devices","172","172","false","false"
"fd5866d2580127142e46b58848da2471488f70c0","src/devices/chat-channel.mjs","devices","16","FunctionDeclaration","createChatChannel","24","174","false","false"
"fd5866d2580127142e46b58848da2471488f70c0","src/devices/chat-crypto.mjs","devices","1","ArrowFunctionExpression","requireKey","27","31","false","false"
"fd5866d2580127142e46b58848da2471488f70c0","src/devices/chat-crypto.mjs","devices","2","ArrowFunctionExpression","deriveAttachmentKey","34","40","false","false"
"fd5866d2580127142e46b58848da2471488f70c0","src/devices/chat-crypto.mjs","devices","3","FunctionDeclaration","deriveDeviceWrapKey","51","66","false","false"
"fd5866d2580127142e46b58848da2471488f70c0","src/devices/chat-crypto.mjs","devices","4","FunctionDeclaration","epochWrapAad","70","76","false","false"
"fd5866d2580127142e46b58848da2471488f70c0","src/devices/chat-crypto.mjs","devices","5","FunctionDeclaration","wrapEpochKey","78","92","false","false"
"fd5866d2580127142e46b58848da2471488f70c0","src/devices/chat-crypto.mjs","devices","6","FunctionDeclaration","unwrapEpochKey","94","100","false","false"
"fd5866d2580127142e46b58848da2471488f70c0","src/devices/chat-crypto.mjs","devices","7","FunctionExpression","encryptAndSign","110","127","false","false"
"fd5866d2580127142e46b58848da2471488f70c0","src/devices/chat-crypto.mjs","devices","8","FunctionExpression","verifyAndDecrypt","133","135","false","false"
"fd5866d2580127142e46b58848da2471488f70c0","src/devices/chat-crypto.mjs","devices","9","FunctionExpression","verifyAndDecryptBytes","142","162","false","false"
"fd5866d2580127142e46b58848da2471488f70c0","src/devices/chat-crypto.mjs","devices","10","FunctionDeclaration","createChatCrypto","102","164","false","false"
"fd5866d2580127142e46b58848da2471488f70c0","src/devices/chat-device-registry.mjs","devices","1","ArrowFunctionExpression","emptyState","14","14","false","false"
"fd5866d2580127142e46b58848da2471488f70c0","src/devices/chat-device-registry.mjs","devices","2","ArrowFunctionExpression","snapshot","29","33","false","false"
"fd5866d2580127142e46b58848da2471488f70c0","src/devices/chat-device-registry.mjs","devices","3","ArrowFunctionExpression","keyEpoch","40","40","false","false"
"fd5866d2580127142e46b58848da2471488f70c0","src/devices/chat-device-registry.mjs","devices","4","ArrowFunctionExpression","<callback:map>","43","49","false","false"
"fd5866d2580127142e46b58848da2471488f70c0","src/devices/chat-device-registry.mjs","devices","5","ArrowFunctionExpression","list","43","49","false","false"
"fd5866d2580127142e46b58848da2471488f70c0","src/devices/chat-device-registry.mjs","devices","6","ArrowFunctionExpression","isApproved","51","51","false","false"
"fd5866d2580127142e46b58848da2471488f70c0","src/devices/chat-device-registry.mjs","devices","7","ArrowFunctionExpression","publicKeyOf","53","53","false","false"
"fd5866d2580127142e46b58848da2471488f70c0","src/devices/chat-device-registry.mjs","devices","8","FunctionExpression","openPairing","59","64","false","false"
"fd5866d2580127142e46b58848da2471488f70c0","src/devices/chat-device-registry.mjs","devices","9","FunctionExpression","closePairing","66","68","false","false"
"fd5866d2580127142e46b58848da2471488f70c0","src/devices/chat-device-registry.mjs","devices","10","FunctionExpression","pairingOpen","70","77","false","false"
"fd5866d2580127142e46b58848da2471488f70c0","src/devices/chat-device-registry.mjs","devices","11","FunctionExpression","approve","83","111","false","false"
"fd5866d2580127142e46b58848da2471488f70c0","src/devices/chat-device-registry.mjs","devices","12","FunctionExpression","touch","113","116","false","false"
"fd5866d2580127142e46b58848da2471488f70c0","src/devices/chat-device-registry.mjs","devices","13","FunctionExpression","revoke","122","128","false","false"
"fd5866d2580127142e46b58848da2471488f70c0","src/devices/chat-device-registry.mjs","devices","14","FunctionExpression","forget","131","133","false","false"
"fd5866d2580127142e46b58848da2471488f70c0","src/devices/chat-device-registry.mjs","devices","15","FunctionDeclaration","createChatDeviceRegistry","21","135","false","false"
"fd5866d2580127142e46b58848da2471488f70c0","src/devices/chat-history-snapshot.mjs","devices","1","ArrowFunctionExpression","<anonymous>","12","12","false","false"
"fd5866d2580127142e46b58848da2471488f70c0","src/devices/chat-history-snapshot.mjs","devices","2","ArrowFunctionExpression","<callback:map>","42","45","false","false"
"fd5866d2580127142e46b58848da2471488f70c0","src/devices/chat-history-snapshot.mjs","devices","3","FunctionExpression","capture","23","53","true","false"
"fd5866d2580127142e46b58848da2471488f70c0","src/devices/chat-history-snapshot.mjs","devices","4","ArrowFunctionExpression","<callback:map>","60","60","false","false"
"fd5866d2580127142e46b58848da2471488f70c0","src/devices/chat-history-snapshot.mjs","devices","5","FunctionExpression","brief","56","61","true","false"
"fd5866d2580127142e46b58848da2471488f70c0","src/devices/chat-history-snapshot.mjs","devices","6","FunctionDeclaration","createChatHistorySnapshot","12","63","false","false"
"fd5866d2580127142e46b58848da2471488f70c0","src/devices/chat-ledger.mjs","devices","1","ArrowFunctionExpression","trim","35","41","false","false"
"fd5866d2580127142e46b58848da2471488f70c0","src/devices/chat-ledger.mjs","devices","2","ArrowFunctionExpression","<callback:catch>","48","48","false","false"
"fd5866d2580127142e46b58848da2471488f70c0","src/devices/chat-ledger.mjs","devices","3","FunctionExpression","load","46","55","true","false"
"fd5866d2580127142e46b58848da2471488f70c0","src/devices/chat-ledger.mjs","devices","4","ArrowFunctionExpression","<callback:map>","61","63","false","false"
"fd5866d2580127142e46b58848da2471488f70c0","src/devices/chat-ledger.mjs","devices","5","ArrowFunctionExpression","<callback:catch>","64","64","false","false"
"fd5866d2580127142e46b58848da2471488f70c0","src/devices/chat-ledger.mjs","devices","6","FunctionExpression","persist","57","65","true","false"
"fd5866d2580127142e46b58848da2471488f70c0","src/devices/chat-ledger.mjs","devices","7","FunctionExpression","recall","68","70","false","false"
"fd5866d2580127142e46b58848da2471488f70c0","src/devices/chat-ledger.mjs","devices","8","ArrowFunctionExpression","size","72","72","false","false"
"fd5866d2580127142e46b58848da2471488f70c0","src/devices/chat-ledger.mjs","devices","9","ArrowFunctionExpression","<callback:setTimeout>","89","89","false","false"
"fd5866d2580127142e46b58848da2471488f70c0","src/devices/chat-ledger.mjs","devices","10","ArrowFunctionExpression","<anonymous>","88","90","false","false"
"fd5866d2580127142e46b58848da2471488f70c0","src/devices/chat-ledger.mjs","devices","11","ArrowFunctionExpression","<callback:call>","85","92","true","false"
"fd5866d2580127142e46b58848da2471488f70c0","src/devices/chat-ledger.mjs","devices","12","FunctionExpression","once","78","105","true","false"
"fd5866d2580127142e46b58848da2471488f70c0","src/devices/chat-ledger.mjs","devices","13","ArrowFunctionExpression","inFlight","108","108","false","false"
"fd5866d2580127142e46b58848da2471488f70c0","src/devices/chat-ledger.mjs","devices","14","FunctionDeclaration","createChatLedger","23","110","false","false"
"fd5866d2580127142e46b58848da2471488f70c0","src/devices/chat-relay.mjs","devices","1","ArrowFunctionExpression","note","49","49","false","false"
"fd5866d2580127142e46b58848da2471488f70c0","src/devices/chat-relay.mjs","devices","2","ArrowFunctionExpression","toEnvelope","56","59","false","false"
"fd5866d2580127142e46b58848da2471488f70c0","src/devices/chat-relay.mjs","devices","3","ArrowFunctionExpression","<callback:catch>","70","70","false","false"
"fd5866d2580127142e46b58848da2471488f70c0","src/devices/chat-relay.mjs","devices","4","ArrowFunctionExpression","<callback:catch>","77","77","false","false"
"fd5866d2580127142e46b58848da2471488f70c0","src/devices/chat-relay.mjs","devices","5","ArrowFunctionExpression","<callback:catch>","83","83","false","false"
"fd5866d2580127142e46b58848da2471488f70c0","src/devices/chat-relay.mjs","devices","6","ArrowFunctionExpression","<callback:catch>","102","102","false","false"
"fd5866d2580127142e46b58848da2471488f70c0","src/devices/chat-relay.mjs","devices","7","ArrowFunctionExpression","<callback:once>","117","119","false","false"
"fd5866d2580127142e46b58848da2471488f70c0","src/devices/chat-relay.mjs","devices","8","ArrowFunctionExpression","<callback:catch>","145","145","false","false"
"fd5866d2580127142e46b58848da2471488f70c0","src/devices/chat-relay.mjs","devices","9","FunctionDeclaration","handleDocument","61","147","true","false"
"fd5866d2580127142e46b58848da2471488f70c0","src/devices/chat-relay.mjs","devices","10","ArrowFunctionExpression","<callback:catch>","155","158","false","false"
"fd5866d2580127142e46b58848da2471488f70c0","src/devices/chat-relay.mjs","devices","11","ArrowFunctionExpression","<callback:watch>","152","160","true","false"
"fd5866d2580127142e46b58848da2471488f70c0","src/devices/chat-relay.mjs","devices","12","FunctionExpression","start","150","162","false","false"
"fd5866d2580127142e46b58848da2471488f70c0","src/devices/chat-relay.mjs","devices","13","FunctionExpression","stop","164","168","false","false"
"fd5866d2580127142e46b58848da2471488f70c0","src/devices/chat-relay.mjs","devices","14","ArrowFunctionExpression","status","170","175","false","false"
"fd5866d2580127142e46b58848da2471488f70c0","src/devices/chat-relay.mjs","devices","15","FunctionDeclaration","createChatRelay","31","177","false","false"
"fd5866d2580127142e46b58848da2471488f70c0","src/devices/chat-responder.mjs","devices","1","ArrowFunctionExpression","<callback:map>","39","39","false","false"
"fd5866d2580127142e46b58848da2471488f70c0","src/devices/chat-responder.mjs","devices","2","FunctionExpression","respond","27","67","true","false"
"fd5866d2580127142e46b58848da2471488f70c0","src/devices/chat-responder.mjs","devices","3","FunctionDeclaration","createChatResponder","24","68","false","false"
"fd5866d2580127142e46b58848da2471488f70c0","src/devices/chat-server.mjs","devices","1","ArrowFunctionExpression","<callback:map>","29","29","false","false"
"fd5866d2580127142e46b58848da2471488f70c0","src/devices/chat-server.mjs","devices","2","ArrowFunctionExpression","verifyIdentityProof","26","36","false","false"
"fd5866d2580127142e46b58848da2471488f70c0","src/devices/chat-server.mjs","devices","3","ArrowFunctionExpression","publicKeyFromSpki","38","42","false","false"
"fd5866d2580127142e46b58848da2471488f70c0","src/devices/chat-server.mjs","devices","4","ArrowFunctionExpression","note","70","70","false","false"
"fd5866d2580127142e46b58848da2471488f70c0","src/devices/chat-server.mjs","devices","5","ArrowFunctionExpression","rejectSocket","75","79","false","false"
"fd5866d2580127142e46b58848da2471488f70c0","src/devices/chat-server.mjs","devices","6","FunctionDeclaration","handleHello","81","138","true","false"
"fd5866d2580127142e46b58848da2471488f70c0","src/devices/chat-server.mjs","devices","7","ArrowFunctionExpression","<callback:once>","204","206","false","false"
"fd5866d2580127142e46b58848da2471488f70c0","src/devices/chat-server.mjs","devices","8","FunctionDeclaration","handleEvent","140","230","true","false"
"fd5866d2580127142e46b58848da2471488f70c0","src/devices/chat-server.mjs","devices","9","ArrowFunctionExpression","seal","250","266","false","false"
"fd5866d2580127142e46b58848da2471488f70c0","src/devices/chat-server.mjs","devices","10","FunctionDeclaration","sendMediaToDevice","238","273","true","false"
"fd5866d2580127142e46b58848da2471488f70c0","src/devices/chat-server.mjs","devices","11","FunctionDeclaration","sendDialToDevice","280","309","true","false"
"fd5866d2580127142e46b58848da2471488f70c0","src/devices/chat-server.mjs","devices","12","ArrowFunctionExpression","<callback:createServer>","313","316","false","false"
"fd5866d2580127142e46b58848da2471488f70c0","src/devices/chat-server.mjs","devices","13","ArrowFunctionExpression","<callback:setTimeout>","327","329","false","false"
"fd5866d2580127142e46b58848da2471488f70c0","src/devices/chat-server.mjs","devices","14","ArrowFunctionExpression","<callback:on>","331","348","true","false"
"fd5866d2580127142e46b58848da2471488f70c0","src/devices/chat-server.mjs","devices","15","ArrowFunctionExpression","<callback:on>","350","353","false","false"
"fd5866d2580127142e46b58848da2471488f70c0","src/devices/chat-server.mjs","devices","16","ArrowFunctionExpression","<callback:on>","354","354","false","false"
"fd5866d2580127142e46b58848da2471488f70c0","src/devices/chat-server.mjs","devices","17","ArrowFunctionExpression","<callback:on>","319","355","false","false"
"fd5866d2580127142e46b58848da2471488f70c0","src/devices/chat-server.mjs","devices","18","ArrowFunctionExpression","permanent","360","360","false","false"
"fd5866d2580127142e46b58848da2471488f70c0","src/devices/chat-server.mjs","devices","19","ArrowFunctionExpression","onError","365","365","false","false"
"fd5866d2580127142e46b58848da2471488f70c0","src/devices/chat-server.mjs","devices","20","ArrowFunctionExpression","<callback:listen>","368","372","false","false"
"fd5866d2580127142e46b58848da2471488f70c0","src/devices/chat-server.mjs","devices","21","ArrowFunctionExpression","<anonymous>","364","373","false","false"
"fd5866d2580127142e46b58848da2471488f70c0","src/devices/chat-server.mjs","devices","22","FunctionExpression","listen","312","391","true","false"
"fd5866d2580127142e46b58848da2471488f70c0","src/devices/chat-server.mjs","devices","23","ArrowFunctionExpression","connectedDevices","394","394","false","false"
"fd5866d2580127142e46b58848da2471488f70c0","src/devices/chat-server.mjs","devices","24","ArrowFunctionExpression","<anonymous>","402","402","false","false"
"fd5866d2580127142e46b58848da2471488f70c0","src/devices/chat-server.mjs","devices","25","ArrowFunctionExpression","<anonymous>","403","403","false","false"
"fd5866d2580127142e46b58848da2471488f70c0","src/devices/chat-server.mjs","devices","26","FunctionExpression","close","399","407","true","false"
"fd5866d2580127142e46b58848da2471488f70c0","src/devices/chat-server.mjs","devices","27","FunctionDeclaration","createChatServer","51","409","false","false"
"fd5866d2580127142e46b58848da2471488f70c0","src/devices/device-identity-proof.mjs","devices","1","ArrowFunctionExpression","<callback:map>","4","4","false","false"
"fd5866d2580127142e46b58848da2471488f70c0","src/devices/device-identity-proof.mjs","devices","2","FunctionDeclaration","framed","3","5","false","false"
"fd5866d2580127142e46b58848da2471488f70c0","src/devices/device-identity-proof.mjs","devices","3","FunctionDeclaration","verifyDeviceProof","7","19","false","false"
"fd5866d2580127142e46b58848da2471488f70c0","src/devices/firebase-transport.mjs","devices","1","ArrowFunctionExpression","<callback:some>","18","18","false","false"
"fd5866d2580127142e46b58848da2471488f70c0","src/devices/firebase-transport.mjs","devices","2","ArrowFunctionExpression","<callback:filter>","19","19","false","false"
"fd5866d2580127142e46b58848da2471488f70c0","src/devices/firebase-transport.mjs","devices","3","ArrowFunctionExpression","<callback:map>","19","19","false","false"
"fd5866d2580127142e46b58848da2471488f70c0","src/devices/firebase-transport.mjs","devices","4","FunctionDeclaration","safeRecord","10","20","false","false"
"fd5866d2580127142e46b58848da2471488f70c0","src/devices/firebase-transport.mjs","devices","5","ArrowFunctionExpression","<anonymous>","22","22","false","false"
"fd5866d2580127142e46b58848da2471488f70c0","src/devices/firebase-transport.mjs","devices","6","ArrowFunctionExpression","now","27","27","false","false"
"fd5866d2580127142e46b58848da2471488f70c0","src/devices/firebase-transport.mjs","devices","7","FunctionDeclaration","enqueue","29","38","true","false"
"fd5866d2580127142e46b58848da2471488f70c0","src/devices/firebase-transport.mjs","devices","8","FunctionDeclaration","receive","40","53","true","false"
"fd5866d2580127142e46b58848da2471488f70c0","src/devices/firebase-transport.mjs","devices","9","FunctionDeclaration","createFirebaseTransport","22","56","false","false"
"fd5866d2580127142e46b58848da2471488f70c0","src/devices/firestore-relay-adapter.mjs","devices","1","ArrowFunctionExpression","<callback:filter>","37","37","false","false"
"fd5866d2580127142e46b58848da2471488f70c0","src/devices/firestore-relay-adapter.mjs","devices","2","ArrowFunctionExpression","<callback:map>","38","38","false","false"
"fd5866d2580127142e46b58848da2471488f70c0","src/devices/firestore-relay-adapter.mjs","devices","3","ArrowFunctionExpression","<callback:onSnapshot>","35","40","false","false"
"fd5866d2580127142e46b58848da2471488f70c0","src/devices/firestore-relay-adapter.mjs","devices","4","ArrowFunctionExpression","<callback:onSnapshot>","43","43","false","false"
"fd5866d2580127142e46b58848da2471488f70c0","src/devices/firestore-relay-adapter.mjs","devices","5","FunctionExpression","watch","31","45","false","false"
"fd5866d2580127142e46b58848da2471488f70c0","src/devices/firestore-relay-adapter.mjs","devices","6","FunctionExpression","put","47","49","true","false"
"fd5866d2580127142e46b58848da2471488f70c0","src/devices/firestore-relay-adapter.mjs","devices","7","FunctionExpression","remove","51","53","true","false"
"fd5866d2580127142e46b58848da2471488f70c0","src/devices/firestore-relay-adapter.mjs","devices","8","FunctionDeclaration","createFirestoreRelayAdapter","20","55","true","false"
"fd5866d2580127142e46b58848da2471488f70c0","src/devices/firestore-relay-adapter.mjs","devices","9","ArrowFunctionExpression","<callback:find>","60","60","false","false"
"fd5866d2580127142e46b58848da2471488f70c0","src/devices/firestore-relay-adapter.mjs","devices","10","FunctionDeclaration","firebaseConfigFromGoogleServices","58","71","false","false"
"fd5866d2580127142e46b58848da2471488f70c0","src/devices/pc-chat-identity.mjs","devices","1","ArrowFunctionExpression","identityKey","16","22","false","false"
"fd5866d2580127142e46b58848da2471488f70c0","src/devices/pc-chat-identity.mjs","devices","2","ArrowFunctionExpression","<callback:catch>","38","38","false","false"
"fd5866d2580127142e46b58848da2471488f70c0","src/devices/pc-chat-identity.mjs","devices","3","FunctionDeclaration","loadOrCreatePcChatIdentity","33","86","true","false"
"fd5866d2580127142e46b58848da2471488f70c0","src/devices/pc-chat-identity.mjs","devices","4","ArrowFunctionExpression","<callback:catch>","90","90","false","false"
"fd5866d2580127142e46b58848da2471488f70c0","src/devices/pc-chat-identity.mjs","devices","5","FunctionDeclaration","readPcChatPublicKey","89","92","true","false"
"fd5866d2580127142e46b58848da2471488f70c0","src/devices/phone-message-sync.mjs","devices","1","ArrowFunctionExpression","<callback:every>","10","11","false","false"
"fd5866d2580127142e46b58848da2471488f70c0","src/devices/phone-message-sync.mjs","devices","2","FunctionDeclaration","telegramReplyTarget","7","15","false","false"
"fd5866d2580127142e46b58848da2471488f70c0","src/devices/phone-message-sync.mjs","devices","3","ArrowFunctionExpression","<anonymous>","25","25","false","false"
"fd5866d2580127142e46b58848da2471488f70c0","src/devices/phone-message-sync.mjs","devices","4","FunctionDeclaration","advanceTelegramMessage","39","69","true","false"
"fd5866d2580127142e46b58848da2471488f70c0","src/devices/phone-message-sync.mjs","devices","5","FunctionDeclaration","synchronize","71","104","true","false"
"fd5866d2580127142e46b58848da2471488f70c0","src/devices/phone-message-sync.mjs","devices","6","FunctionDeclaration","run","106","114","true","false"
"fd5866d2580127142e46b58848da2471488f70c0","src/devices/phone-message-sync.mjs","devices","7","FunctionDeclaration","createPhoneMessageSync","19","117","false","false"
"fd5866d2580127142e46b58848da2471488f70c0","src/devices/physical-device-registry.mjs","devices","1","ArrowFunctionExpression","<callback:sort>","6","7","false","false"
"fd5866d2580127142e46b58848da2471488f70c0","src/devices/physical-device-registry.mjs","devices","2","ArrowFunctionExpression","<callback:map>","8","8","false","false"
"fd5866d2580127142e46b58848da2471488f70c0","src/devices/physical-device-registry.mjs","devices","3","FunctionDeclaration","publicDevice","4","10","false","false"
"fd5866d2580127142e46b58848da2471488f70c0","src/devices/physical-device-registry.mjs","devices","4","FunctionDeclaration","observeEndpoint","16","35","false","false"
"fd5866d2580127142e46b58848da2471488f70c0","src/devices/physical-device-registry.mjs","devices","5","FunctionDeclaration","resolveOwnerDevice","37","45","false","false"
"fd5866d2580127142e46b58848da2471488f70c0","src/devices/physical-device-registry.mjs","devices","6","ArrowFunctionExpression","<callback:find>","49","49","false","false"
"fd5866d2580127142e46b58848da2471488f70c0","src/devices/physical-device-registry.mjs","devices","7","FunctionDeclaration","preferredTransport","47","52","false","false"
"fd5866d2580127142e46b58848da2471488f70c0","src/devices/physical-device-registry.mjs","devices","8","FunctionDeclaration","markUnhealthy","54","60","false","false"
"fd5866d2580127142e46b58848da2471488f70c0","src/devices/physical-device-registry.mjs","devices","9","FunctionDeclaration","pruneAbsentEndpoints","66","75","false","false"
"fd5866d2580127142e46b58848da2471488f70c0","src/devices/physical-device-registry.mjs","devices","10","FunctionDeclaration","createPhysicalDeviceRegistry","12","78","false","false"
"fd5866d2580127142e46b58848da2471488f70c0","src/devices/secure-envelope.mjs","devices","1","FunctionDeclaration","base64","6","11","false","false"
"fd5866d2580127142e46b58848da2471488f70c0","src/devices/secure-envelope.mjs","devices","2","FunctionDeclaration","fields","13","28","false","false"
"fd5866d2580127142e46b58848da2471488f70c0","src/devices/secure-envelope.mjs","devices","3","ArrowFunctionExpression","<callback:map>","31","34","false","false"
"fd5866d2580127142e46b58848da2471488f70c0","src/devices/secure-envelope.mjs","devices","4","FunctionDeclaration","framed","30","35","false","false"
"fd5866d2580127142e46b58848da2471488f70c0","src/devices/secure-envelope.mjs","devices","5","FunctionDeclaration","canonicalEnvelopeHeader","37","39","false","false"
"fd5866d2580127142e46b58848da2471488f70c0","src/devices/secure-envelope.mjs","devices","6","FunctionDeclaration","canonicalEnvelopeSigningBytes","41","45","false","false"
"fd5866d2580127142e46b58848da2471488f70c0","src/devices/secure-envelope.mjs","devices","7","FunctionDeclaration","verifyAndDecryptEnvelope","47","80","false","false"
"fd5866d2580127142e46b58848da2471488f70c0","src/diagnostics/activity-journal.mjs","diagnostics","1","ArrowFunctionExpression","strip","22","37","false","false"
"fd5866d2580127142e46b58848da2471488f70c0","src/diagnostics/activity-journal.mjs","diagnostics","2","ArrowFunctionExpression","<callback:reduce>","44","44","false","false"
"fd5866d2580127142e46b58848da2471488f70c0","src/diagnostics/activity-journal.mjs","diagnostics","3","FunctionDeclaration","sanitizeJournalPayload","20","51","false","false"
"fd5866d2580127142e46b58848da2471488f70c0","src/diagnostics/activity-journal.mjs","diagnostics","4","ArrowFunctionExpression","redactSecrets","54","57","false","false"
"fd5866d2580127142e46b58848da2471488f70c0","src/diagnostics/activity-journal.mjs","diagnostics","5","ArrowFunctionExpression","dayStamp","59","59","false","false"
"fd5866d2580127142e46b58848da2471488f70c0","src/diagnostics/activity-journal.mjs","diagnostics","6","ArrowFunctionExpression","filenameFor","78","78","false","false"
"fd5866d2580127142e46b58848da2471488f70c0","src/diagnostics/activity-journal.mjs","diagnostics","7","ArrowFunctionExpression","<callback:catch>","81","81","false","false"
"fd5866d2580127142e46b58848da2471488f70c0","src/diagnostics/activity-journal.mjs","diagnostics","8","ArrowFunctionExpression","ensureDirectory","80","83","false","false"
"fd5866d2580127142e46b58848da2471488f70c0","src/diagnostics/activity-journal.mjs","diagnostics","9","FunctionDeclaration","serialize","87","96","false","false"
"fd5866d2580127142e46b58848da2471488f70c0","src/diagnostics/activity-journal.mjs","diagnostics","10","ArrowFunctionExpression","<callback:then>","109","109","false","false"
"fd5866d2580127142e46b58848da2471488f70c0","src/diagnostics/activity-journal.mjs","diagnostics","11","ArrowFunctionExpression","<callback:then>","110","110","false","false"
"fd5866d2580127142e46b58848da2471488f70c0","src/diagnostics/activity-journal.mjs","diagnostics","12","ArrowFunctionExpression","<callback:catch>","111","111","false","false"
"fd5866d2580127142e46b58848da2471488f70c0","src/diagnostics/activity-journal.mjs","diagnostics","13","FunctionExpression","append","100","113","false","false"
"fd5866d2580127142e46b58848da2471488f70c0","src/diagnostics/activity-journal.mjs","diagnostics","14","ArrowFunctionExpression","<callback:catch>","123","123","false","false"
"fd5866d2580127142e46b58848da2471488f70c0","src/diagnostics/activity-journal.mjs","diagnostics","15","ArrowFunctionExpression","<callback:sort>","135","135","false","false"
"fd5866d2580127142e46b58848da2471488f70c0","src/diagnostics/activity-journal.mjs","diagnostics","16","FunctionExpression","read","117","136","true","false"
"fd5866d2580127142e46b58848da2471488f70c0","src/diagnostics/activity-journal.mjs","diagnostics","17","ArrowFunctionExpression","<callback:catch>","141","141","false","false"
"fd5866d2580127142e46b58848da2471488f70c0","src/diagnostics/activity-journal.mjs","diagnostics","18","ArrowFunctionExpression","<callback:catch>","147","147","false","false"
"fd5866d2580127142e46b58848da2471488f70c0","src/diagnostics/activity-journal.mjs","diagnostics","19","FunctionExpression","purge","140","151","true","false"
"fd5866d2580127142e46b58848da2471488f70c0","src/diagnostics/activity-journal.mjs","diagnostics","20","FunctionDeclaration","createActivityJournal","61","153","false","false"
"fd5866d2580127142e46b58848da2471488f70c0","src/diagnostics/error-aggregator.mjs","diagnostics","1","ArrowFunctionExpression","<callback:replace>","8","8","false","false"
"fd5866d2580127142e46b58848da2471488f70c0","src/diagnostics/error-aggregator.mjs","diagnostics","2","FunctionDeclaration","redact","7","9","false","false"
"fd5866d2580127142e46b58848da2471488f70c0","src/diagnostics/error-aggregator.mjs","diagnostics","3","FunctionDeclaration","signatureKey","11","13","false","false"
"fd5866d2580127142e46b58848da2471488f70c0","src/diagnostics/error-aggregator.mjs","diagnostics","4","FunctionDeclaration","record","19","31","false","false"
"fd5866d2580127142e46b58848da2471488f70c0","src/diagnostics/error-aggregator.mjs","diagnostics","5","ArrowFunctionExpression","<callback:map>","35","35","false","false"
"fd5866d2580127142e46b58848da2471488f70c0","src/diagnostics/error-aggregator.mjs","diagnostics","6","ArrowFunctionExpression","list","35","35","false","false"
"fd5866d2580127142e46b58848da2471488f70c0","src/diagnostics/error-aggregator.mjs","diagnostics","7","FunctionExpression","clear","36","36","false","false"
"fd5866d2580127142e46b58848da2471488f70c0","src/diagnostics/error-aggregator.mjs","diagnostics","8","FunctionDeclaration","createErrorAggregator","15","38","false","false"
"fd5866d2580127142e46b58848da2471488f70c0","src/diagnostics/error-analyst.mjs","diagnostics","1","FunctionDeclaration","analyzeError","105","123","false","false"
"fd5866d2580127142e46b58848da2471488f70c0","src/diagnostics/error-analyst.mjs","diagnostics","2","ArrowFunctionExpression","<callback:map>","126","129","false","false"
"fd5866d2580127142e46b58848da2471488f70c0","src/diagnostics/error-analyst.mjs","diagnostics","3","FunctionDeclaration","analyzeEntries","125","130","false","false"
"fd5866d2580127142e46b58848da2471488f70c0","src/diagnostics/health-service.mjs","diagnostics","1","ArrowFunctionExpression","<callback:map>","8","8","false","false"
"fd5866d2580127142e46b58848da2471488f70c0","src/diagnostics/health-service.mjs","diagnostics","2","FunctionDeclaration","redact","4","11","false","false"
"fd5866d2580127142e46b58848da2471488f70c0","src/diagnostics/health-service.mjs","diagnostics","3","ArrowFunctionExpression","<callback:map>","26","26","false","false"
"fd5866d2580127142e46b58848da2471488f70c0","src/diagnostics/health-service.mjs","diagnostics","4","ArrowFunctionExpression","<callback:filter>","27","27","false","false"
"fd5866d2580127142e46b58848da2471488f70c0","src/diagnostics/health-service.mjs","diagnostics","5","FunctionDeclaration","runOnce","16","30","true","false"
"fd5866d2580127142e46b58848da2471488f70c0","src/diagnostics/health-service.mjs","diagnostics","6","FunctionDeclaration","createHealthService","13","33","false","false"
"fd5866d2580127142e46b58848da2471488f70c0","src/diagnostics/journal-brief.mjs","diagnostics","1","ArrowFunctionExpression","<callback:map>","20","20","false","false"
"fd5866d2580127142e46b58848da2471488f70c0","src/diagnostics/journal-brief.mjs","diagnostics","2","FunctionDeclaration","composeJournalBrief","5","22","false","false"
"fd5866d2580127142e46b58848da2471488f70c0","src/diagnostics/lm-studio-health.mjs","diagnostics","1","FunctionDeclaration","requireLoopbackLmStudioUrl","3","14","false","false"
"fd5866d2580127142e46b58848da2471488f70c0","src/diagnostics/lm-studio-health.mjs","diagnostics","2","FunctionDeclaration","loaded","16","18","false","false"
"fd5866d2580127142e46b58848da2471488f70c0","src/diagnostics/lm-studio-health.mjs","diagnostics","3","ArrowFunctionExpression","<callback:find>","37","37","false","false"
"fd5866d2580127142e46b58848da2471488f70c0","src/diagnostics/lm-studio-health.mjs","diagnostics","4","ArrowFunctionExpression","<callback:find>","38","38","false","false"
"fd5866d2580127142e46b58848da2471488f70c0","src/diagnostics/lm-studio-health.mjs","diagnostics","5","ArrowFunctionExpression","<callback:find>","39","39","false","false"
"fd5866d2580127142e46b58848da2471488f70c0","src/diagnostics/lm-studio-health.mjs","diagnostics","6","ArrowFunctionExpression","<callback:every>","48","48","false","false"
"fd5866d2580127142e46b58848da2471488f70c0","src/diagnostics/lm-studio-health.mjs","diagnostics","7","FunctionDeclaration","probeLmStudio","20","54","true","false"
"fd5866d2580127142e46b58848da2471488f70c0","src/diagnostics/sensitive-journal-store.mjs","diagnostics","1","ArrowFunctionExpression","dayStamp","14","14","false","false"
"fd5866d2580127142e46b58848da2471488f70c0","src/diagnostics/sensitive-journal-store.mjs","diagnostics","2","ArrowFunctionExpression","filenameFor","30","30","false","false"
"fd5866d2580127142e46b58848da2471488f70c0","src/diagnostics/sensitive-journal-store.mjs","diagnostics","3","ArrowFunctionExpression","<callback:catch>","37","37","false","false"
"fd5866d2580127142e46b58848da2471488f70c0","src/diagnostics/sensitive-journal-store.mjs","diagnostics","4","ArrowFunctionExpression","ensureDirectory","36","39","false","false"
"fd5866d2580127142e46b58848da2471488f70c0","src/diagnostics/sensitive-journal-store.mjs","diagnostics","5","FunctionDeclaration","encryptLine","41","54","false","false"
"fd5866d2580127142e46b58848da2471488f70c0","src/diagnostics/sensitive-journal-store.mjs","diagnostics","6","ArrowFunctionExpression","<callback:then>","59","59","false","false"
"fd5866d2580127142e46b58848da2471488f70c0","src/diagnostics/sensitive-journal-store.mjs","diagnostics","7","ArrowFunctionExpression","<callback:then>","60","60","false","false"
"fd5866d2580127142e46b58848da2471488f70c0","src/diagnostics/sensitive-journal-store.mjs","diagnostics","8","ArrowFunctionExpression","<callback:catch>","61","61","false","false"
"fd5866d2580127142e46b58848da2471488f70c0","src/diagnostics/sensitive-journal-store.mjs","diagnostics","9","FunctionDeclaration","writeEncrypted","56","63","false","false"
"fd5866d2580127142e46b58848da2471488f70c0","src/diagnostics/sensitive-journal-store.mjs","diagnostics","10","FunctionExpression","store","67","78","false","false"
"fd5866d2580127142e46b58848da2471488f70c0","src/diagnostics/sensitive-journal-store.mjs","diagnostics","11","FunctionExpression","enableEncryption","82","90","false","false"
"fd5866d2580127142e46b58848da2471488f70c0","src/diagnostics/sensitive-journal-store.mjs","diagnostics","12","ArrowFunctionExpression","isUnlocked","92","92","false","false"
"fd5866d2580127142e46b58848da2471488f70c0","src/diagnostics/sensitive-journal-store.mjs","diagnostics","13","ArrowFunctionExpression","<callback:catch>","101","101","false","false"
"fd5866d2580127142e46b58848da2471488f70c0","src/diagnostics/sensitive-journal-store.mjs","diagnostics","14","FunctionExpression","read","95","118","true","false"
"fd5866d2580127142e46b58848da2471488f70c0","src/diagnostics/sensitive-journal-store.mjs","diagnostics","15","ArrowFunctionExpression","<callback:catch>","121","121","false","false"
"fd5866d2580127142e46b58848da2471488f70c0","src/diagnostics/sensitive-journal-store.mjs","diagnostics","16","ArrowFunctionExpression","<callback:catch>","127","127","false","false"
"fd5866d2580127142e46b58848da2471488f70c0","src/diagnostics/sensitive-journal-store.mjs","diagnostics","17","FunctionExpression","purge","120","131","true","false"
"fd5866d2580127142e46b58848da2471488f70c0","src/diagnostics/sensitive-journal-store.mjs","diagnostics","18","FunctionDeclaration","createSensitiveJournalStore","16","133","false","false"
"fd5866d2580127142e46b58848da2471488f70c0","src/diagnostics/technical-log.mjs","diagnostics","1","ArrowFunctionExpression","action_error","4","4","false","false"
"fd5866d2580127142e46b58848da2471488f70c0","src/diagnostics/technical-log.mjs","diagnostics","2","ArrowFunctionExpression","action_unverified","7","7","false","false"
"fd5866d2580127142e46b58848da2471488f70c0","src/diagnostics/technical-log.mjs","diagnostics","3","ArrowFunctionExpression","camera_vision_error","8","8","false","false"
"fd5866d2580127142e46b58848da2471488f70c0","src/diagnostics/technical-log.mjs","diagnostics","4","ArrowFunctionExpression","cursor_error","9","9","false","false"
"fd5866d2580127142e46b58848da2471488f70c0","src/diagnostics/technical-log.mjs","diagnostics","5","ArrowFunctionExpression","domain_degraded","10","10","false","false"
"fd5866d2580127142e46b58848da2471488f70c0","src/diagnostics/technical-log.mjs","diagnostics","6","ArrowFunctionExpression","mission_error","11","11","false","false"
"fd5866d2580127142e46b58848da2471488f70c0","src/diagnostics/technical-log.mjs","diagnostics","7","ArrowFunctionExpression","resilience_retry","12","12","false","false"
"fd5866d2580127142e46b58848da2471488f70c0","src/diagnostics/technical-log.mjs","diagnostics","8","ArrowFunctionExpression","voice_error","13","13","false","false"
"fd5866d2580127142e46b58848da2471488f70c0","src/diagnostics/technical-log.mjs","diagnostics","9","ArrowFunctionExpression","redact","16","19","false","false"
"fd5866d2580127142e46b58848da2471488f70c0","src/diagnostics/technical-log.mjs","diagnostics","10","ArrowFunctionExpression","<anonymous>","21","21","false","false"
"fd5866d2580127142e46b58848da2471488f70c0","src/diagnostics/technical-log.mjs","diagnostics","11","ArrowFunctionExpression","record","25","38","false","false"
"fd5866d2580127142e46b58848da2471488f70c0","src/diagnostics/technical-log.mjs","diagnostics","12","FunctionExpression","recordEvent","42","46","false","false"
"fd5866d2580127142e46b58848da2471488f70c0","src/diagnostics/technical-log.mjs","diagnostics","13","ArrowFunctionExpression","<callback:map>","47","47","false","false"
"fd5866d2580127142e46b58848da2471488f70c0","src/diagnostics/technical-log.mjs","diagnostics","14","ArrowFunctionExpression","list","47","47","false","false"
"fd5866d2580127142e46b58848da2471488f70c0","src/diagnostics/technical-log.mjs","diagnostics","15","FunctionExpression","clear","48","52","false","false"
"fd5866d2580127142e46b58848da2471488f70c0","src/diagnostics/technical-log.mjs","diagnostics","16","ArrowFunctionExpression","createTechnicalLog","21","54","false","false"
"fd5866d2580127142e46b58848da2471488f70c0","src/diagnostics/technical-log.mjs","diagnostics","17","FunctionExpression","read","59","62","false","false"
"fd5866d2580127142e46b58848da2471488f70c0","src/diagnostics/technical-log.mjs","diagnostics","18","ArrowFunctionExpression","createTechnicalLogReader","56","64","false","false"
"fd5866d2580127142e46b58848da2471488f70c0","src/documents/document-classifier.mjs","documents","1","FunctionDeclaration","inferCategory","10","13","false","false"
"fd5866d2580127142e46b58848da2471488f70c0","src/documents/document-classifier.mjs","documents","2","ArrowFunctionExpression","now","20","20","false","false"
"fd5866d2580127142e46b58848da2471488f70c0","src/documents/document-classifier.mjs","documents","3","FunctionExpression","proposeClassification","23","39","true","false"
"fd5866d2580127142e46b58848da2471488f70c0","src/documents/document-classifier.mjs","documents","4","FunctionExpression","confirmClassification","41","47","true","false"
"fd5866d2580127142e46b58848da2471488f70c0","src/documents/document-classifier.mjs","documents","5","FunctionExpression","getProposal","49","51","true","false"
"fd5866d2580127142e46b58848da2471488f70c0","src/documents/document-classifier.mjs","documents","6","FunctionDeclaration","createDocumentClassifier","15","53","false","false"
"fd5866d2580127142e46b58848da2471488f70c0","src/documents/document-contracts.mjs","documents","1","FunctionDeclaration","deepFreeze","20","26","false","false"
"fd5866d2580127142e46b58848da2471488f70c0","src/documents/document-contracts.mjs","documents","2","FunctionDeclaration","validateDocumentItem","28","30","false","false"
"fd5866d2580127142e46b58848da2471488f70c0","src/documents/document-converter.mjs","documents","1","ArrowFunctionExpression","now","22","22","false","false"
"fd5866d2580127142e46b58848da2471488f70c0","src/documents/document-converter.mjs","documents","2","FunctionExpression","convert","25","46","true","false"
"fd5866d2580127142e46b58848da2471488f70c0","src/documents/document-converter.mjs","documents","3","FunctionDeclaration","createDocumentConverter","16","48","false","false"
"fd5866d2580127142e46b58848da2471488f70c0","src/documents/document-evidence-store.mjs","documents","1","ArrowFunctionExpression","now","6","6","false","false"
"fd5866d2580127142e46b58848da2471488f70c0","src/documents/document-evidence-store.mjs","documents","2","FunctionDeclaration","readState","8","10","true","false"
"fd5866d2580127142e46b58848da2471488f70c0","src/documents/document-evidence-store.mjs","documents","3","FunctionDeclaration","get","12","15","true","false"
"fd5866d2580127142e46b58848da2471488f70c0","src/documents/document-evidence-store.mjs","documents","4","FunctionExpression","store","18","22","true","false"
"fd5866d2580127142e46b58848da2471488f70c0","src/documents/document-evidence-store.mjs","documents","5","FunctionExpression","getBlock","26","29","true","false"
"fd5866d2580127142e46b58848da2471488f70c0","src/documents/document-evidence-store.mjs","documents","6","FunctionExpression","markSelected","31","37","true","false"
"fd5866d2580127142e46b58848da2471488f70c0","src/documents/document-evidence-store.mjs","documents","7","FunctionExpression","isSelected","39","42","true","false"
"fd5866d2580127142e46b58848da2471488f70c0","src/documents/document-evidence-store.mjs","documents","8","FunctionExpression","listSelected","44","47","true","false"
"fd5866d2580127142e46b58848da2471488f70c0","src/documents/document-evidence-store.mjs","documents","9","FunctionDeclaration","createDocumentEvidenceStore","1","49","false","false"
"fd5866d2580127142e46b58848da2471488f70c0","src/documents/document-generator.mjs","documents","1","FunctionDeclaration","slugifyTitle","22","30","false","false"
"fd5866d2580127142e46b58848da2471488f70c0","src/documents/document-generator.mjs","documents","2","ArrowFunctionExpression","<callback:map>","37","37","false","false"
"fd5866d2580127142e46b58848da2471488f70c0","src/documents/document-generator.mjs","documents","3","ArrowFunctionExpression","<callback:map>","34","39","false","false"
"fd5866d2580127142e46b58848da2471488f70c0","src/documents/document-generator.mjs","documents","4","ArrowFunctionExpression","<callback:filter>","39","39","false","false"
"fd5866d2580127142e46b58848da2471488f70c0","src/documents/document-generator.mjs","documents","5","FunctionDeclaration","normalizeSections","32","59","false","false"
"fd5866d2580127142e46b58848da2471488f70c0","src/documents/document-generator.mjs","documents","6","FunctionDeclaration","wrapText","62","76","false","false"
"fd5866d2580127142e46b58848da2471488f70c0","src/documents/document-generator.mjs","documents","7","ArrowFunctionExpression","ensureRoom","86","91","false","false"
"fd5866d2580127142e46b58848da2471488f70c0","src/documents/document-generator.mjs","documents","8","ArrowFunctionExpression","drawLines","92","98","false","false"
"fd5866d2580127142e46b58848da2471488f70c0","src/documents/document-generator.mjs","documents","9","FunctionDeclaration","buildPdf","78","117","true","false"
"fd5866d2580127142e46b58848da2471488f70c0","src/documents/document-generator.mjs","documents","10","FunctionDeclaration","buildDocx","119","139","true","false"
"fd5866d2580127142e46b58848da2471488f70c0","src/documents/document-generator.mjs","documents","11","ArrowFunctionExpression","<anonymous>","141","141","false","false"
"fd5866d2580127142e46b58848da2471488f70c0","src/documents/document-generator.mjs","documents","12","FunctionDeclaration","uniquePath","150","163","true","false"
"fd5866d2580127142e46b58848da2471488f70c0","src/documents/document-generator.mjs","documents","13","FunctionExpression","generate","166","205","true","false"
"fd5866d2580127142e46b58848da2471488f70c0","src/documents/document-generator.mjs","documents","14","FunctionDeclaration","createDocumentGenerator","141","207","false","false"
"fd5866d2580127142e46b58848da2471488f70c0","src/documents/document-intake.mjs","documents","1","ArrowFunctionExpression","now","14","14","false","false"
"fd5866d2580127142e46b58848da2471488f70c0","src/documents/document-intake.mjs","documents","2","FunctionExpression","intake","17","50","true","false"
"fd5866d2580127142e46b58848da2471488f70c0","src/documents/document-intake.mjs","documents","3","FunctionExpression","inspect","52","54","true","false"
"fd5866d2580127142e46b58848da2471488f70c0","src/documents/document-intake.mjs","documents","4","FunctionExpression","promote","56","68","true","false"
"fd5866d2580127142e46b58848da2471488f70c0","src/documents/document-intake.mjs","documents","5","FunctionDeclaration","createDocumentIntake","5","70","false","false"
"fd5866d2580127142e46b58848da2471488f70c0","src/documents/document-memory-service.mjs","documents","1","FunctionDeclaration","blockIdToIndex","1","5","false","false"
"fd5866d2580127142e46b58848da2471488f70c0","src/documents/document-memory-service.mjs","documents","2","ArrowFunctionExpression","now","14","14","false","false"
"fd5866d2580127142e46b58848da2471488f70c0","src/documents/document-memory-service.mjs","documents","3","FunctionExpression","indexSelection","17","45","true","false"
"fd5866d2580127142e46b58848da2471488f70c0","src/documents/document-memory-service.mjs","documents","4","FunctionExpression","forgetDocument","47","50","true","false"
"fd5866d2580127142e46b58848da2471488f70c0","src/documents/document-memory-service.mjs","documents","5","FunctionDeclaration","createDocumentMemoryService","7","52","false","false"
"fd5866d2580127142e46b58848da2471488f70c0","src/documents/document-parser-registry.mjs","documents","1","FunctionDeclaration","validateBlocks","1","12","false","false"
"fd5866d2580127142e46b58848da2471488f70c0","src/documents/document-parser-registry.mjs","documents","2","ArrowFunctionExpression","now","25","25","false","false"
"fd5866d2580127142e46b58848da2471488f70c0","src/documents/document-parser-registry.mjs","documents","3","ArrowFunctionExpression","<callback:find>","34","34","false","false"
"fd5866d2580127142e46b58848da2471488f70c0","src/documents/document-parser-registry.mjs","documents","4","ArrowFunctionExpression","<callback:map>","41","41","false","false"
"fd5866d2580127142e46b58848da2471488f70c0","src/documents/document-parser-registry.mjs","documents","5","ArrowFunctionExpression","<callback:map>","47","47","false","false"
"fd5866d2580127142e46b58848da2471488f70c0","src/documents/document-parser-registry.mjs","documents","6","ArrowFunctionExpression","<callback:map>","50","50","false","false"
"fd5866d2580127142e46b58848da2471488f70c0","src/documents/document-parser-registry.mjs","documents","7","ArrowFunctionExpression","<callback:reduce>","51","51","false","false"
"fd5866d2580127142e46b58848da2471488f70c0","src/documents/document-parser-registry.mjs","documents","8","FunctionExpression","parse","29","58","true","false"
"fd5866d2580127142e46b58848da2471488f70c0","src/documents/document-parser-registry.mjs","documents","9","ArrowFunctionExpression","<callback:find>","63","63","false","false"
"fd5866d2580127142e46b58848da2471488f70c0","src/documents/document-parser-registry.mjs","documents","10","FunctionExpression","cite","60","66","true","false"
"fd5866d2580127142e46b58848da2471488f70c0","src/documents/document-parser-registry.mjs","documents","11","FunctionDeclaration","createDocumentParserRegistry","14","68","false","false"
"fd5866d2580127142e46b58848da2471488f70c0","src/documents/document-quarantine.mjs","documents","1","FunctionDeclaration","pathFor","7","9","false","false"
"fd5866d2580127142e46b58848da2471488f70c0","src/documents/document-quarantine.mjs","documents","2","FunctionExpression","writeBytes","12","15","true","false"
"fd5866d2580127142e46b58848da2471488f70c0","src/documents/document-quarantine.mjs","documents","3","FunctionExpression","readBytes","17","19","true","false"
"fd5866d2580127142e46b58848da2471488f70c0","src/documents/document-quarantine.mjs","documents","4","FunctionExpression","putRecord","21","25","true","false"
"fd5866d2580127142e46b58848da2471488f70c0","src/documents/document-quarantine.mjs","documents","5","FunctionExpression","getRecord","27","29","true","false"
"fd5866d2580127142e46b58848da2471488f70c0","src/documents/document-quarantine.mjs","documents","6","FunctionExpression","listRecords","31","33","true","false"
"fd5866d2580127142e46b58848da2471488f70c0","src/documents/document-quarantine.mjs","documents","7","ArrowFunctionExpression","<callback:find>","37","37","false","false"
"fd5866d2580127142e46b58848da2471488f70c0","src/documents/document-quarantine.mjs","documents","8","FunctionExpression","findByDigest","35","38","true","false"
"fd5866d2580127142e46b58848da2471488f70c0","src/documents/document-quarantine.mjs","documents","9","FunctionDeclaration","createDocumentQuarantineStore","3","40","false","false"
"fd5866d2580127142e46b58848da2471488f70c0","src/documents/document-repository.mjs","documents","1","FunctionExpression","put","23","23","true","false"
"fd5866d2580127142e46b58848da2471488f70c0","src/documents/document-repository.mjs","documents","2","FunctionExpression","get","24","27","true","false"
"fd5866d2580127142e46b58848da2471488f70c0","src/documents/document-repository.mjs","documents","3","ArrowFunctionExpression","<callback:map>","28","28","false","false"
"fd5866d2580127142e46b58848da2471488f70c0","src/documents/document-repository.mjs","documents","4","FunctionExpression","list","28","28","true","false"
"fd5866d2580127142e46b58848da2471488f70c0","src/documents/document-repository.mjs","documents","5","ArrowFunctionExpression","close","29","29","false","false"
"fd5866d2580127142e46b58848da2471488f70c0","src/documents/document-repository.mjs","documents","6","FunctionDeclaration","createJsonRepository","8","31","false","false"
"fd5866d2580127142e46b58848da2471488f70c0","src/documents/download-service.mjs","documents","1","FunctionDeclaration","sha256","3","5","false","false"
"fd5866d2580127142e46b58848da2471488f70c0","src/documents/download-service.mjs","documents","2","ArrowFunctionExpression","now","13","13","false","false"
"fd5866d2580127142e46b58848da2471488f70c0","src/documents/download-service.mjs","documents","3","FunctionExpression","download","16","38","true","false"
"fd5866d2580127142e46b58848da2471488f70c0","src/documents/download-service.mjs","documents","4","FunctionDeclaration","createDownloadService","7","40","false","false"
"fd5866d2580127142e46b58848da2471488f70c0","src/documents/form-service.mjs","documents","1","ArrowFunctionExpression","now","13","13","false","false"
"fd5866d2580127142e46b58848da2471488f70c0","src/documents/form-service.mjs","documents","2","ArrowFunctionExpression","<callback:map>","20","20","false","false"
"fd5866d2580127142e46b58848da2471488f70c0","src/documents/form-service.mjs","documents","3","FunctionExpression","proposeFill","17","45","true","false"
"fd5866d2580127142e46b58848da2471488f70c0","src/documents/form-service.mjs","documents","4","ArrowFunctionExpression","<callback:map>","52","52","false","false"
"fd5866d2580127142e46b58848da2471488f70c0","src/documents/form-service.mjs","documents","5","FunctionExpression","renderPreview","47","54","true","false"
"fd5866d2580127142e46b58848da2471488f70c0","src/documents/form-service.mjs","documents","6","ArrowFunctionExpression","<callback:filter>","60","60","false","false"
"fd5866d2580127142e46b58848da2471488f70c0","src/documents/form-service.mjs","documents","7","ArrowFunctionExpression","<callback:map>","65","65","false","false"
"fd5866d2580127142e46b58848da2471488f70c0","src/documents/form-service.mjs","documents","8","ArrowFunctionExpression","<callback:map>","71","71","false","false"
"fd5866d2580127142e46b58848da2471488f70c0","src/documents/form-service.mjs","documents","9","FunctionExpression","commitCopy","56","75","true","false"
"fd5866d2580127142e46b58848da2471488f70c0","src/documents/form-service.mjs","documents","10","FunctionDeclaration","createFormService","5","77","false","false"
"fd5866d2580127142e46b58848da2471488f70c0","src/evaluation/evaluation-engine.mjs","evaluation","1","ArrowFunctionExpression","<callback:every>","7","7","false","false"
"fd5866d2580127142e46b58848da2471488f70c0","src/evaluation/evaluation-engine.mjs","evaluation","2","FunctionDeclaration","scoreResult","4","19","false","false"
"fd5866d2580127142e46b58848da2471488f70c0","src/evaluation/evaluation-engine.mjs","evaluation","3","FunctionDeclaration","suspendedResult","21","27","false","false"
"fd5866d2580127142e46b58848da2471488f70c0","src/evaluation/evaluation-engine.mjs","evaluation","4","FunctionExpression","runSuite","39","72","true","false"
"fd5866d2580127142e46b58848da2471488f70c0","src/evaluation/evaluation-engine.mjs","evaluation","5","ArrowFunctionExpression","<callback:map>","76","80","false","false"
"fd5866d2580127142e46b58848da2471488f70c0","src/evaluation/evaluation-engine.mjs","evaluation","6","FunctionExpression","compare","74","85","true","false"
"fd5866d2580127142e46b58848da2471488f70c0","src/evaluation/evaluation-engine.mjs","evaluation","7","FunctionDeclaration","createEvaluationEngine","29","87","false","false"
"fd5866d2580127142e46b58848da2471488f70c0","src/evaluation/fixture-store.mjs","evaluation","1","FunctionDeclaration","validateFixture","1","11","false","false"
"fd5866d2580127142e46b58848da2471488f70c0","src/evaluation/fixture-store.mjs","evaluation","2","ArrowFunctionExpression","<callback:filter>","27","27","false","false"
"fd5866d2580127142e46b58848da2471488f70c0","src/evaluation/fixture-store.mjs","evaluation","3","FunctionExpression","addFixture","17","29","false","false"
"fd5866d2580127142e46b58848da2471488f70c0","src/evaluation/fixture-store.mjs","evaluation","4","FunctionExpression","listFixtures","31","33","false","false"
"fd5866d2580127142e46b58848da2471488f70c0","src/evaluation/fixture-store.mjs","evaluation","5","FunctionDeclaration","createFixtureStore","13","35","false","false"
"fd5866d2580127142e46b58848da2471488f70c0","src/evaluation/metrics.mjs","evaluation","1","ArrowFunctionExpression","<callback:reduce>","3","3","false","false"
"fd5866d2580127142e46b58848da2471488f70c0","src/evaluation/metrics.mjs","evaluation","2","FunctionDeclaration","mean","1","4","false","false"
"fd5866d2580127142e46b58848da2471488f70c0","src/evaluation/metrics.mjs","evaluation","3","ArrowFunctionExpression","<callback:reduce>","7","7","false","false"
"fd5866d2580127142e46b58848da2471488f70c0","src/evaluation/metrics.mjs","evaluation","4","FunctionDeclaration","sum","6","8","false","false"
"fd5866d2580127142e46b58848da2471488f70c0","src/evaluation/metrics.mjs","evaluation","5","ArrowFunctionExpression","<callback:filter>","11","11","false","false"
"fd5866d2580127142e46b58848da2471488f70c0","src/evaluation/metrics.mjs","evaluation","6","ArrowFunctionExpression","<callback:map>","13","13","false","false"
"fd5866d2580127142e46b58848da2471488f70c0","src/evaluation/metrics.mjs","evaluation","7","ArrowFunctionExpression","<callback:map>","14","14","false","false"
"fd5866d2580127142e46b58848da2471488f70c0","src/evaluation/metrics.mjs","evaluation","8","ArrowFunctionExpression","<callback:map>","15","15","false","false"
"fd5866d2580127142e46b58848da2471488f70c0","src/evaluation/metrics.mjs","evaluation","9","ArrowFunctionExpression","<callback:map>","16","16","false","false"
"fd5866d2580127142e46b58848da2471488f70c0","src/evaluation/metrics.mjs","evaluation","10","ArrowFunctionExpression","<callback:map>","17","17","false","false"
"fd5866d2580127142e46b58848da2471488f70c0","src/evaluation/metrics.mjs","evaluation","11","ArrowFunctionExpression","<callback:map>","18","18","false","false"
"fd5866d2580127142e46b58848da2471488f70c0","src/evaluation/metrics.mjs","evaluation","12","ArrowFunctionExpression","<callback:map>","19","19","false","false"
"fd5866d2580127142e46b58848da2471488f70c0","src/evaluation/metrics.mjs","evaluation","13","ArrowFunctionExpression","<callback:map>","20","20","false","false"
"fd5866d2580127142e46b58848da2471488f70c0","src/evaluation/metrics.mjs","evaluation","14","ArrowFunctionExpression","<callback:map>","21","21","false","false"
"fd5866d2580127142e46b58848da2471488f70c0","src/evaluation/metrics.mjs","evaluation","15","FunctionDeclaration","computeMetrics","10","23","false","false"
"fd5866d2580127142e46b58848da2471488f70c0","src/evaluation/metrics.mjs","evaluation","16","FunctionDeclaration","compareMetrics","25","31","false","false"
"fd5866d2580127142e46b58848da2471488f70c0","src/evaluation/model-router.mjs","evaluation","1","FunctionDeclaration","extractJson","7","13","false","false"
"fd5866d2580127142e46b58848da2471488f70c0","src/evaluation/model-router.mjs","evaluation","2","ArrowFunctionExpression","<anonymous>","15","15","false","false"
"fd5866d2580127142e46b58848da2471488f70c0","src/evaluation/model-router.mjs","evaluation","3","FunctionExpression","route","19","47","true","false"
"fd5866d2580127142e46b58848da2471488f70c0","src/evaluation/model-router.mjs","evaluation","4","FunctionDeclaration","createEvaluationModelRouter","15","49","false","false"
"fd5866d2580127142e46b58848da2471488f70c0","src/executors/action-normalizer.mjs","executors","1","ArrowFunctionExpression","<callback:some>","60","60","false","false"
"fd5866d2580127142e46b58848da2471488f70c0","src/executors/action-normalizer.mjs","executors","2","FunctionDeclaration","expectedEffect","56","70","false","false"
"fd5866d2580127142e46b58848da2471488f70c0","src/executors/action-normalizer.mjs","executors","3","ArrowFunctionExpression","pixel","72","77","false","false"
"fd5866d2580127142e46b58848da2471488f70c0","src/executors/action-normalizer.mjs","executors","4","ArrowFunctionExpression","<callback:some>","197","197","false","false"
"fd5866d2580127142e46b58848da2471488f70c0","src/executors/action-normalizer.mjs","executors","5","FunctionDeclaration","normalizeAction","79","206","false","false"
"fd5866d2580127142e46b58848da2471488f70c0","src/executors/adb-mdns-peer.mjs","executors","1","ArrowFunctionExpression","<callback:execFile>","7","10","false","false"
"fd5866d2580127142e46b58848da2471488f70c0","src/executors/adb-mdns-peer.mjs","executors","2","ArrowFunctionExpression","<anonymous>","6","11","false","false"
"fd5866d2580127142e46b58848da2471488f70c0","src/executors/adb-mdns-peer.mjs","executors","3","ArrowFunctionExpression","defaultRun","6","11","false","false"
"fd5866d2580127142e46b58848da2471488f70c0","src/executors/adb-mdns-peer.mjs","executors","4","FunctionDeclaration","findAdbMdnsEndpoint","13","21","false","false"
"fd5866d2580127142e46b58848da2471488f70c0","src/executors/adb-mdns-peer.mjs","executors","5","FunctionDeclaration","parseAdbMdnsEndpoints","31","39","false","false"
"fd5866d2580127142e46b58848da2471488f70c0","src/executors/adb-mdns-peer.mjs","executors","6","ArrowFunctionExpression","<callback:every>","44","44","false","false"
"fd5866d2580127142e46b58848da2471488f70c0","src/executors/adb-mdns-peer.mjs","executors","7","FunctionDeclaration","ouiOf","42","46","false","false"
"fd5866d2580127142e46b58848da2471488f70c0","src/executors/adb-mdns-peer.mjs","executors","8","FunctionDeclaration","parseArpTable","49","56","false","false"
"fd5866d2580127142e46b58848da2471488f70c0","src/executors/adb-mdns-peer.mjs","executors","9","ArrowFunctionExpression","<anonymous>","59","59","false","false"
"fd5866d2580127142e46b58848da2471488f70c0","src/executors/adb-mdns-peer.mjs","executors","10","ArrowFunctionExpression","emit","75","79","false","false"
"fd5866d2580127142e46b58848da2471488f70c0","src/executors/adb-mdns-peer.mjs","executors","11","ArrowFunctionExpression","<callback:catch>","87","87","false","false"
"fd5866d2580127142e46b58848da2471488f70c0","src/executors/adb-mdns-peer.mjs","executors","12","ArrowFunctionExpression","<callback:catch>","94","94","false","false"
"fd5866d2580127142e46b58848da2471488f70c0","src/executors/adb-mdns-peer.mjs","executors","13","ArrowFunctionExpression","<callback:catch>","98","98","false","false"
"fd5866d2580127142e46b58848da2471488f70c0","src/executors/adb-mdns-peer.mjs","executors","14","ArrowFunctionExpression","<callback:call>","82","101","true","false"
"fd5866d2580127142e46b58848da2471488f70c0","src/executors/adb-mdns-peer.mjs","executors","15","ArrowFunctionExpression","<callback:catch>","101","104","false","false"
"fd5866d2580127142e46b58848da2471488f70c0","src/executors/adb-mdns-peer.mjs","executors","16","ArrowFunctionExpression","<callback:finally>","104","104","false","false"
"fd5866d2580127142e46b58848da2471488f70c0","src/executors/adb-mdns-peer.mjs","executors","17","ArrowFunctionExpression","tick","80","106","true","false"
"fd5866d2580127142e46b58848da2471488f70c0","src/executors/adb-mdns-peer.mjs","executors","18","ArrowFunctionExpression","<callback:catch>","111","111","false","false"
"fd5866d2580127142e46b58848da2471488f70c0","src/executors/adb-mdns-peer.mjs","executors","19","ArrowFunctionExpression","<callback:catch>","112","112","false","false"
"fd5866d2580127142e46b58848da2471488f70c0","src/executors/adb-mdns-peer.mjs","executors","20","ArrowFunctionExpression","<callback:setIntervalFn>","112","112","false","false"
"fd5866d2580127142e46b58848da2471488f70c0","src/executors/adb-mdns-peer.mjs","executors","21","FunctionExpression","start","109","114","false","false"
"fd5866d2580127142e46b58848da2471488f70c0","src/executors/adb-mdns-peer.mjs","executors","22","FunctionExpression","stop","115","119","false","false"
"fd5866d2580127142e46b58848da2471488f70c0","src/executors/adb-mdns-peer.mjs","executors","23","FunctionDeclaration","createAdbMdnsPeerKeeper","58","121","false","false"
"fd5866d2580127142e46b58848da2471488f70c0","src/executors/browser-executor.mjs","executors","1","ArrowFunctionExpression","defaultLaunchContext","6","15","true","false"
"fd5866d2580127142e46b58848da2471488f70c0","src/executors/browser-executor.mjs","executors","2","ArrowFunctionExpression","playwrightKey","17","20","false","false"
"fd5866d2580127142e46b58848da2471488f70c0","src/executors/browser-executor.mjs","executors","3","ArrowFunctionExpression","createObserver","31","33","false","false"
"fd5866d2580127142e46b58848da2471488f70c0","src/executors/browser-executor.mjs","executors","4","ArrowFunctionExpression","<callback:on>","35","38","false","false"
"fd5866d2580127142e46b58848da2471488f70c0","src/executors/browser-executor.mjs","executors","5","ArrowFunctionExpression","<callback:on>","39","39","false","false"
"fd5866d2580127142e46b58848da2471488f70c0","src/executors/browser-executor.mjs","executors","6","ArrowFunctionExpression","isBenignCursorError","44","45","false","false"
"fd5866d2580127142e46b58848da2471488f70c0","src/executors/browser-executor.mjs","executors","7","ArrowFunctionExpression","evaluateCursor","46","56","true","false"
"fd5866d2580127142e46b58848da2471488f70c0","src/executors/browser-executor.mjs","executors","8","ArrowFunctionExpression","<callback:evaluateCursor>","67","81","false","false"
"fd5866d2580127142e46b58848da2471488f70c0","src/executors/browser-executor.mjs","executors","9","ArrowFunctionExpression","previewAction","58","83","true","false"
"fd5866d2580127142e46b58848da2471488f70c0","src/executors/browser-executor.mjs","executors","10","ArrowFunctionExpression","<callback:evaluateCursor>","86","86","false","false"
"fd5866d2580127142e46b58848da2471488f70c0","src/executors/browser-executor.mjs","executors","11","ArrowFunctionExpression","hideCursor","85","88","true","false"
"fd5866d2580127142e46b58848da2471488f70c0","src/executors/browser-executor.mjs","executors","12","ArrowFunctionExpression","click","91","91","false","false"
"fd5866d2580127142e46b58848da2471488f70c0","src/executors/browser-executor.mjs","executors","13","ArrowFunctionExpression","double_click","92","92","false","false"
"fd5866d2580127142e46b58848da2471488f70c0","src/executors/browser-executor.mjs","executors","14","ArrowFunctionExpression","triple_click","93","93","false","false"
"fd5866d2580127142e46b58848da2471488f70c0","src/executors/browser-executor.mjs","executors","15","ArrowFunctionExpression","middle_click","94","94","false","false"
"fd5866d2580127142e46b58848da2471488f70c0","src/executors/browser-executor.mjs","executors","16","ArrowFunctionExpression","right_click","95","95","false","false"
"fd5866d2580127142e46b58848da2471488f70c0","src/executors/browser-executor.mjs","executors","17","ArrowFunctionExpression","move","96","96","false","false"
"fd5866d2580127142e46b58848da2471488f70c0","src/executors/browser-executor.mjs","executors","18","ArrowFunctionExpression","mouse_down","97","97","true","false"
"fd5866d2580127142e46b58848da2471488f70c0","src/executors/browser-executor.mjs","executors","19","ArrowFunctionExpression","mouse_up","98","98","true","false"
"fd5866d2580127142e46b58848da2471488f70c0","src/executors/browser-executor.mjs","executors","20","ArrowFunctionExpression","drag","99","107","true","false"
"fd5866d2580127142e46b58848da2471488f70c0","src/executors/browser-executor.mjs","executors","21","ArrowFunctionExpression","scroll","108","111","true","false"
"fd5866d2580127142e46b58848da2471488f70c0","src/executors/browser-executor.mjs","executors","22","ArrowFunctionExpression","<callback:evaluate>","113","122","false","false"
"fd5866d2580127142e46b58848da2471488f70c0","src/executors/browser-executor.mjs","executors","23","ArrowFunctionExpression","hasEditableTargetFocused","113","122","false","false"
"fd5866d2580127142e46b58848da2471488f70c0","src/executors/browser-executor.mjs","executors","24","ArrowFunctionExpression","<callback:filter>","136","141","false","false"
"fd5866d2580127142e46b58848da2471488f70c0","src/executors/browser-executor.mjs","executors","25","ArrowFunctionExpression","<callback:map>","142","147","false","false"
"fd5866d2580127142e46b58848da2471488f70c0","src/executors/browser-executor.mjs","executors","26","ArrowFunctionExpression","<callback:filter>","148","148","false","false"
"fd5866d2580127142e46b58848da2471488f70c0","src/executors/browser-executor.mjs","executors","27","ArrowFunctionExpression","<callback:sort>","149","149","false","false"
"fd5866d2580127142e46b58848da2471488f70c0","src/executors/browser-executor.mjs","executors","28","ArrowFunctionExpression","<callback:evaluate>","133","151","false","false"
"fd5866d2580127142e46b58848da2471488f70c0","src/executors/browser-executor.mjs","executors","29","ArrowFunctionExpression","<callback:evaluate>","157","157","false","false"
"fd5866d2580127142e46b58848da2471488f70c0","src/executors/browser-executor.mjs","executors","30","ArrowFunctionExpression","<callback:catch>","157","157","false","false"
"fd5866d2580127142e46b58848da2471488f70c0","src/executors/browser-executor.mjs","executors","31","ArrowFunctionExpression","type","112","163","true","false"
"fd5866d2580127142e46b58848da2471488f70c0","src/executors/browser-executor.mjs","executors","32","ArrowFunctionExpression","key","164","164","false","false"
"fd5866d2580127142e46b58848da2471488f70c0","src/executors/browser-executor.mjs","executors","33","ArrowFunctionExpression","key_down","165","167","true","false"
"fd5866d2580127142e46b58848da2471488f70c0","src/executors/browser-executor.mjs","executors","34","ArrowFunctionExpression","key_up","168","170","true","false"
"fd5866d2580127142e46b58848da2471488f70c0","src/executors/browser-executor.mjs","executors","35","ArrowFunctionExpression","navigate","171","171","false","false"
"fd5866d2580127142e46b58848da2471488f70c0","src/executors/browser-executor.mjs","executors","36","ArrowFunctionExpression","go_back","172","172","false","false"
"fd5866d2580127142e46b58848da2471488f70c0","src/executors/browser-executor.mjs","executors","37","ArrowFunctionExpression","go_forward","173","173","false","false"
"fd5866d2580127142e46b58848da2471488f70c0","src/executors/browser-executor.mjs","executors","38","ArrowFunctionExpression","wait","174","174","false","false"
"fd5866d2580127142e46b58848da2471488f70c0","src/executors/browser-executor.mjs","executors","39","ArrowFunctionExpression","observe","175","175","true","false"
"fd5866d2580127142e46b58848da2471488f70c0","src/executors/browser-executor.mjs","executors","40","ArrowFunctionExpression","inspect_dom","176","176","false","false"
"fd5866d2580127142e46b58848da2471488f70c0","src/executors/browser-executor.mjs","executors","41","ArrowFunctionExpression","inspect_accessibility","177","177","false","false"
"fd5866d2580127142e46b58848da2471488f70c0","src/executors/browser-executor.mjs","executors","42","ArrowFunctionExpression","read_visible_text","178","178","false","false"
"fd5866d2580127142e46b58848da2471488f70c0","src/executors/browser-executor.mjs","executors","43","ArrowFunctionExpression","get_page_source","179","179","false","false"
"fd5866d2580127142e46b58848da2471488f70c0","src/executors/browser-executor.mjs","executors","44","ArrowFunctionExpression","<callback:some>","189","189","false","false"
"fd5866d2580127142e46b58848da2471488f70c0","src/executors/browser-executor.mjs","executors","45","ArrowFunctionExpression","<callback:catch>","191","191","false","false"
"fd5866d2580127142e46b58848da2471488f70c0","src/executors/browser-executor.mjs","executors","46","ArrowFunctionExpression","settleAfterNavigation","186","192","true","false"
"fd5866d2580127142e46b58848da2471488f70c0","src/executors/browser-executor.mjs","executors","47","ArrowFunctionExpression","<callback:map>","219","240","false","false"
"fd5866d2580127142e46b58848da2471488f70c0","src/executors/browser-executor.mjs","executors","48","ArrowFunctionExpression","<callback:evaluate>","215","243","false","false"
"fd5866d2580127142e46b58848da2471488f70c0","src/executors/browser-executor.mjs","executors","49","ArrowFunctionExpression","<callback:catch>","243","243","false","false"
"fd5866d2580127142e46b58848da2471488f70c0","src/executors/browser-executor.mjs","executors","50","ArrowFunctionExpression","observe","199","253","true","false"
"fd5866d2580127142e46b58848da2471488f70c0","src/executors/browser-executor.mjs","executors","51","ArrowFunctionExpression","execute","254","265","true","false"
"fd5866d2580127142e46b58848da2471488f70c0","src/executors/browser-executor.mjs","executors","52","ArrowFunctionExpression","currentContext","266","266","true","false"
"fd5866d2580127142e46b58848da2471488f70c0","src/executors/browser-executor.mjs","executors","53","ArrowFunctionExpression","isClosed","269","269","false","false"
"fd5866d2580127142e46b58848da2471488f70c0","src/executors/browser-executor.mjs","executors","54","ArrowFunctionExpression","getPage","270","270","false","false"
"fd5866d2580127142e46b58848da2471488f70c0","src/executors/browser-executor.mjs","executors","55","ArrowFunctionExpression","close","271","275","true","false"
"fd5866d2580127142e46b58848da2471488f70c0","src/executors/browser-executor.mjs","executors","56","FunctionDeclaration","createBrowserExecutor","22","277","true","false"
"fd5866d2580127142e46b58848da2471488f70c0","src/executors/browser-profile-auth.mjs","executors","1","FunctionDeclaration","defaultChromeCandidates","7","13","false","false"
"fd5866d2580127142e46b58848da2471488f70c0","src/executors/browser-profile-auth.mjs","executors","2","ArrowFunctionExpression","<callback:find>","27","27","false","false"
"fd5866d2580127142e46b58848da2471488f70c0","src/executors/browser-profile-auth.mjs","executors","3","ArrowFunctionExpression","openGoogleSignIn","26","40","true","false"
"fd5866d2580127142e46b58848da2471488f70c0","src/executors/browser-profile-auth.mjs","executors","4","FunctionDeclaration","createBrowserProfileAuthenticator","15","43","false","false"
"fd5866d2580127142e46b58848da2471488f70c0","src/executors/desktop-client.mjs","executors","1","ArrowFunctionExpression","defaultSpawnWorker","12","23","false","false"
"fd5866d2580127142e46b58848da2471488f70c0","src/executors/desktop-client.mjs","executors","2","ArrowFunctionExpression","<anonymous>","28","28","false","false"
"fd5866d2580127142e46b58848da2471488f70c0","src/executors/desktop-client.mjs","executors","3","ArrowFunctionExpression","<anonymous>","29","29","false","false"
"fd5866d2580127142e46b58848da2471488f70c0","src/executors/desktop-client.mjs","executors","4","ArrowFunctionExpression","<anonymous>","30","30","true","false"
"fd5866d2580127142e46b58848da2471488f70c0","src/executors/desktop-client.mjs","executors","5","ArrowFunctionExpression","<anonymous>","31","31","true","false"
"fd5866d2580127142e46b58848da2471488f70c0","src/executors/desktop-client.mjs","executors","6","ArrowFunctionExpression","<callback:on>","35","35","false","false"
"fd5866d2580127142e46b58848da2471488f70c0","src/executors/desktop-client.mjs","executors","7","ArrowFunctionExpression","rejectAll","40","46","false","false"
"fd5866d2580127142e46b58848da2471488f70c0","src/executors/desktop-client.mjs","executors","8","ArrowFunctionExpression","handleLine","48","74","false","false"
"fd5866d2580127142e46b58848da2471488f70c0","src/executors/desktop-client.mjs","executors","9","ArrowFunctionExpression","<callback:on>","76","86","false","false"
"fd5866d2580127142e46b58848da2471488f70c0","src/executors/desktop-client.mjs","executors","10","ArrowFunctionExpression","<callback:on>","88","88","false","false"
"fd5866d2580127142e46b58848da2471488f70c0","src/executors/desktop-client.mjs","executors","11","ArrowFunctionExpression","<callback:on>","89","89","false","false"
"fd5866d2580127142e46b58848da2471488f70c0","src/executors/desktop-client.mjs","executors","12","ArrowFunctionExpression","<callback:setTimeout>","96","99","false","false"
"fd5866d2580127142e46b58848da2471488f70c0","src/executors/desktop-client.mjs","executors","13","ArrowFunctionExpression","<anonymous>","95","103","false","false"
"fd5866d2580127142e46b58848da2471488f70c0","src/executors/desktop-client.mjs","executors","14","ArrowFunctionExpression","request","91","104","false","false"
"fd5866d2580127142e46b58848da2471488f70c0","src/executors/desktop-client.mjs","executors","15","ArrowFunctionExpression","observe","107","107","false","false"
"fd5866d2580127142e46b58848da2471488f70c0","src/executors/desktop-client.mjs","executors","16","ArrowFunctionExpression","execute","108","108","false","false"
"fd5866d2580127142e46b58848da2471488f70c0","src/executors/desktop-client.mjs","executors","17","ArrowFunctionExpression","previewAction","109","109","false","false"
"fd5866d2580127142e46b58848da2471488f70c0","src/executors/desktop-client.mjs","executors","18","ArrowFunctionExpression","hideCursor","110","110","false","false"
"fd5866d2580127142e46b58848da2471488f70c0","src/executors/desktop-client.mjs","executors","19","ArrowFunctionExpression","emergencyStop","111","115","false","false"
"fd5866d2580127142e46b58848da2471488f70c0","src/executors/desktop-client.mjs","executors","20","ArrowFunctionExpression","close","116","122","false","false"
"fd5866d2580127142e46b58848da2471488f70c0","src/executors/desktop-client.mjs","executors","21","FunctionDeclaration","createDesktopClient","25","124","false","false"
"fd5866d2580127142e46b58848da2471488f70c0","src/executors/desktop-driver.mjs","executors","1","ArrowFunctionExpression","defaultEncodeObservation","37","40","true","false"
"fd5866d2580127142e46b58848da2471488f70c0","src/executors/desktop-driver.mjs","executors","2","ArrowFunctionExpression","<anonymous>","43","43","false","false"
"fd5866d2580127142e46b58848da2471488f70c0","src/executors/desktop-driver.mjs","executors","3","ArrowFunctionExpression","<anonymous>","43","43","false","false"
"fd5866d2580127142e46b58848da2471488f70c0","src/executors/desktop-driver.mjs","executors","4","ArrowFunctionExpression","point","54","54","false","false"
"fd5866d2580127142e46b58848da2471488f70c0","src/executors/desktop-driver.mjs","executors","5","ArrowFunctionExpression","position","56","58","true","false"
"fd5866d2580127142e46b58848da2471488f70c0","src/executors/desktop-driver.mjs","executors","6","ArrowFunctionExpression","keyValue","60","73","false","false"
"fd5866d2580127142e46b58848da2471488f70c0","src/executors/desktop-driver.mjs","executors","7","ArrowFunctionExpression","click","76","76","true","false"
"fd5866d2580127142e46b58848da2471488f70c0","src/executors/desktop-driver.mjs","executors","8","ArrowFunctionExpression","double_click","77","77","true","false"
"fd5866d2580127142e46b58848da2471488f70c0","src/executors/desktop-driver.mjs","executors","9","ArrowFunctionExpression","triple_click","78","82","true","false"
"fd5866d2580127142e46b58848da2471488f70c0","src/executors/desktop-driver.mjs","executors","10","ArrowFunctionExpression","middle_click","83","83","true","false"
"fd5866d2580127142e46b58848da2471488f70c0","src/executors/desktop-driver.mjs","executors","11","ArrowFunctionExpression","right_click","84","84","true","false"
"fd5866d2580127142e46b58848da2471488f70c0","src/executors/desktop-driver.mjs","executors","12","ArrowFunctionExpression","mouse_down","86","86","true","false"
"fd5866d2580127142e46b58848da2471488f70c0","src/executors/desktop-driver.mjs","executors","13","ArrowFunctionExpression","mouse_up","87","87","true","false"
"fd5866d2580127142e46b58848da2471488f70c0","src/executors/desktop-driver.mjs","executors","14","ArrowFunctionExpression","drag","88","96","true","false"
"fd5866d2580127142e46b58848da2471488f70c0","src/executors/desktop-driver.mjs","executors","15","ArrowFunctionExpression","scroll","97","102","true","false"
"fd5866d2580127142e46b58848da2471488f70c0","src/executors/desktop-driver.mjs","executors","16","ArrowFunctionExpression","type","103","103","true","false"
"fd5866d2580127142e46b58848da2471488f70c0","src/executors/desktop-driver.mjs","executors","17","ArrowFunctionExpression","key","104","108","true","false"
"fd5866d2580127142e46b58848da2471488f70c0","src/executors/desktop-driver.mjs","executors","18","ArrowFunctionExpression","key_down","109","109","true","false"
"fd5866d2580127142e46b58848da2471488f70c0","src/executors/desktop-driver.mjs","executors","19","ArrowFunctionExpression","key_up","110","110","true","false"
"fd5866d2580127142e46b58848da2471488f70c0","src/executors/desktop-driver.mjs","executors","20","ArrowFunctionExpression","wait","111","111","true","false"
"fd5866d2580127142e46b58848da2471488f70c0","src/executors/desktop-driver.mjs","executors","21","ArrowFunctionExpression","launch_app","112","124","true","false"
"fd5866d2580127142e46b58848da2471488f70c0","src/executors/desktop-driver.mjs","executors","22","ArrowFunctionExpression","observe","128","128","true","false"
"fd5866d2580127142e46b58848da2471488f70c0","src/executors/desktop-driver.mjs","executors","23","ArrowFunctionExpression","observe","132","147","true","false"
"fd5866d2580127142e46b58848da2471488f70c0","src/executors/desktop-driver.mjs","executors","24","ArrowFunctionExpression","execute","148","153","true","false"
"fd5866d2580127142e46b58848da2471488f70c0","src/executors/desktop-driver.mjs","executors","25","ArrowFunctionExpression","releaseAllInputs","154","169","true","false"
"fd5866d2580127142e46b58848da2471488f70c0","src/executors/desktop-driver.mjs","executors","26","FunctionDeclaration","createDesktopDriver","42","171","false","false"
"fd5866d2580127142e46b58848da2471488f70c0","src/executors/desktop-worker.mjs","executors","1","ArrowFunctionExpression","<callback:execFile>","16","19","false","false"
"fd5866d2580127142e46b58848da2471488f70c0","src/executors/desktop-worker.mjs","executors","2","ArrowFunctionExpression","<anonymous>","11","20","false","false"
"fd5866d2580127142e46b58848da2471488f70c0","src/executors/desktop-worker.mjs","executors","3","ArrowFunctionExpression","launchApp","11","20","false","false"
"fd5866d2580127142e46b58848da2471488f70c0","src/executors/desktop-worker.mjs","executors","4","ArrowFunctionExpression","encodeObservation","24","31","true","false"
"fd5866d2580127142e46b58848da2471488f70c0","src/executors/desktop-worker.mjs","executors","5","ArrowFunctionExpression","respond","35","37","false","false"
"fd5866d2580127142e46b58848da2471488f70c0","src/executors/desktop-worker.mjs","executors","6","ArrowFunctionExpression","handle","39","54","true","false"
"fd5866d2580127142e46b58848da2471488f70c0","src/executors/desktop-worker.mjs","executors","7","ArrowFunctionExpression","<callback:on>","58","72","true","false"
"fd5866d2580127142e46b58848da2471488f70c0","src/executors/desktop-worker.mjs","executors","8","ArrowFunctionExpression","shutdown","74","80","true","false"
"fd5866d2580127142e46b58848da2471488f70c0","src/executors/phone-bridge.mjs","executors","1","ArrowFunctionExpression","<callback:execFileArp>","15","17","false","false"
"fd5866d2580127142e46b58848da2471488f70c0","src/executors/phone-bridge.mjs","executors","2","ArrowFunctionExpression","<anonymous>","14","18","false","false"
"fd5866d2580127142e46b58848da2471488f70c0","src/executors/phone-bridge.mjs","executors","3","ArrowFunctionExpression","defaultReadArpTable","14","18","false","false"
"fd5866d2580127142e46b58848da2471488f70c0","src/executors/phone-bridge.mjs","executors","4","ArrowFunctionExpression","<callback:some>","40","40","false","false"
"fd5866d2580127142e46b58848da2471488f70c0","src/executors/phone-bridge.mjs","executors","5","ArrowFunctionExpression","isPrivateIpv4","38","43","false","false"
"fd5866d2580127142e46b58848da2471488f70c0","src/executors/phone-bridge.mjs","executors","6","ArrowFunctionExpression","normalizePrivateEndpoint","45","49","false","false"
"fd5866d2580127142e46b58848da2471488f70c0","src/executors/phone-bridge.mjs","executors","7","ArrowFunctionExpression","<callback:map>","53","53","false","false"
"fd5866d2580127142e46b58848da2471488f70c0","src/executors/phone-bridge.mjs","executors","8","ArrowFunctionExpression","wifiEndpointFromIpOutput","51","56","false","false"
"fd5866d2580127142e46b58848da2471488f70c0","src/executors/phone-bridge.mjs","executors","9","ArrowFunctionExpression","<callback:execFile>","63","69","false","false"
"fd5866d2580127142e46b58848da2471488f70c0","src/executors/phone-bridge.mjs","executors","10","ArrowFunctionExpression","<anonymous>","58","70","false","false"
"fd5866d2580127142e46b58848da2471488f70c0","src/executors/phone-bridge.mjs","executors","11","ArrowFunctionExpression","defaultRun","58","70","false","false"
"fd5866d2580127142e46b58848da2471488f70c0","src/executors/phone-bridge.mjs","executors","12","ArrowFunctionExpression","defaultSpawnPreview","72","75","false","false"
"fd5866d2580127142e46b58848da2471488f70c0","src/executors/phone-bridge.mjs","executors","13","ArrowFunctionExpression","<anonymous>","82","90","false","false"
"fd5866d2580127142e46b58848da2471488f70c0","src/executors/phone-bridge.mjs","executors","14","ArrowFunctionExpression","collect","82","90","false","false"
"fd5866d2580127142e46b58848da2471488f70c0","src/executors/phone-bridge.mjs","executors","15","ArrowFunctionExpression","<callback:once>","94","98","false","false"
"fd5866d2580127142e46b58848da2471488f70c0","src/executors/phone-bridge.mjs","executors","16","ArrowFunctionExpression","<anonymous>","77","100","false","false"
"fd5866d2580127142e46b58848da2471488f70c0","src/executors/phone-bridge.mjs","executors","17","ArrowFunctionExpression","defaultRunInput","77","100","false","false"
"fd5866d2580127142e46b58848da2471488f70c0","src/executors/phone-bridge.mjs","executors","18","ArrowFunctionExpression","<callback:map>","105","105","false","false"
"fd5866d2580127142e46b58848da2471488f70c0","src/executors/phone-bridge.mjs","executors","19","ArrowFunctionExpression","<callback:find>","109","109","false","false"
"fd5866d2580127142e46b58848da2471488f70c0","src/executors/phone-bridge.mjs","executors","20","ArrowFunctionExpression","<callback:map>","107","111","false","false"
"fd5866d2580127142e46b58848da2471488f70c0","src/executors/phone-bridge.mjs","executors","21","ArrowFunctionExpression","parseDevices","102","111","false","false"
"fd5866d2580127142e46b58848da2471488f70c0","src/executors/phone-bridge.mjs","executors","22","ArrowFunctionExpression","pngDimensions","113","118","false","false"
"fd5866d2580127142e46b58848da2471488f70c0","src/executors/phone-bridge.mjs","executors","23","ArrowFunctionExpression","<anonymous>","128","128","false","false"
"fd5866d2580127142e46b58848da2471488f70c0","src/executors/phone-bridge.mjs","executors","24","ArrowFunctionExpression","<anonymous>","129","129","false","false"
"fd5866d2580127142e46b58848da2471488f70c0","src/executors/phone-bridge.mjs","executors","25","ArrowFunctionExpression","<anonymous>","130","130","false","false"
"fd5866d2580127142e46b58848da2471488f70c0","src/executors/phone-bridge.mjs","executors","26","ArrowFunctionExpression","<anonymous>","132","132","false","false"
"fd5866d2580127142e46b58848da2471488f70c0","src/executors/phone-bridge.mjs","executors","27","ArrowFunctionExpression","<anonymous>","132","132","false","false"
"fd5866d2580127142e46b58848da2471488f70c0","src/executors/phone-bridge.mjs","executors","28","ArrowFunctionExpression","<callback:map>","136","136","false","false"
"fd5866d2580127142e46b58848da2471488f70c0","src/executors/phone-bridge.mjs","executors","29","ArrowFunctionExpression","<callback:map>","141","141","false","false"
"fd5866d2580127142e46b58848da2471488f70c0","src/executors/phone-bridge.mjs","executors","30","ArrowFunctionExpression","<callback:filter>","144","144","false","false"
"fd5866d2580127142e46b58848da2471488f70c0","src/executors/phone-bridge.mjs","executors","31","ArrowFunctionExpression","<anonymous>","147","158","true","false"
"fd5866d2580127142e46b58848da2471488f70c0","src/executors/phone-bridge.mjs","executors","32","ArrowFunctionExpression","scanDevices","160","163","true","false"
"fd5866d2580127142e46b58848da2471488f70c0","src/executors/phone-bridge.mjs","executors","33","ArrowFunctionExpression","<callback:filter>","167","167","false","false"
"fd5866d2580127142e46b58848da2471488f70c0","src/executors/phone-bridge.mjs","executors","34","ArrowFunctionExpression","<callback:some>","169","169","false","false"
"fd5866d2580127142e46b58848da2471488f70c0","src/executors/phone-bridge.mjs","executors","35","ArrowFunctionExpression","<callback:map>","206","206","false","false"
"fd5866d2580127142e46b58848da2471488f70c0","src/executors/phone-bridge.mjs","executors","36","ArrowFunctionExpression","detect","165","209","true","false"
"fd5866d2580127142e46b58848da2471488f70c0","src/executors/phone-bridge.mjs","executors","37","ArrowFunctionExpression","<callback:filter>","216","216","false","false"
"fd5866d2580127142e46b58848da2471488f70c0","src/executors/phone-bridge.mjs","executors","38","ArrowFunctionExpression","<callback:find>","217","217","false","false"
"fd5866d2580127142e46b58848da2471488f70c0","src/executors/phone-bridge.mjs","executors","39","ArrowFunctionExpression","<callback:catch>","221","221","false","false"
"fd5866d2580127142e46b58848da2471488f70c0","src/executors/phone-bridge.mjs","executors","40","ArrowFunctionExpression","<callback:catch>","235","235","false","false"
"fd5866d2580127142e46b58848da2471488f70c0","src/executors/phone-bridge.mjs","executors","41","ArrowFunctionExpression","<callback:filter>","238","238","false","false"
"fd5866d2580127142e46b58848da2471488f70c0","src/executors/phone-bridge.mjs","executors","42","ArrowFunctionExpression","<callback:filter>","242","242","false","false"
"fd5866d2580127142e46b58848da2471488f70c0","src/executors/phone-bridge.mjs","executors","43","ArrowFunctionExpression","<callback:catch>","267","267","false","false"
"fd5866d2580127142e46b58848da2471488f70c0","src/executors/phone-bridge.mjs","executors","44","ArrowFunctionExpression","ensureWifiConnection","211","269","true","false"
"fd5866d2580127142e46b58848da2471488f70c0","src/executors/phone-bridge.mjs","executors","45","ArrowFunctionExpression","<callback:catch>","295","295","false","false"
"fd5866d2580127142e46b58848da2471488f70c0","src/executors/phone-bridge.mjs","executors","46","ArrowFunctionExpression","isExcluded","296","299","false","false"
"fd5866d2580127142e46b58848da2471488f70c0","src/executors/phone-bridge.mjs","executors","47","ArrowFunctionExpression","discoverWifiPhones","279","322","true","false"
"fd5866d2580127142e46b58848da2471488f70c0","src/executors/phone-bridge.mjs","executors","48","ArrowFunctionExpression","getDevice","324","324","true","false"
"fd5866d2580127142e46b58848da2471488f70c0","src/executors/phone-bridge.mjs","executors","49","ArrowFunctionExpression","<callback:catch>","355","355","false","false"
"fd5866d2580127142e46b58848da2471488f70c0","src/executors/phone-bridge.mjs","executors","50","ArrowFunctionExpression","submitMessageCommand","326","364","true","false"
"fd5866d2580127142e46b58848da2471488f70c0","src/executors/phone-bridge.mjs","executors","51","ArrowFunctionExpression","openSystemCameraPreview","366","373","true","false"
"fd5866d2580127142e46b58848da2471488f70c0","src/executors/phone-bridge.mjs","executors","52","ArrowFunctionExpression","ensureGatewayService","379","396","true","false"
"fd5866d2580127142e46b58848da2471488f70c0","src/executors/phone-bridge.mjs","executors","53","ArrowFunctionExpression","startSensorCameraStream","399","415","true","false"
"fd5866d2580127142e46b58848da2471488f70c0","src/executors/phone-bridge.mjs","executors","54","ArrowFunctionExpression","touchCameraKeepalive","416","421","true","false"
"fd5866d2580127142e46b58848da2471488f70c0","src/executors/phone-bridge.mjs","executors","55","ArrowFunctionExpression","readLatestCameraFrame","422","442","true","false"
"fd5866d2580127142e46b58848da2471488f70c0","src/executors/phone-bridge.mjs","executors","56","ArrowFunctionExpression","stopSensorCameraStream","443","450","true","false"
"fd5866d2580127142e46b58848da2471488f70c0","src/executors/phone-bridge.mjs","executors","57","ArrowFunctionExpression","observe","451","463","true","false"
"fd5866d2580127142e46b58848da2471488f70c0","src/executors/phone-bridge.mjs","executors","58","ArrowFunctionExpression","<callback:map>","493","493","false","false"
"fd5866d2580127142e46b58848da2471488f70c0","src/executors/phone-bridge.mjs","executors","59","ArrowFunctionExpression","execute","464","518","true","false"
"fd5866d2580127142e46b58848da2471488f70c0","src/executors/phone-bridge.mjs","executors","60","ArrowFunctionExpression","<callback:catch>","567","567","false","false"
"fd5866d2580127142e46b58848da2471488f70c0","src/executors/phone-bridge.mjs","executors","61","ArrowFunctionExpression","sendSmsConfirmed","519","573","true","false"
"fd5866d2580127142e46b58848da2471488f70c0","src/executors/phone-bridge.mjs","executors","62","ArrowFunctionExpression","<callback:map>","590","600","false","false"
"fd5866d2580127142e46b58848da2471488f70c0","src/executors/phone-bridge.mjs","executors","63","ArrowFunctionExpression","pullPendingMessages","574","602","true","false"
"fd5866d2580127142e46b58848da2471488f70c0","src/executors/phone-bridge.mjs","executors","64","ArrowFunctionExpression","<callback:some>","605","605","false","false"
"fd5866d2580127142e46b58848da2471488f70c0","src/executors/phone-bridge.mjs","executors","65","ArrowFunctionExpression","ackPendingMessages","603","623","true","false"
"fd5866d2580127142e46b58848da2471488f70c0","src/executors/phone-bridge.mjs","executors","66","ArrowFunctionExpression","sendTelegramMessage","624","649","true","false"
"fd5866d2580127142e46b58848da2471488f70c0","src/executors/phone-bridge.mjs","executors","67","ArrowFunctionExpression","<callback:once>","658","658","false","false"
"fd5866d2580127142e46b58848da2471488f70c0","src/executors/phone-bridge.mjs","executors","68","ArrowFunctionExpression","startPreview","650","660","true","false"
"fd5866d2580127142e46b58848da2471488f70c0","src/executors/phone-bridge.mjs","executors","69","ArrowFunctionExpression","stopPreview","661","666","false","false"
"fd5866d2580127142e46b58848da2471488f70c0","src/executors/phone-bridge.mjs","executors","70","FunctionDeclaration","createPhoneBridge","120","668","false","false"
"fd5866d2580127142e46b58848da2471488f70c0","src/executors/phone-bridge.mjs","executors","71","ArrowFunctionExpression","<anonymous>","674","674","false","false"
"fd5866d2580127142e46b58848da2471488f70c0","src/executors/phone-bridge.mjs","executors","72","ArrowFunctionExpression","emit","688","693","false","false"
"fd5866d2580127142e46b58848da2471488f70c0","src/executors/phone-bridge.mjs","executors","73","ArrowFunctionExpression","<callback:call>","696","713","true","false"
"fd5866d2580127142e46b58848da2471488f70c0","src/executors/phone-bridge.mjs","executors","74","ArrowFunctionExpression","reconnect","694","715","false","false"
"fd5866d2580127142e46b58848da2471488f70c0","src/executors/phone-bridge.mjs","executors","75","ArrowFunctionExpression","<callback:setIntervalFn>","719","719","false","false"
"fd5866d2580127142e46b58848da2471488f70c0","src/executors/phone-bridge.mjs","executors","76","ArrowFunctionExpression","start","718","721","true","false"
"fd5866d2580127142e46b58848da2471488f70c0","src/executors/phone-bridge.mjs","executors","77","ArrowFunctionExpression","stop","723","727","false","false"
"fd5866d2580127142e46b58848da2471488f70c0","src/executors/phone-bridge.mjs","executors","78","FunctionDeclaration","createAdbWifiKeeper","670","729","false","false"
"fd5866d2580127142e46b58848da2471488f70c0","src/executors/phone-bridge.mjs","executors","79","ArrowFunctionExpression","loadEndpoint","737","753","true","false"
"fd5866d2580127142e46b58848da2471488f70c0","src/executors/phone-bridge.mjs","executors","80","ArrowFunctionExpression","saveEndpoint","754","761","true","false"
"fd5866d2580127142e46b58848da2471488f70c0","src/executors/phone-bridge.mjs","executors","81","FunctionDeclaration","createAdbWifiEndpointStore","731","763","false","false"
"fd5866d2580127142e46b58848da2471488f70c0","src/files/document-reader.mjs","files","1","FunctionDeclaration","defaultLoadOfficeParser","12","14","true","false"
"fd5866d2580127142e46b58848da2471488f70c0","src/files/document-reader.mjs","files","2","FunctionDeclaration","sha256","16","18","false","false"
"fd5866d2580127142e46b58848da2471488f70c0","src/files/document-reader.mjs","files","3","FunctionDeclaration","read","29","89","true","false"
"fd5866d2580127142e46b58848da2471488f70c0","src/files/document-reader.mjs","files","4","FunctionDeclaration","createDocumentReader","20","92","false","false"
"fd5866d2580127142e46b58848da2471488f70c0","src/files/file-read-policy.mjs","files","1","FunctionDeclaration","requestDigest","5","8","false","false"
"fd5866d2580127142e46b58848da2471488f70c0","src/files/file-read-policy.mjs","files","2","FunctionDeclaration","authorize","18","53","true","false"
"fd5866d2580127142e46b58848da2471488f70c0","src/files/file-read-policy.mjs","files","3","FunctionDeclaration","createFileReadPolicy","10","56","true","false"
"fd5866d2580127142e46b58848da2471488f70c0","src/files/file-reader-registry.mjs","files","1","FunctionDeclaration","read","14","24","true","false"
"fd5866d2580127142e46b58848da2471488f70c0","src/files/file-reader-registry.mjs","files","2","FunctionDeclaration","createFileReaderRegistry","5","27","false","false"
"fd5866d2580127142e46b58848da2471488f70c0","src/files/host-write-policy.mjs","files","1","FunctionDeclaration","normalize","6","11","false","false"
"fd5866d2580127142e46b58848da2471488f70c0","src/files/host-write-policy.mjs","files","2","FunctionDeclaration","comparable","13","15","false","false"
"fd5866d2580127142e46b58848da2471488f70c0","src/files/host-write-policy.mjs","files","3","FunctionDeclaration","within","17","19","false","false"
"fd5866d2580127142e46b58848da2471488f70c0","src/files/host-write-policy.mjs","files","4","ArrowFunctionExpression","<callback:some>","29","29","false","false"
"fd5866d2580127142e46b58848da2471488f70c0","src/files/host-write-policy.mjs","files","5","ArrowFunctionExpression","classify","27","30","false","false"
"fd5866d2580127142e46b58848da2471488f70c0","src/files/host-write-policy.mjs","files","6","ArrowFunctionExpression","authorize","32","41","true","false"
"fd5866d2580127142e46b58848da2471488f70c0","src/files/host-write-policy.mjs","files","7","ArrowFunctionExpression","<callback:some>","51","51","false","false"
"fd5866d2580127142e46b58848da2471488f70c0","src/files/host-write-policy.mjs","files","8","ArrowFunctionExpression","<callback:some>","49","52","false","false"
"fd5866d2580127142e46b58848da2471488f70c0","src/files/host-write-policy.mjs","files","9","ArrowFunctionExpression","requiresMissionConfirmation","43","53","false","false"
"fd5866d2580127142e46b58848da2471488f70c0","src/files/host-write-policy.mjs","files","10","FunctionDeclaration","createHostWritePolicy","21","56","false","false"
"fd5866d2580127142e46b58848da2471488f70c0","src/files/mina-file-workspace.mjs","files","1","FunctionDeclaration","snapshot","9","17","true","false"
"fd5866d2580127142e46b58848da2471488f70c0","src/files/mina-file-workspace.mjs","files","2","FunctionDeclaration","requestedFile","19","25","false","false"
"fd5866d2580127142e46b58848da2471488f70c0","src/files/mina-file-workspace.mjs","files","3","ArrowFunctionExpression","ensure","34","38","true","false"
"fd5866d2580127142e46b58848da2471488f70c0","src/files/mina-file-workspace.mjs","files","4","ArrowFunctionExpression","prepareMission","40","56","true","false"
"fd5866d2580127142e46b58848da2471488f70c0","src/files/mina-file-workspace.mjs","files","5","ArrowFunctionExpression","verifyMission","58","68","true","false"
"fd5866d2580127142e46b58848da2471488f70c0","src/files/mina-file-workspace.mjs","files","6","FunctionDeclaration","createMinaFileWorkspace","27","71","false","false"
"fd5866d2580127142e46b58848da2471488f70c0","src/files/text-reader.mjs","files","1","FunctionDeclaration","sha256","14","16","false","false"
"fd5866d2580127142e46b58848da2471488f70c0","src/files/text-reader.mjs","files","2","FunctionDeclaration","decodeText","18","39","false","false"
"fd5866d2580127142e46b58848da2471488f70c0","src/files/text-reader.mjs","files","3","FunctionDeclaration","createGroundedChunks","41","55","false","false"
"fd5866d2580127142e46b58848da2471488f70c0","src/files/text-reader.mjs","files","4","FunctionDeclaration","read","63","91","true","false"
"fd5866d2580127142e46b58848da2471488f70c0","src/files/text-reader.mjs","files","5","FunctionDeclaration","createTextReader","57","94","false","false"
"fd5866d2580127142e46b58848da2471488f70c0","src/graph/entity-resolver.mjs","graph","1","ArrowFunctionExpression","<callback:map>","14","14","false","false"
"fd5866d2580127142e46b58848da2471488f70c0","src/graph/entity-resolver.mjs","graph","2","ArrowFunctionExpression","<callback:map>","20","20","false","false"
"fd5866d2580127142e46b58848da2471488f70c0","src/graph/entity-resolver.mjs","graph","3","FunctionExpression","resolve","7","25","true","false"
"fd5866d2580127142e46b58848da2471488f70c0","src/graph/entity-resolver.mjs","graph","4","FunctionDeclaration","createEntityResolver","3","27","false","false"
"fd5866d2580127142e46b58848da2471488f70c0","src/graph/graph-repository.mjs","graph","1","FunctionDeclaration","migrationChecksum","7","9","false","false"
"fd5866d2580127142e46b58848da2471488f70c0","src/graph/graph-repository.mjs","graph","2","ArrowFunctionExpression","<callback:transaction>","27","31","false","false"
"fd5866d2580127142e46b58848da2471488f70c0","src/graph/graph-repository.mjs","graph","3","FunctionDeclaration","applyPersonalGraphMigrations","11","32","false","false"
"fd5866d2580127142e46b58848da2471488f70c0","src/graph/graph-repository.mjs","graph","4","FunctionDeclaration","rowToEntity","34","44","false","false"
"fd5866d2580127142e46b58848da2471488f70c0","src/graph/graph-repository.mjs","graph","5","FunctionDeclaration","rowToEdge","46","62","false","false"
"fd5866d2580127142e46b58848da2471488f70c0","src/graph/graph-repository.mjs","graph","6","ArrowFunctionExpression","now","69","69","false","false"
"fd5866d2580127142e46b58848da2471488f70c0","src/graph/graph-repository.mjs","graph","7","FunctionExpression","putEntity","95","101","true","false"
"fd5866d2580127142e46b58848da2471488f70c0","src/graph/graph-repository.mjs","graph","8","FunctionExpression","getEntity","103","105","true","false"
"fd5866d2580127142e46b58848da2471488f70c0","src/graph/graph-repository.mjs","graph","9","FunctionExpression","listEntities","107","109","true","false"
"fd5866d2580127142e46b58848da2471488f70c0","src/graph/graph-repository.mjs","graph","10","ArrowFunctionExpression","<callback:filter>","112","115","false","false"
"fd5866d2580127142e46b58848da2471488f70c0","src/graph/graph-repository.mjs","graph","11","FunctionExpression","findByAttribute","111","117","true","false"
"fd5866d2580127142e46b58848da2471488f70c0","src/graph/graph-repository.mjs","graph","12","FunctionExpression","deleteEntity","119","122","true","false"
"fd5866d2580127142e46b58848da2471488f70c0","src/graph/graph-repository.mjs","graph","13","FunctionExpression","putEdge","124","131","true","false"
"fd5866d2580127142e46b58848da2471488f70c0","src/graph/graph-repository.mjs","graph","14","FunctionExpression","getEdge","133","135","true","false"
"fd5866d2580127142e46b58848da2471488f70c0","src/graph/graph-repository.mjs","graph","15","FunctionExpression","updateEdgeStatus","137","140","true","false"
"fd5866d2580127142e46b58848da2471488f70c0","src/graph/graph-repository.mjs","graph","16","FunctionExpression","listEdgesForEntity","142","144","true","false"
"fd5866d2580127142e46b58848da2471488f70c0","src/graph/graph-repository.mjs","graph","17","FunctionExpression","listEdgesByStatus","146","148","true","false"
"fd5866d2580127142e46b58848da2471488f70c0","src/graph/graph-repository.mjs","graph","18","FunctionExpression","listConfirmedNeighbors","150","152","true","false"
"fd5866d2580127142e46b58848da2471488f70c0","src/graph/graph-repository.mjs","graph","19","FunctionDeclaration","createGraphRepository","64","154","false","false"
"fd5866d2580127142e46b58848da2471488f70c0","src/graph/personal-graph.mjs","graph","1","ArrowFunctionExpression","now","10","10","false","false"
"fd5866d2580127142e46b58848da2471488f70c0","src/graph/personal-graph.mjs","graph","2","FunctionExpression","upsertEntity","13","17","true","false"
"fd5866d2580127142e46b58848da2471488f70c0","src/graph/personal-graph.mjs","graph","3","FunctionExpression","proposeEdge","19","28","true","false"
"fd5866d2580127142e46b58848da2471488f70c0","src/graph/personal-graph.mjs","graph","4","FunctionExpression","confirmEdge","30","34","true","false"
"fd5866d2580127142e46b58848da2471488f70c0","src/graph/personal-graph.mjs","graph","5","FunctionExpression","disputeEdge","36","41","true","false"
"fd5866d2580127142e46b58848da2471488f70c0","src/graph/personal-graph.mjs","graph","6","FunctionExpression","forgetEntity","43","47","true","false"
"fd5866d2580127142e46b58848da2471488f70c0","src/graph/personal-graph.mjs","graph","7","FunctionExpression","confirmedEdges","49","51","true","false"
"fd5866d2580127142e46b58848da2471488f70c0","src/graph/personal-graph.mjs","graph","8","FunctionExpression","subgraph","53","91","true","false"
"fd5866d2580127142e46b58848da2471488f70c0","src/graph/personal-graph.mjs","graph","9","FunctionDeclaration","createPersonalGraph","5","93","false","false"
"fd5866d2580127142e46b58848da2471488f70c0","src/grounding/action-verifier.mjs","grounding","1","ArrowFunctionExpression","<callback:map>","6","6","false","false"
"fd5866d2580127142e46b58848da2471488f70c0","src/grounding/action-verifier.mjs","grounding","2","FunctionDeclaration","normalize","3","9","false","false"
"fd5866d2580127142e46b58848da2471488f70c0","src/grounding/action-verifier.mjs","grounding","3","FunctionDeclaration","digest","11","13","false","false"
"fd5866d2580127142e46b58848da2471488f70c0","src/grounding/action-verifier.mjs","grounding","4","FunctionDeclaration","response","15","17","false","false"
"fd5866d2580127142e46b58848da2471488f70c0","src/grounding/action-verifier.mjs","grounding","5","FunctionDeclaration","inferredEffect","19","24","false","false"
"fd5866d2580127142e46b58848da2471488f70c0","src/grounding/action-verifier.mjs","grounding","6","ArrowFunctionExpression","<callback:map>","44","44","false","false"
"fd5866d2580127142e46b58848da2471488f70c0","src/grounding/action-verifier.mjs","grounding","7","ArrowFunctionExpression","<callback:find>","45","50","false","false"
"fd5866d2580127142e46b58848da2471488f70c0","src/grounding/action-verifier.mjs","grounding","8","FunctionDeclaration","verifyAction","26","77","false","false"
"fd5866d2580127142e46b58848da2471488f70c0","src/grounding/claim-ledger.mjs","grounding","1","ArrowFunctionExpression","<anonymous>","5","5","false","false"
"fd5866d2580127142e46b58848da2471488f70c0","src/grounding/claim-ledger.mjs","grounding","2","ArrowFunctionExpression","now","8","8","false","false"
"fd5866d2580127142e46b58848da2471488f70c0","src/grounding/claim-ledger.mjs","grounding","3","ArrowFunctionExpression","nextId","9","9","false","false"
"fd5866d2580127142e46b58848da2471488f70c0","src/grounding/claim-ledger.mjs","grounding","4","FunctionExpression","add","12","39","false","false"
"fd5866d2580127142e46b58848da2471488f70c0","src/grounding/claim-ledger.mjs","grounding","5","FunctionExpression","get","40","42","false","false"
"fd5866d2580127142e46b58848da2471488f70c0","src/grounding/claim-ledger.mjs","grounding","6","ArrowFunctionExpression","<callback:filter>","44","44","false","false"
"fd5866d2580127142e46b58848da2471488f70c0","src/grounding/claim-ledger.mjs","grounding","7","FunctionExpression","list","43","45","false","false"
"fd5866d2580127142e46b58848da2471488f70c0","src/grounding/claim-ledger.mjs","grounding","8","FunctionDeclaration","createClaimLedger","5","47","false","false"
"fd5866d2580127142e46b58848da2471488f70c0","src/grounding/contradiction-detector.mjs","grounding","1","ArrowFunctionExpression","<callback:map>","5","5","false","false"
"fd5866d2580127142e46b58848da2471488f70c0","src/grounding/contradiction-detector.mjs","grounding","2","FunctionDeclaration","normalizeJson","1","9","false","false"
"fd5866d2580127142e46b58848da2471488f70c0","src/grounding/contradiction-detector.mjs","grounding","3","FunctionDeclaration","freezeContradiction","11","14","false","false"
"fd5866d2580127142e46b58848da2471488f70c0","src/grounding/contradiction-detector.mjs","grounding","4","ArrowFunctionExpression","<callback:map>","28","28","false","false"
"fd5866d2580127142e46b58848da2471488f70c0","src/grounding/contradiction-detector.mjs","grounding","5","ArrowFunctionExpression","<callback:filter>","31","31","false","false"
"fd5866d2580127142e46b58848da2471488f70c0","src/grounding/contradiction-detector.mjs","grounding","6","ArrowFunctionExpression","<callback:map>","32","32","false","false"
"fd5866d2580127142e46b58848da2471488f70c0","src/grounding/contradiction-detector.mjs","grounding","7","ArrowFunctionExpression","<callback:find>","37","39","false","false"
"fd5866d2580127142e46b58848da2471488f70c0","src/grounding/contradiction-detector.mjs","grounding","8","ArrowFunctionExpression","<callback:map>","43","43","false","false"
"fd5866d2580127142e46b58848da2471488f70c0","src/grounding/contradiction-detector.mjs","grounding","9","ArrowFunctionExpression","<callback:sort>","50","52","false","false"
"fd5866d2580127142e46b58848da2471488f70c0","src/grounding/contradiction-detector.mjs","grounding","10","ArrowFunctionExpression","<callback:map>","57","57","false","false"
"fd5866d2580127142e46b58848da2471488f70c0","src/grounding/contradiction-detector.mjs","grounding","11","FunctionDeclaration","detectContradictions","16","64","false","false"
"fd5866d2580127142e46b58848da2471488f70c0","src/grounding/evidence-validator.mjs","grounding","1","FunctionDeclaration","deepFreeze","27","33","false","false"
"fd5866d2580127142e46b58848da2471488f70c0","src/grounding/evidence-validator.mjs","grounding","2","FunctionDeclaration","result","35","37","false","false"
"fd5866d2580127142e46b58848da2471488f70c0","src/grounding/evidence-validator.mjs","grounding","3","FunctionDeclaration","isEmpty","39","43","false","false"
"fd5866d2580127142e46b58848da2471488f70c0","src/grounding/evidence-validator.mjs","grounding","4","FunctionDeclaration","isCompleteAbsenceProof","45","54","false","false"
"fd5866d2580127142e46b58848da2471488f70c0","src/grounding/evidence-validator.mjs","grounding","5","ArrowFunctionExpression","now","57","57","false","false"
"fd5866d2580127142e46b58848da2471488f70c0","src/grounding/evidence-validator.mjs","grounding","6","ArrowFunctionExpression","<callback:sort>","77","77","false","false"
"fd5866d2580127142e46b58848da2471488f70c0","src/grounding/evidence-validator.mjs","grounding","7","ArrowFunctionExpression","<callback:some>","88","91","false","false"
"fd5866d2580127142e46b58848da2471488f70c0","src/grounding/evidence-validator.mjs","grounding","8","FunctionExpression","validate","60","113","false","false"
"fd5866d2580127142e46b58848da2471488f70c0","src/grounding/evidence-validator.mjs","grounding","9","FunctionDeclaration","createEvidenceValidator","56","115","false","false"
"fd5866d2580127142e46b58848da2471488f70c0","src/grounding/response-gate.mjs","grounding","1","FunctionDeclaration","freezeResult","5","11","false","false"
"fd5866d2580127142e46b58848da2471488f70c0","src/grounding/response-gate.mjs","grounding","2","ArrowFunctionExpression","<callback:map>","14","14","false","false"
"fd5866d2580127142e46b58848da2471488f70c0","src/grounding/response-gate.mjs","grounding","3","ArrowFunctionExpression","<callback:some>","46","48","false","false"
"fd5866d2580127142e46b58848da2471488f70c0","src/grounding/response-gate.mjs","grounding","4","ArrowFunctionExpression","<callback:map>","59","65","false","false"
"fd5866d2580127142e46b58848da2471488f70c0","src/grounding/response-gate.mjs","grounding","5","FunctionDeclaration","gateResponse","13","74","false","false"
"fd5866d2580127142e46b58848da2471488f70c0","src/grounding/source-policy.mjs","grounding","1","FunctionDeclaration","rankSource","11","13","false","false"
"fd5866d2580127142e46b58848da2471488f70c0","src/grounding/source-policy.mjs","grounding","2","FunctionDeclaration","sourcePolicyForClaim","15","20","false","false"
"fd5866d2580127142e46b58848da2471488f70c0","src/health/health-monitor.mjs","health","1","ArrowFunctionExpression","<callback:setTimeout>","9","9","false","false"
"fd5866d2580127142e46b58848da2471488f70c0","src/health/health-monitor.mjs","health","2","ArrowFunctionExpression","<callback:then>","11","11","false","false"
"fd5866d2580127142e46b58848da2471488f70c0","src/health/health-monitor.mjs","health","3","ArrowFunctionExpression","<callback:then>","12","12","false","false"
"fd5866d2580127142e46b58848da2471488f70c0","src/health/health-monitor.mjs","health","4","ArrowFunctionExpression","<anonymous>","8","14","false","false"
"fd5866d2580127142e46b58848da2471488f70c0","src/health/health-monitor.mjs","health","5","FunctionDeclaration","withTimeout","7","15","false","false"
"fd5866d2580127142e46b58848da2471488f70c0","src/health/health-monitor.mjs","health","6","FunctionDeclaration","worker","19","26","true","false"
"fd5866d2580127142e46b58848da2471488f70c0","src/health/health-monitor.mjs","health","7","ArrowFunctionExpression","<callback:from>","27","27","false","false"
"fd5866d2580127142e46b58848da2471488f70c0","src/health/health-monitor.mjs","health","8","FunctionDeclaration","runWithConcurrency","17","28","true","false"
"fd5866d2580127142e46b58848da2471488f70c0","src/health/health-monitor.mjs","health","9","ArrowFunctionExpression","now","37","37","false","false"
"fd5866d2580127142e46b58848da2471488f70c0","src/health/health-monitor.mjs","health","10","ArrowFunctionExpression","<callback:map>","38","38","false","false"
"fd5866d2580127142e46b58848da2471488f70c0","src/health/health-monitor.mjs","health","11","FunctionDeclaration","probeOnce","41","62","true","false"
"fd5866d2580127142e46b58848da2471488f70c0","src/health/health-monitor.mjs","health","12","FunctionDeclaration","runOnce","64","66","true","false"
"fd5866d2580127142e46b58848da2471488f70c0","src/health/health-monitor.mjs","health","13","FunctionDeclaration","stop","68","73","false","false"
"fd5866d2580127142e46b58848da2471488f70c0","src/health/health-monitor.mjs","health","14","ArrowFunctionExpression","<callback:setInterval>","77","77","false","false"
"fd5866d2580127142e46b58848da2471488f70c0","src/health/health-monitor.mjs","health","15","FunctionDeclaration","startSchedule","75","78","false","false"
"fd5866d2580127142e46b58848da2471488f70c0","src/health/health-monitor.mjs","health","16","ArrowFunctionExpression","<callback:flatMap>","81","81","false","false"
"fd5866d2580127142e46b58848da2471488f70c0","src/health/health-monitor.mjs","health","17","FunctionDeclaration","snapshot","80","82","false","false"
"fd5866d2580127142e46b58848da2471488f70c0","src/health/health-monitor.mjs","health","18","FunctionDeclaration","createHealthMonitor","30","85","false","false"
"fd5866d2580127142e46b58848da2471488f70c0","src/health/health-probes.mjs","health","1","FunctionDeclaration","validateProbe","1","11","false","false"
"fd5866d2580127142e46b58848da2471488f70c0","src/health/health-probes.mjs","health","2","FunctionDeclaration","validateProbes","13","22","false","false"
"fd5866d2580127142e46b58848da2471488f70c0","src/home/adapters/home-assistant.mjs","home","1","ArrowFunctionExpression","turn_on","7","7","false","false"
"fd5866d2580127142e46b58848da2471488f70c0","src/home/adapters/home-assistant.mjs","home","2","ArrowFunctionExpression","turn_off","8","8","false","false"
"fd5866d2580127142e46b58848da2471488f70c0","src/home/adapters/home-assistant.mjs","home","3","ArrowFunctionExpression","set_brightness","9","9","false","false"
"fd5866d2580127142e46b58848da2471488f70c0","src/home/adapters/home-assistant.mjs","home","4","ArrowFunctionExpression","set_color","10","10","false","false"
"fd5866d2580127142e46b58848da2471488f70c0","src/home/adapters/home-assistant.mjs","home","5","ArrowFunctionExpression","turn_on","13","13","false","false"
"fd5866d2580127142e46b58848da2471488f70c0","src/home/adapters/home-assistant.mjs","home","6","ArrowFunctionExpression","turn_off","14","14","false","false"
"fd5866d2580127142e46b58848da2471488f70c0","src/home/adapters/home-assistant.mjs","home","7","ArrowFunctionExpression","set_position","17","17","false","false"
"fd5866d2580127142e46b58848da2471488f70c0","src/home/adapters/home-assistant.mjs","home","8","ArrowFunctionExpression","set_temperature","20","20","false","false"
"fd5866d2580127142e46b58848da2471488f70c0","src/home/adapters/home-assistant.mjs","home","9","ArrowFunctionExpression","run_scene","23","23","false","false"
"fd5866d2580127142e46b58848da2471488f70c0","src/home/adapters/home-assistant.mjs","home","10","FunctionDeclaration","mapServiceCall","27","31","false","false"
"fd5866d2580127142e46b58848da2471488f70c0","src/home/adapters/home-assistant.mjs","home","11","FunctionDeclaration","normalizeObservedState","33","43","false","false"
"fd5866d2580127142e46b58848da2471488f70c0","src/home/adapters/home-assistant.mjs","home","12","ArrowFunctionExpression","<callback:setTimeout>","58","58","false","false"
"fd5866d2580127142e46b58848da2471488f70c0","src/home/adapters/home-assistant.mjs","home","13","FunctionDeclaration","request","56","73","true","false"
"fd5866d2580127142e46b58848da2471488f70c0","src/home/adapters/home-assistant.mjs","home","14","FunctionExpression","health","79","86","true","false"
"fd5866d2580127142e46b58848da2471488f70c0","src/home/adapters/home-assistant.mjs","home","15","ArrowFunctionExpression","<callback:map>","92","95","false","false"
"fd5866d2580127142e46b58848da2471488f70c0","src/home/adapters/home-assistant.mjs","home","16","ArrowFunctionExpression","<callback:filter>","96","96","false","false"
"fd5866d2580127142e46b58848da2471488f70c0","src/home/adapters/home-assistant.mjs","home","17","FunctionExpression","discoverEntities","88","97","true","false"
"fd5866d2580127142e46b58848da2471488f70c0","src/home/adapters/home-assistant.mjs","home","18","FunctionExpression","supports","99","101","false","false"
"fd5866d2580127142e46b58848da2471488f70c0","src/home/adapters/home-assistant.mjs","home","19","FunctionExpression","execute","103","111","true","false"
"fd5866d2580127142e46b58848da2471488f70c0","src/home/adapters/home-assistant.mjs","home","20","FunctionExpression","readState","113","117","true","false"
"fd5866d2580127142e46b58848da2471488f70c0","src/home/adapters/home-assistant.mjs","home","21","ArrowFunctionExpression","<callback:on>","129","139","false","false"
"fd5866d2580127142e46b58848da2471488f70c0","src/home/adapters/home-assistant.mjs","home","22","ArrowFunctionExpression","<callback:on>","140","142","false","false"
"fd5866d2580127142e46b58848da2471488f70c0","src/home/adapters/home-assistant.mjs","home","23","FunctionDeclaration","connect","126","144","false","false"
"fd5866d2580127142e46b58848da2471488f70c0","src/home/adapters/home-assistant.mjs","home","24","ArrowFunctionExpression","stop","148","151","false","false"
"fd5866d2580127142e46b58848da2471488f70c0","src/home/adapters/home-assistant.mjs","home","25","FunctionExpression","subscribeState","119","153","false","false"
"fd5866d2580127142e46b58848da2471488f70c0","src/home/adapters/home-assistant.mjs","home","26","FunctionDeclaration","createHomeAssistantConnector","45","155","false","false"
"fd5866d2580127142e46b58848da2471488f70c0","src/home/adapters/mqtt.mjs","home","1","ArrowFunctionExpression","<callback:map>","29","32","false","false"
"fd5866d2580127142e46b58848da2471488f70c0","src/home/adapters/mqtt.mjs","home","2","ArrowFunctionExpression","<callback:on>","39","46","false","false"
"fd5866d2580127142e46b58848da2471488f70c0","src/home/adapters/mqtt.mjs","home","3","FunctionDeclaration","ensureClient","36","49","false","false"
"fd5866d2580127142e46b58848da2471488f70c0","src/home/adapters/mqtt.mjs","home","4","ArrowFunctionExpression","health","55","55","false","false"
"fd5866d2580127142e46b58848da2471488f70c0","src/home/adapters/mqtt.mjs","home","5","FunctionExpression","supports","57","59","false","false"
"fd5866d2580127142e46b58848da2471488f70c0","src/home/adapters/mqtt.mjs","home","6","ArrowFunctionExpression","<callback:setTimeout>","67","67","false","false"
"fd5866d2580127142e46b58848da2471488f70c0","src/home/adapters/mqtt.mjs","home","7","ArrowFunctionExpression","<callback:publish>","68","71","false","false"
"fd5866d2580127142e46b58848da2471488f70c0","src/home/adapters/mqtt.mjs","home","8","ArrowFunctionExpression","<anonymous>","66","72","false","false"
"fd5866d2580127142e46b58848da2471488f70c0","src/home/adapters/mqtt.mjs","home","9","FunctionExpression","execute","61","74","true","false"
"fd5866d2580127142e46b58848da2471488f70c0","src/home/adapters/mqtt.mjs","home","10","FunctionExpression","readState","76","83","true","false"
"fd5866d2580127142e46b58848da2471488f70c0","src/home/adapters/mqtt.mjs","home","11","FunctionDeclaration","createMqttConnector","7","85","false","false"
"fd5866d2580127142e46b58848da2471488f70c0","src/home/compose-home-domain.mjs","home","1","FunctionDeclaration","composeHomeDomain","13","46","false","false"
"fd5866d2580127142e46b58848da2471488f70c0","src/home/home-command-ledger.mjs","home","1","FunctionDeclaration","createSmartHomeCommandId","3","5","false","false"
"fd5866d2580127142e46b58848da2471488f70c0","src/home/home-command-ledger.mjs","home","2","FunctionDeclaration","begin","10","24","false","false"
"fd5866d2580127142e46b58848da2471488f70c0","src/home/home-command-ledger.mjs","home","3","FunctionDeclaration","finish","26","31","false","false"
"fd5866d2580127142e46b58848da2471488f70c0","src/home/home-command-ledger.mjs","home","4","FunctionDeclaration","getReceipt","33","35","false","false"
"fd5866d2580127142e46b58848da2471488f70c0","src/home/home-command-ledger.mjs","home","5","FunctionDeclaration","createSmartHomeCommandLedger","7","38","false","false"
"fd5866d2580127142e46b58848da2471488f70c0","src/home/home-verifier.mjs","home","1","ArrowFunctionExpression","<callback:every>","2","6","false","false"
"fd5866d2580127142e46b58848da2471488f70c0","src/home/home-verifier.mjs","home","2","FunctionDeclaration","matchesDesired","1","7","false","false"
"fd5866d2580127142e46b58848da2471488f70c0","src/home/home-verifier.mjs","home","3","FunctionDeclaration","verify","10","14","false","false"
"fd5866d2580127142e46b58848da2471488f70c0","src/home/home-verifier.mjs","home","4","FunctionDeclaration","createSmartHomeVerifier","9","17","false","false"
"fd5866d2580127142e46b58848da2471488f70c0","src/home/intent-normalizer.mjs","home","1","FunctionDeclaration","requiredText","8","13","false","false"
"fd5866d2580127142e46b58848da2471488f70c0","src/home/intent-normalizer.mjs","home","2","FunctionDeclaration","desiredState","15","35","false","false"
"fd5866d2580127142e46b58848da2471488f70c0","src/home/intent-normalizer.mjs","home","3","ArrowFunctionExpression","<callback:some>","39","39","false","false"
"fd5866d2580127142e46b58848da2471488f70c0","src/home/intent-normalizer.mjs","home","4","FunctionDeclaration","normalizeSmartHomeIntent","37","57","false","false"
"fd5866d2580127142e46b58848da2471488f70c0","src/home/mqtt-device-schema.mjs","home","1","FunctionDeclaration","validateMqttDeviceSchema","4","11","false","false"
"fd5866d2580127142e46b58848da2471488f70c0","src/home/policy.mjs","home","1","FunctionDeclaration","decide","2","17","false","false"
"fd5866d2580127142e46b58848da2471488f70c0","src/home/policy.mjs","home","2","FunctionDeclaration","createSmartHomePolicy","1","19","false","false"
"fd5866d2580127142e46b58848da2471488f70c0","src/home/registry.mjs","home","1","ArrowFunctionExpression","normalize","4","5","false","false"
"fd5866d2580127142e46b58848da2471488f70c0","src/home/registry.mjs","home","2","FunctionDeclaration","validateDevice","7","14","false","false"
"fd5866d2580127142e46b58848da2471488f70c0","src/home/registry.mjs","home","3","ArrowFunctionExpression","candidate","16","21","false","false"
"fd5866d2580127142e46b58848da2471488f70c0","src/home/registry.mjs","home","4","ArrowFunctionExpression","<callback:map>","27","27","false","false"
"fd5866d2580127142e46b58848da2471488f70c0","src/home/registry.mjs","home","5","ArrowFunctionExpression","<callback:some>","36","36","false","false"
"fd5866d2580127142e46b58848da2471488f70c0","src/home/registry.mjs","home","6","ArrowFunctionExpression","<callback:some>","37","37","false","false"
"fd5866d2580127142e46b58848da2471488f70c0","src/home/registry.mjs","home","7","ArrowFunctionExpression","<callback:filter>","35","37","false","false"
"fd5866d2580127142e46b58848da2471488f70c0","src/home/registry.mjs","home","8","FunctionDeclaration","resolve","31","41","false","false"
"fd5866d2580127142e46b58848da2471488f70c0","src/home/registry.mjs","home","9","ArrowFunctionExpression","<callback:find>","43","43","false","false"
"fd5866d2580127142e46b58848da2471488f70c0","src/home/registry.mjs","home","10","ArrowFunctionExpression","get","43","43","false","false"
"fd5866d2580127142e46b58848da2471488f70c0","src/home/registry.mjs","home","11","ArrowFunctionExpression","<callback:findIndex>","46","46","false","false"
"fd5866d2580127142e46b58848da2471488f70c0","src/home/registry.mjs","home","12","ArrowFunctionExpression","<callback:some>","48","48","false","false"
"fd5866d2580127142e46b58848da2471488f70c0","src/home/registry.mjs","home","13","ArrowFunctionExpression","<callback:map>","50","50","false","false"
"fd5866d2580127142e46b58848da2471488f70c0","src/home/registry.mjs","home","14","FunctionDeclaration","update","45","52","false","false"
"fd5866d2580127142e46b58848da2471488f70c0","src/home/registry.mjs","home","15","ArrowFunctionExpression","list","54","54","false","false"
"fd5866d2580127142e46b58848da2471488f70c0","src/home/registry.mjs","home","16","FunctionDeclaration","createSmartHomeRegistry","25","55","false","false"
"fd5866d2580127142e46b58848da2471488f70c0","src/home/router.mjs","home","1","ArrowFunctionExpression","<callback:forEach>","5","11","false","false"
"fd5866d2580127142e46b58848da2471488f70c0","src/home/router.mjs","home","2","ArrowFunctionExpression","<callback:sort>","14","14","false","false"
"fd5866d2580127142e46b58848da2471488f70c0","src/home/router.mjs","home","3","FunctionDeclaration","resolve","13","22","false","false"
"fd5866d2580127142e46b58848da2471488f70c0","src/home/router.mjs","home","4","FunctionDeclaration","createSmartHomeRouter","3","24","false","false"
"fd5866d2580127142e46b58848da2471488f70c0","src/home/service.mjs","home","1","ArrowFunctionExpression","finish","22","22","false","false"
"fd5866d2580127142e46b58848da2471488f70c0","src/home/service.mjs","home","2","FunctionDeclaration","execute","11","44","true","false"
"fd5866d2580127142e46b58848da2471488f70c0","src/home/service.mjs","home","3","ArrowFunctionExpression","getReceipt","46","46","false","false"
"fd5866d2580127142e46b58848da2471488f70c0","src/home/service.mjs","home","4","FunctionDeclaration","createSmartHomeService","6","47","false","false"
"fd5866d2580127142e46b58848da2471488f70c0","src/instructions/instruction-change.mjs","instructions","1","FunctionDeclaration","digest","9","11","false","false"
"fd5866d2580127142e46b58848da2471488f70c0","src/instructions/instruction-change.mjs","instructions","2","FunctionDeclaration","validateProposal","13","25","false","false"
"fd5866d2580127142e46b58848da2471488f70c0","src/instructions/instruction-change.mjs","instructions","3","FunctionDeclaration","validTarget","27","30","false","false"
"fd5866d2580127142e46b58848da2471488f70c0","src/instructions/instruction-change.mjs","instructions","4","ArrowFunctionExpression","<callback:some>","37","37","false","false"
"fd5866d2580127142e46b58848da2471488f70c0","src/instructions/instruction-change.mjs","instructions","5","FunctionDeclaration","applyUnifiedMinaDiff","32","87","false","false"
"fd5866d2580127142e46b58848da2471488f70c0","src/instructions/instruction-change.mjs","instructions","6","ArrowFunctionExpression","<callback:catch>","101","101","false","false"
"fd5866d2580127142e46b58848da2471488f70c0","src/instructions/instruction-change.mjs","instructions","7","ArrowFunctionExpression","<callback:catch>","102","102","false","false"
"fd5866d2580127142e46b58848da2471488f70c0","src/instructions/instruction-change.mjs","instructions","8","FunctionDeclaration","writeInstructionAtomic","89","105","true","false"
"fd5866d2580127142e46b58848da2471488f70c0","src/instructions/instruction-change.mjs","instructions","9","FunctionDeclaration","apply","122","160","true","false"
"fd5866d2580127142e46b58848da2471488f70c0","src/instructions/instruction-change.mjs","instructions","10","FunctionDeclaration","createInstructionChangeService","107","163","false","false"
"fd5866d2580127142e46b58848da2471488f70c0","src/instructions/mina-instructions.mjs","instructions","1","ArrowFunctionExpression","<callback:map>","26","26","false","false"
"fd5866d2580127142e46b58848da2471488f70c0","src/instructions/mina-instructions.mjs","instructions","2","FunctionDeclaration","headingsOf","25","27","false","false"
"fd5866d2580127142e46b58848da2471488f70c0","src/instructions/mina-instructions.mjs","instructions","3","ArrowFunctionExpression","<callback:map>","40","40","false","false"
"fd5866d2580127142e46b58848da2471488f70c0","src/instructions/mina-instructions.mjs","instructions","4","ArrowFunctionExpression","<callback:some>","41","41","false","false"
"fd5866d2580127142e46b58848da2471488f70c0","src/instructions/mina-instructions.mjs","instructions","5","FunctionDeclaration","validateMinaInstructions","29","49","false","false"
"fd5866d2580127142e46b58848da2471488f70c0","src/instructions/mina-instructions.mjs","instructions","6","ArrowFunctionExpression","sessionSnapshot","74","74","false","false"
"fd5866d2580127142e46b58848da2471488f70c0","src/instructions/mina-instructions.mjs","instructions","7","FunctionDeclaration","loadMinaInstructions","51","76","true","false"
"fd5866d2580127142e46b58848da2471488f70c0","src/mail/adapters/gmail.mjs","mail","1","ArrowFunctionExpression","<callback:find>","9","9","false","false"
"fd5866d2580127142e46b58848da2471488f70c0","src/mail/adapters/gmail.mjs","mail","2","FunctionDeclaration","headerValue","8","10","false","false"
"fd5866d2580127142e46b58848da2471488f70c0","src/mail/adapters/gmail.mjs","mail","3","FunctionDeclaration","normalizeMessage","12","28","false","false"
"fd5866d2580127142e46b58848da2471488f70c0","src/mail/adapters/gmail.mjs","mail","4","FunctionDeclaration","isHistoryExpired","30","32","false","false"
"fd5866d2580127142e46b58848da2471488f70c0","src/mail/adapters/gmail.mjs","mail","5","FunctionDeclaration","call","47","50","true","false"
"fd5866d2580127142e46b58848da2471488f70c0","src/mail/adapters/gmail.mjs","mail","6","FunctionDeclaration","fullSync","52","67","true","false"
"fd5866d2580127142e46b58848da2471488f70c0","src/mail/adapters/gmail.mjs","mail","7","FunctionDeclaration","incrementalSync","69","88","true","false"
"fd5866d2580127142e46b58848da2471488f70c0","src/mail/adapters/gmail.mjs","mail","8","ArrowFunctionExpression","getConsentUrl","95","95","false","false"
"fd5866d2580127142e46b58848da2471488f70c0","src/mail/adapters/gmail.mjs","mail","9","FunctionExpression","sync","97","108","true","false"
"fd5866d2580127142e46b58848da2471488f70c0","src/mail/adapters/gmail.mjs","mail","10","ArrowFunctionExpression","<callback:map>","115","117","false","false"
"fd5866d2580127142e46b58848da2471488f70c0","src/mail/adapters/gmail.mjs","mail","11","FunctionExpression","listThreads","110","118","true","false"
"fd5866d2580127142e46b58848da2471488f70c0","src/mail/adapters/gmail.mjs","mail","12","ArrowFunctionExpression","<callback:map>","123","123","false","false"
"fd5866d2580127142e46b58848da2471488f70c0","src/mail/adapters/gmail.mjs","mail","13","FunctionExpression","listLabels","120","124","true","false"
"fd5866d2580127142e46b58848da2471488f70c0","src/mail/adapters/gmail.mjs","mail","14","ArrowFunctionExpression","<callback:some>","128","128","false","false"
"fd5866d2580127142e46b58848da2471488f70c0","src/mail/adapters/gmail.mjs","mail","15","FunctionExpression","createDraft","126","137","true","false"
"fd5866d2580127142e46b58848da2471488f70c0","src/mail/adapters/gmail.mjs","mail","16","FunctionExpression","send","139","157","true","false"
"fd5866d2580127142e46b58848da2471488f70c0","src/mail/adapters/gmail.mjs","mail","17","FunctionDeclaration","createGmailAdapter","34","159","false","false"
"fd5866d2580127142e46b58848da2471488f70c0","src/mail/adapters/imap-smtp.mjs","mail","1","ArrowFunctionExpression","<anonymous>","11","14","false","false"
"fd5866d2580127142e46b58848da2471488f70c0","src/mail/adapters/imap-smtp.mjs","mail","2","FunctionDeclaration","pinnedCertCheck","9","15","false","false"
"fd5866d2580127142e46b58848da2471488f70c0","src/mail/adapters/imap-smtp.mjs","mail","3","ArrowFunctionExpression","defaultImapFactory","17","20","true","false"
"fd5866d2580127142e46b58848da2471488f70c0","src/mail/adapters/imap-smtp.mjs","mail","4","ArrowFunctionExpression","defaultSmtpFactory","22","25","true","false"
"fd5866d2580127142e46b58848da2471488f70c0","src/mail/adapters/imap-smtp.mjs","mail","5","ArrowFunctionExpression","defaultParseMessage","27","30","true","false"
"fd5866d2580127142e46b58848da2471488f70c0","src/mail/adapters/imap-smtp.mjs","mail","6","FunctionDeclaration","validateEndpoint","32","41","false","false"
"fd5866d2580127142e46b58848da2471488f70c0","src/mail/adapters/imap-smtp.mjs","mail","7","FunctionDeclaration","tlsOptionsFor","43","48","false","false"
"fd5866d2580127142e46b58848da2471488f70c0","src/mail/adapters/imap-smtp.mjs","mail","8","FunctionDeclaration","authFrom","50","59","false","false"
"fd5866d2580127142e46b58848da2471488f70c0","src/mail/adapters/imap-smtp.mjs","mail","9","ArrowFunctionExpression","<callback:map>","61","64","false","false"
"fd5866d2580127142e46b58848da2471488f70c0","src/mail/adapters/imap-smtp.mjs","mail","10","ArrowFunctionExpression","addressList","61","64","false","false"
"fd5866d2580127142e46b58848da2471488f70c0","src/mail/adapters/imap-smtp.mjs","mail","11","ArrowFunctionExpression","<callback:map>","67","67","false","false"
"fd5866d2580127142e46b58848da2471488f70c0","src/mail/adapters/imap-smtp.mjs","mail","12","ArrowFunctionExpression","<callback:map>","68","68","false","false"
"fd5866d2580127142e46b58848da2471488f70c0","src/mail/adapters/imap-smtp.mjs","mail","13","FunctionDeclaration","canonicalDigestId","66","71","false","false"
"fd5866d2580127142e46b58848da2471488f70c0","src/mail/adapters/imap-smtp.mjs","mail","14","ArrowFunctionExpression","<callback:map>","87","93","false","false"
"fd5866d2580127142e46b58848da2471488f70c0","src/mail/adapters/imap-smtp.mjs","mail","15","FunctionDeclaration","normalizeMessage","73","96","false","false"
"fd5866d2580127142e46b58848da2471488f70c0","src/mail/adapters/imap-smtp.mjs","mail","16","FunctionDeclaration","connectImap","110","124","true","false"
"fd5866d2580127142e46b58848da2471488f70c0","src/mail/adapters/imap-smtp.mjs","mail","17","ArrowFunctionExpression","<callback:catch>","152","152","false","false"
"fd5866d2580127142e46b58848da2471488f70c0","src/mail/adapters/imap-smtp.mjs","mail","18","FunctionDeclaration","sync","126","154","true","false"
"fd5866d2580127142e46b58848da2471488f70c0","src/mail/adapters/imap-smtp.mjs","mail","19","ArrowFunctionExpression","<callback:some>","159","159","false","false"
"fd5866d2580127142e46b58848da2471488f70c0","src/mail/adapters/imap-smtp.mjs","mail","20","FunctionDeclaration","send","156","188","true","false"
"fd5866d2580127142e46b58848da2471488f70c0","src/mail/adapters/imap-smtp.mjs","mail","21","ArrowFunctionExpression","<callback:catch>","202","202","false","false"
"fd5866d2580127142e46b58848da2471488f70c0","src/mail/adapters/imap-smtp.mjs","mail","22","FunctionDeclaration","idle","190","204","true","false"
"fd5866d2580127142e46b58848da2471488f70c0","src/mail/adapters/imap-smtp.mjs","mail","23","ArrowFunctionExpression","<callback:catch>","217","217","false","false"
"fd5866d2580127142e46b58848da2471488f70c0","src/mail/adapters/imap-smtp.mjs","mail","24","FunctionDeclaration","searchSent","206","219","true","false"
"fd5866d2580127142e46b58848da2471488f70c0","src/mail/adapters/imap-smtp.mjs","mail","25","FunctionDeclaration","createImapSmtpAdapter","98","222","false","false"
"fd5866d2580127142e46b58848da2471488f70c0","src/mail/adapters/microsoft-graph.mjs","mail","1","FunctionDeclaration","normalizeMessage","6","17","false","false"
"fd5866d2580127142e46b58848da2471488f70c0","src/mail/adapters/microsoft-graph.mjs","mail","2","FunctionDeclaration","parseJson","19","22","true","false"
"fd5866d2580127142e46b58848da2471488f70c0","src/mail/adapters/microsoft-graph.mjs","mail","3","ArrowFunctionExpression","<anonymous>","29","29","false","false"
"fd5866d2580127142e46b58848da2471488f70c0","src/mail/adapters/microsoft-graph.mjs","mail","4","ArrowFunctionExpression","<anonymous>","29","29","false","false"
"fd5866d2580127142e46b58848da2471488f70c0","src/mail/adapters/microsoft-graph.mjs","mail","5","FunctionDeclaration","call","36","60","true","false"
"fd5866d2580127142e46b58848da2471488f70c0","src/mail/adapters/microsoft-graph.mjs","mail","6","FunctionDeclaration","fullSync","62","77","true","false"
"fd5866d2580127142e46b58848da2471488f70c0","src/mail/adapters/microsoft-graph.mjs","mail","7","FunctionExpression","sync","83","104","true","false"
"fd5866d2580127142e46b58848da2471488f70c0","src/mail/adapters/microsoft-graph.mjs","mail","8","ArrowFunctionExpression","<callback:map>","109","111","false","false"
"fd5866d2580127142e46b58848da2471488f70c0","src/mail/adapters/microsoft-graph.mjs","mail","9","FunctionExpression","listFolders","106","112","true","false"
"fd5866d2580127142e46b58848da2471488f70c0","src/mail/adapters/microsoft-graph.mjs","mail","10","ArrowFunctionExpression","<callback:some>","116","116","false","false"
"fd5866d2580127142e46b58848da2471488f70c0","src/mail/adapters/microsoft-graph.mjs","mail","11","ArrowFunctionExpression","<callback:map>","126","126","false","false"
"fd5866d2580127142e46b58848da2471488f70c0","src/mail/adapters/microsoft-graph.mjs","mail","12","FunctionExpression","createDraft","114","131","true","false"
"fd5866d2580127142e46b58848da2471488f70c0","src/mail/adapters/microsoft-graph.mjs","mail","13","FunctionExpression","send","133","140","true","false"
"fd5866d2580127142e46b58848da2471488f70c0","src/mail/adapters/microsoft-graph.mjs","mail","14","FunctionDeclaration","createMicrosoftGraphAdapter","24","142","false","false"
"fd5866d2580127142e46b58848da2471488f70c0","src/mail/attachment-quarantine.mjs","mail","1","FunctionDeclaration","startsWith","25","27","false","false"
"fd5866d2580127142e46b58848da2471488f70c0","src/mail/attachment-quarantine.mjs","mail","2","ArrowFunctionExpression","<callback:some>","30","30","false","false"
"fd5866d2580127142e46b58848da2471488f70c0","src/mail/attachment-quarantine.mjs","mail","3","FunctionDeclaration","isExecutable","29","31","false","false"
"fd5866d2580127142e46b58848da2471488f70c0","src/mail/attachment-quarantine.mjs","mail","4","FunctionDeclaration","detectSimpleType","33","38","false","false"
"fd5866d2580127142e46b58848da2471488f70c0","src/mail/attachment-quarantine.mjs","mail","5","ArrowFunctionExpression","<callback:some>","42","42","false","false"
"fd5866d2580127142e46b58848da2471488f70c0","src/mail/attachment-quarantine.mjs","mail","6","FunctionDeclaration","isTraversalEntry","40","43","false","false"
"fd5866d2580127142e46b58848da2471488f70c0","src/mail/attachment-quarantine.mjs","mail","7","FunctionDeclaration","inspectZip","45","70","true","false"
"fd5866d2580127142e46b58848da2471488f70c0","src/mail/attachment-quarantine.mjs","mail","8","FunctionDeclaration","quarantineAttachment","72","101","true","false"
"fd5866d2580127142e46b58848da2471488f70c0","src/mail/google-runtime-adapters.mjs","mail","1","ArrowFunctionExpression","<callback:filter>","10","10","false","false"
"fd5866d2580127142e46b58848da2471488f70c0","src/mail/google-runtime-adapters.mjs","mail","2","ArrowFunctionExpression","sync","29","29","false","false"
"fd5866d2580127142e46b58848da2471488f70c0","src/mail/google-runtime-adapters.mjs","mail","3","ArrowFunctionExpression","createDraft","30","30","false","false"
"fd5866d2580127142e46b58848da2471488f70c0","src/mail/google-runtime-adapters.mjs","mail","4","ArrowFunctionExpression","send","31","31","false","false"
"fd5866d2580127142e46b58848da2471488f70c0","src/mail/google-runtime-adapters.mjs","mail","5","ArrowFunctionExpression","request","36","36","true","false"
"fd5866d2580127142e46b58848da2471488f70c0","src/mail/google-runtime-adapters.mjs","mail","6","ArrowFunctionExpression","credentialsProvider","37","37","false","false"
"fd5866d2580127142e46b58848da2471488f70c0","src/mail/google-runtime-adapters.mjs","mail","7","ArrowFunctionExpression","<callback:map>","42","42","false","false"
"fd5866d2580127142e46b58848da2471488f70c0","src/mail/google-runtime-adapters.mjs","mail","8","FunctionDeclaration","createGoogleRuntimeAdapters","5","45","true","false"
"fd5866d2580127142e46b58848da2471488f70c0","src/mail/mail-account-store.mjs","mail","1","FunctionDeclaration","accountName","4","6","false","false"
"fd5866d2580127142e46b58848da2471488f70c0","src/mail/mail-account-store.mjs","mail","2","FunctionDeclaration","validateAccountId","8","10","false","false"
"fd5866d2580127142e46b58848da2471488f70c0","src/mail/mail-account-store.mjs","mail","3","FunctionDeclaration","readIndex","12","17","true","false"
"fd5866d2580127142e46b58848da2471488f70c0","src/mail/mail-account-store.mjs","mail","4","FunctionDeclaration","writeIndex","19","21","true","false"
"fd5866d2580127142e46b58848da2471488f70c0","src/mail/mail-account-store.mjs","mail","5","FunctionExpression","save","29","39","true","false"
"fd5866d2580127142e46b58848da2471488f70c0","src/mail/mail-account-store.mjs","mail","6","ArrowFunctionExpression","<callback:map>","43","48","true","false"
"fd5866d2580127142e46b58848da2471488f70c0","src/mail/mail-account-store.mjs","mail","7","FunctionExpression","listStatus","41","50","true","false"
"fd5866d2580127142e46b58848da2471488f70c0","src/mail/mail-account-store.mjs","mail","8","FunctionExpression","getCredentials","52","57","true","false"
"fd5866d2580127142e46b58848da2471488f70c0","src/mail/mail-account-store.mjs","mail","9","ArrowFunctionExpression","<callback:filter>","63","63","false","false"
"fd5866d2580127142e46b58848da2471488f70c0","src/mail/mail-account-store.mjs","mail","10","FunctionExpression","delete","59","65","true","false"
"fd5866d2580127142e46b58848da2471488f70c0","src/mail/mail-account-store.mjs","mail","11","FunctionDeclaration","createMailAccountStore","23","67","false","false"
"fd5866d2580127142e46b58848da2471488f70c0","src/mail/mail-contracts.mjs","mail","1","FunctionDeclaration","validateMailAccount","5","20","false","false"
"fd5866d2580127142e46b58848da2471488f70c0","src/mail/mail-contracts.mjs","mail","2","FunctionDeclaration","normalizeMessageIdentity","29","63","false","false"
"fd5866d2580127142e46b58848da2471488f70c0","src/mail/mail-policy.mjs","mail","1","ArrowFunctionExpression","<callback:map>","13","18","false","false"
"fd5866d2580127142e46b58848da2471488f70c0","src/mail/mail-policy.mjs","mail","2","ArrowFunctionExpression","<callback:filter>","22","22","false","false"
"fd5866d2580127142e46b58848da2471488f70c0","src/mail/mail-policy.mjs","mail","3","ArrowFunctionExpression","<callback:map>","24","24","false","false"
"fd5866d2580127142e46b58848da2471488f70c0","src/mail/mail-policy.mjs","mail","4","ArrowFunctionExpression","<callback:filter>","25","25","false","false"
"fd5866d2580127142e46b58848da2471488f70c0","src/mail/mail-policy.mjs","mail","5","ArrowFunctionExpression","<callback:map>","25","25","false","false"
"fd5866d2580127142e46b58848da2471488f70c0","src/mail/mail-policy.mjs","mail","6","ArrowFunctionExpression","modeFor","20","26","false","false"
"fd5866d2580127142e46b58848da2471488f70c0","src/mail/mail-policy.mjs","mail","7","FunctionDeclaration","decide","28","38","false","false"
"fd5866d2580127142e46b58848da2471488f70c0","src/mail/mail-policy.mjs","mail","8","FunctionDeclaration","setMode","40","43","false","false"
"fd5866d2580127142e46b58848da2471488f70c0","src/mail/mail-policy.mjs","mail","9","ArrowFunctionExpression","mode","45","45","false","false"
"fd5866d2580127142e46b58848da2471488f70c0","src/mail/mail-policy.mjs","mail","10","FunctionDeclaration","createMailPolicy","10","46","false","false"
"fd5866d2580127142e46b58848da2471488f70c0","src/mail/mail-repository.mjs","mail","1","FunctionDeclaration","migrationChecksum","10","12","false","false"
"fd5866d2580127142e46b58848da2471488f70c0","src/mail/mail-repository.mjs","mail","2","ArrowFunctionExpression","<callback:transaction>","30","34","false","false"
"fd5866d2580127142e46b58848da2471488f70c0","src/mail/mail-repository.mjs","mail","3","FunctionDeclaration","applyMailMigrations","14","35","false","false"
"fd5866d2580127142e46b58848da2471488f70c0","src/mail/mail-repository.mjs","mail","4","ArrowFunctionExpression","<callback:map>","76","79","false","false"
"fd5866d2580127142e46b58848da2471488f70c0","src/mail/mail-repository.mjs","mail","5","FunctionDeclaration","attachmentsFor","75","80","false","false"
"fd5866d2580127142e46b58848da2471488f70c0","src/mail/mail-repository.mjs","mail","6","FunctionDeclaration","rowToMessage","82","89","false","false"
"fd5866d2580127142e46b58848da2471488f70c0","src/mail/mail-repository.mjs","mail","7","FunctionExpression","saveMessage","92","108","true","false"
"fd5866d2580127142e46b58848da2471488f70c0","src/mail/mail-repository.mjs","mail","8","FunctionExpression","saveAttachment","110","121","true","false"
"fd5866d2580127142e46b58848da2471488f70c0","src/mail/mail-repository.mjs","mail","9","FunctionExpression","linkAttachment","123","126","true","false"
"fd5866d2580127142e46b58848da2471488f70c0","src/mail/mail-repository.mjs","mail","10","FunctionExpression","getMessageByDedupKey","128","130","false","false"
"fd5866d2580127142e46b58848da2471488f70c0","src/mail/mail-repository.mjs","mail","11","FunctionExpression","getMessage","132","134","false","false"
"fd5866d2580127142e46b58848da2471488f70c0","src/mail/mail-repository.mjs","mail","12","FunctionExpression","getCursor","136","140","false","false"
"fd5866d2580127142e46b58848da2471488f70c0","src/mail/mail-repository.mjs","mail","13","FunctionExpression","saveCursor","142","149","true","false"
"fd5866d2580127142e46b58848da2471488f70c0","src/mail/mail-repository.mjs","mail","14","FunctionExpression","setPaused","151","154","true","false"
"fd5866d2580127142e46b58848da2471488f70c0","src/mail/mail-repository.mjs","mail","15","FunctionDeclaration","createMailRepository","37","156","false","false"
"fd5866d2580127142e46b58848da2471488f70c0","src/mail/mail-service.mjs","mail","1","FunctionDeclaration","digestFor","14","16","false","false"
"fd5866d2580127142e46b58848da2471488f70c0","src/mail/mail-service.mjs","mail","2","FunctionDeclaration","adapterFor","33","38","false","false"
"fd5866d2580127142e46b58848da2471488f70c0","src/mail/mail-service.mjs","mail","3","FunctionDeclaration","propose","40","55","true","false"
"fd5866d2580127142e46b58848da2471488f70c0","src/mail/mail-service.mjs","mail","4","ArrowFunctionExpression","<callback:filter>","59","59","false","false"
"fd5866d2580127142e46b58848da2471488f70c0","src/mail/mail-service.mjs","mail","5","FunctionDeclaration","recentSendCount","57","60","false","false"
"fd5866d2580127142e46b58848da2471488f70c0","src/mail/mail-service.mjs","mail","6","FunctionDeclaration","commit","62","106","true","false"
"fd5866d2580127142e46b58848da2471488f70c0","src/mail/mail-service.mjs","mail","7","FunctionDeclaration","isPaused","108","110","false","false"
"fd5866d2580127142e46b58848da2471488f70c0","src/mail/mail-service.mjs","mail","8","FunctionDeclaration","resumeAutomation","112","114","false","false"
"fd5866d2580127142e46b58848da2471488f70c0","src/mail/mail-service.mjs","mail","9","FunctionDeclaration","createMailService","18","117","false","false"
"fd5866d2580127142e46b58848da2471488f70c0","src/mail/mail-sync-service.mjs","mail","1","FunctionDeclaration","adapterFor","11","16","false","false"
"fd5866d2580127142e46b58848da2471488f70c0","src/mail/mail-sync-service.mjs","mail","2","FunctionDeclaration","persistAttachments","18","29","true","false"
"fd5866d2580127142e46b58848da2471488f70c0","src/mail/mail-sync-service.mjs","mail","3","ArrowFunctionExpression","persist","40","48","true","false"
"fd5866d2580127142e46b58848da2471488f70c0","src/mail/mail-sync-service.mjs","mail","4","FunctionDeclaration","syncAccount","31","52","true","false"
"fd5866d2580127142e46b58848da2471488f70c0","src/mail/mail-sync-service.mjs","mail","5","FunctionDeclaration","pause","54","57","true","false"
"fd5866d2580127142e46b58848da2471488f70c0","src/mail/mail-sync-service.mjs","mail","6","FunctionDeclaration","resume","59","62","true","false"
"fd5866d2580127142e46b58848da2471488f70c0","src/mail/mail-sync-service.mjs","mail","7","FunctionDeclaration","createMailSyncService","5","65","false","false"
"fd5866d2580127142e46b58848da2471488f70c0","src/mail/mail-verifier.mjs","mail","1","FunctionDeclaration","verify","4","12","true","false"
"fd5866d2580127142e46b58848da2471488f70c0","src/mail/mail-verifier.mjs","mail","2","FunctionDeclaration","createMailVerifier","3","15","false","false"
"fd5866d2580127142e46b58848da2471488f70c0","src/mail/oauth/google-account-connector.mjs","mail","1","ArrowFunctionExpression","<anonymous>","16","16","false","false"
"fd5866d2580127142e46b58848da2471488f70c0","src/mail/oauth/google-account-connector.mjs","mail","2","FunctionExpression","connect","29","70","true","false"
"fd5866d2580127142e46b58848da2471488f70c0","src/mail/oauth/google-account-connector.mjs","mail","3","FunctionDeclaration","createGoogleAccountConnector","12","72","false","false"
"fd5866d2580127142e46b58848da2471488f70c0","src/mail/oauth/google-client-config-file.mjs","mail","1","ArrowFunctionExpression","<callback:find>","14","14","false","false"
"fd5866d2580127142e46b58848da2471488f70c0","src/mail/oauth/google-client-config-file.mjs","mail","2","FunctionDeclaration","loadGoogleClientConfigFromEnvDir","7","20","false","false"
"fd5866d2580127142e46b58848da2471488f70c0","src/mail/oauth/google-oauth.mjs","mail","1","ArrowFunctionExpression","<callback:then>","14","14","false","false"
"fd5866d2580127142e46b58848da2471488f70c0","src/mail/oauth/google-oauth.mjs","mail","2","ArrowFunctionExpression","<anonymous>","14","14","false","false"
"fd5866d2580127142e46b58848da2471488f70c0","src/mail/oauth/google-oauth.mjs","mail","3","FunctionExpression","generateConsentUrl","25","32","false","false"
"fd5866d2580127142e46b58848da2471488f70c0","src/mail/oauth/google-oauth.mjs","mail","4","FunctionExpression","exchangeCode","34","43","true","false"
"fd5866d2580127142e46b58848da2471488f70c0","src/mail/oauth/google-oauth.mjs","mail","5","FunctionExpression","request","45","64","true","false"
"fd5866d2580127142e46b58848da2471488f70c0","src/mail/oauth/google-oauth.mjs","mail","6","FunctionDeclaration","createGoogleOAuthClient","10","66","true","false"
"fd5866d2580127142e46b58848da2471488f70c0","src/mail/oauth/microsoft-oauth.mjs","mail","1","FunctionDeclaration","normalizeAuthResult","1","12","false","false"
"fd5866d2580127142e46b58848da2471488f70c0","src/mail/oauth/microsoft-oauth.mjs","mail","2","ArrowFunctionExpression","<callback:then>","17","17","false","false"
"fd5866d2580127142e46b58848da2471488f70c0","src/mail/oauth/microsoft-oauth.mjs","mail","3","ArrowFunctionExpression","<anonymous>","17","17","false","false"
"fd5866d2580127142e46b58848da2471488f70c0","src/mail/oauth/microsoft-oauth.mjs","mail","4","FunctionExpression","requestDeviceCode","24","29","true","false"
"fd5866d2580127142e46b58848da2471488f70c0","src/mail/oauth/microsoft-oauth.mjs","mail","5","FunctionExpression","getAuthCodeUrl","31","36","false","false"
"fd5866d2580127142e46b58848da2471488f70c0","src/mail/oauth/microsoft-oauth.mjs","mail","6","FunctionExpression","exchangeCode","38","42","true","false"
"fd5866d2580127142e46b58848da2471488f70c0","src/mail/oauth/microsoft-oauth.mjs","mail","7","FunctionExpression","refresh","44","48","true","false"
"fd5866d2580127142e46b58848da2471488f70c0","src/mail/oauth/microsoft-oauth.mjs","mail","8","FunctionDeclaration","createMicrosoftOAuthClient","14","50","true","false"
"fd5866d2580127142e46b58848da2471488f70c0","src/mail/oauth/oauth-loopback-server.mjs","mail","1","ArrowFunctionExpression","<anonymous>","20","20","false","false"
"fd5866d2580127142e46b58848da2471488f70c0","src/mail/oauth/oauth-loopback-server.mjs","mail","2","ArrowFunctionExpression","<callback:catch>","26","26","false","false"
"fd5866d2580127142e46b58848da2471488f70c0","src/mail/oauth/oauth-loopback-server.mjs","mail","3","FunctionDeclaration","settle","29","34","false","false"
"fd5866d2580127142e46b58848da2471488f70c0","src/mail/oauth/oauth-loopback-server.mjs","mail","4","ArrowFunctionExpression","<callback:createServer>","38","59","false","false"
"fd5866d2580127142e46b58848da2471488f70c0","src/mail/oauth/oauth-loopback-server.mjs","mail","5","ArrowFunctionExpression","<anonymous>","60","60","false","false"
"fd5866d2580127142e46b58848da2471488f70c0","src/mail/oauth/oauth-loopback-server.mjs","mail","6","ArrowFunctionExpression","<callback:setTimeout>","61","61","false","false"
"fd5866d2580127142e46b58848da2471488f70c0","src/mail/oauth/oauth-loopback-server.mjs","mail","7","FunctionExpression","start","37","64","true","false"
"fd5866d2580127142e46b58848da2471488f70c0","src/mail/oauth/oauth-loopback-server.mjs","mail","8","FunctionExpression","waitForCode","66","68","false","false"
"fd5866d2580127142e46b58848da2471488f70c0","src/mail/oauth/oauth-loopback-server.mjs","mail","9","ArrowFunctionExpression","<callback:close>","73","73","false","false"
"fd5866d2580127142e46b58848da2471488f70c0","src/mail/oauth/oauth-loopback-server.mjs","mail","10","ArrowFunctionExpression","<anonymous>","73","73","false","false"
"fd5866d2580127142e46b58848da2471488f70c0","src/mail/oauth/oauth-loopback-server.mjs","mail","11","FunctionExpression","stop","70","76","true","false"
"fd5866d2580127142e46b58848da2471488f70c0","src/mail/oauth/oauth-loopback-server.mjs","mail","12","FunctionDeclaration","createOAuthLoopbackServer","12","78","false","false"
"fd5866d2580127142e46b58848da2471488f70c0","src/media/youtube-data-client.mjs","media","1","ArrowFunctionExpression","request","17","28","true","false"
"fd5866d2580127142e46b58848da2471488f70c0","src/media/youtube-data-client.mjs","media","2","ArrowFunctionExpression","<callback:flatMap>","40","52","false","false"
"fd5866d2580127142e46b58848da2471488f70c0","src/media/youtube-data-client.mjs","media","3","FunctionExpression","searchVideos","31","53","true","false"
"fd5866d2580127142e46b58848da2471488f70c0","src/media/youtube-data-client.mjs","media","4","FunctionExpression","test","54","58","true","false"
"fd5866d2580127142e46b58848da2471488f70c0","src/media/youtube-data-client.mjs","media","5","FunctionDeclaration","createYouTubeDataClient","3","60","false","false"
"fd5866d2580127142e46b58848da2471488f70c0","src/memory/composition.mjs","memory","1","FunctionDeclaration","derive","19","21","false","false"
"fd5866d2580127142e46b58848da2471488f70c0","src/memory/composition.mjs","memory","2","ArrowFunctionExpression","read","69","69","true","false"
"fd5866d2580127142e46b58848da2471488f70c0","src/memory/composition.mjs","memory","3","FunctionExpression","close","79","85","false","false"
"fd5866d2580127142e46b58848da2471488f70c0","src/memory/composition.mjs","memory","4","FunctionDeclaration","createMemoryServices","23","93","true","false"
"fd5866d2580127142e46b58848da2471488f70c0","src/memory/consolidator.mjs","memory","1","ArrowFunctionExpression","<callback:some>","7","7","false","false"
"fd5866d2580127142e46b58848da2471488f70c0","src/memory/consolidator.mjs","memory","2","ArrowFunctionExpression","<callback:map>","17","17","false","false"
"fd5866d2580127142e46b58848da2471488f70c0","src/memory/consolidator.mjs","memory","3","FunctionDeclaration","consolidate","6","21","true","false"
"fd5866d2580127142e46b58848da2471488f70c0","src/memory/consolidator.mjs","memory","4","FunctionDeclaration","createConsolidator","3","24","false","false"
"fd5866d2580127142e46b58848da2471488f70c0","src/memory/database.mjs","memory","1","FunctionDeclaration","migrationChecksum","10","12","false","false"
"fd5866d2580127142e46b58848da2471488f70c0","src/memory/database.mjs","memory","2","FunctionDeclaration","secureSqlitePath","14","28","false","false"
"fd5866d2580127142e46b58848da2471488f70c0","src/memory/database.mjs","memory","3","ArrowFunctionExpression","<callback:sort>","45","45","false","false"
"fd5866d2580127142e46b58848da2471488f70c0","src/memory/database.mjs","memory","4","ArrowFunctionExpression","<callback:transaction>","54","57","false","false"
"fd5866d2580127142e46b58848da2471488f70c0","src/memory/database.mjs","memory","5","FunctionDeclaration","applyMigrations","30","59","false","false"
"fd5866d2580127142e46b58848da2471488f70c0","src/memory/database.mjs","memory","6","FunctionDeclaration","openMemoryDatabase","61","81","false","false"
"fd5866d2580127142e46b58848da2471488f70c0","src/memory/event-repository.mjs","memory","1","FunctionDeclaration","requireEvent","3","7","false","false"
"fd5866d2580127142e46b58848da2471488f70c0","src/memory/event-repository.mjs","memory","2","ArrowFunctionExpression","<callback:transaction>","35","62","false","false"
"fd5866d2580127142e46b58848da2471488f70c0","src/memory/event-repository.mjs","memory","3","FunctionDeclaration","write","64","66","false","false"
"fd5866d2580127142e46b58848da2471488f70c0","src/memory/event-repository.mjs","memory","4","ArrowFunctionExpression","<callback:map>","73","78","false","false"
"fd5866d2580127142e46b58848da2471488f70c0","src/memory/event-repository.mjs","memory","5","FunctionDeclaration","read","68","80","false","false"
"fd5866d2580127142e46b58848da2471488f70c0","src/memory/event-repository.mjs","memory","6","ArrowFunctionExpression","<callback:map>","83","88","false","false"
"fd5866d2580127142e46b58848da2471488f70c0","src/memory/event-repository.mjs","memory","7","FunctionDeclaration","listByIdentity","82","89","false","false"
"fd5866d2580127142e46b58848da2471488f70c0","src/memory/event-repository.mjs","memory","8","ArrowFunctionExpression","<callback:map>","92","97","false","false"
"fd5866d2580127142e46b58848da2471488f70c0","src/memory/event-repository.mjs","memory","9","FunctionDeclaration","listAll","91","98","false","false"
"fd5866d2580127142e46b58848da2471488f70c0","src/memory/event-repository.mjs","memory","10","FunctionDeclaration","deleteByIds","100","104","false","false"
"fd5866d2580127142e46b58848da2471488f70c0","src/memory/event-repository.mjs","memory","11","FunctionDeclaration","createEventRepository","9","107","false","false"
"fd5866d2580127142e46b58848da2471488f70c0","src/memory/forget-service.mjs","memory","1","FunctionDeclaration","normalize","4","6","false","false"
"fd5866d2580127142e46b58848da2471488f70c0","src/memory/forget-service.mjs","memory","2","FunctionDeclaration","matches","8","17","false","false"
"fd5866d2580127142e46b58848da2471488f70c0","src/memory/forget-service.mjs","memory","3","ArrowFunctionExpression","<callback:filter>","20","20","false","false"
"fd5866d2580127142e46b58848da2471488f70c0","src/memory/forget-service.mjs","memory","4","FunctionDeclaration","validateCriteria","19","26","false","false"
"fd5866d2580127142e46b58848da2471488f70c0","src/memory/forget-service.mjs","memory","5","FunctionDeclaration","proposeForget","49","59","false","false"
"fd5866d2580127142e46b58848da2471488f70c0","src/memory/forget-service.mjs","memory","6","ArrowFunctionExpression","<callback:filter>","63","63","false","false"
"fd5866d2580127142e46b58848da2471488f70c0","src/memory/forget-service.mjs","memory","7","ArrowFunctionExpression","<callback:map>","63","63","false","false"
"fd5866d2580127142e46b58848da2471488f70c0","src/memory/forget-service.mjs","memory","8","ArrowFunctionExpression","<callback:some>","68","68","false","false"
"fd5866d2580127142e46b58848da2471488f70c0","src/memory/forget-service.mjs","memory","9","ArrowFunctionExpression","<callback:filter>","74","74","false","false"
"fd5866d2580127142e46b58848da2471488f70c0","src/memory/forget-service.mjs","memory","10","ArrowFunctionExpression","<callback:transaction>","61","106","false","false"
"fd5866d2580127142e46b58848da2471488f70c0","src/memory/forget-service.mjs","memory","11","FunctionDeclaration","confirmForget","108","115","false","false"
"fd5866d2580127142e46b58848da2471488f70c0","src/memory/forget-service.mjs","memory","12","ArrowFunctionExpression","<callback:filter>","118","118","false","false"
"fd5866d2580127142e46b58848da2471488f70c0","src/memory/forget-service.mjs","memory","13","FunctionDeclaration","filterRestorable","117","119","false","false"
"fd5866d2580127142e46b58848da2471488f70c0","src/memory/forget-service.mjs","memory","14","FunctionDeclaration","createForgetService","28","122","false","false"
"fd5866d2580127142e46b58848da2471488f70c0","src/memory/identity-graph.mjs","memory","1","FunctionDeclaration","linkKey","5","7","false","false"
"fd5866d2580127142e46b58848da2471488f70c0","src/memory/identity-graph.mjs","memory","2","FunctionDeclaration","registerOwner","13","20","false","false"
"fd5866d2580127142e46b58848da2471488f70c0","src/memory/identity-graph.mjs","memory","3","FunctionDeclaration","getOwner","22","24","false","false"
"fd5866d2580127142e46b58848da2471488f70c0","src/memory/identity-graph.mjs","memory","4","FunctionDeclaration","resolve","26","35","false","false"
"fd5866d2580127142e46b58848da2471488f70c0","src/memory/identity-graph.mjs","memory","5","FunctionDeclaration","link","37","52","false","false"
"fd5866d2580127142e46b58848da2471488f70c0","src/memory/identity-graph.mjs","memory","6","FunctionDeclaration","createIdentityGraph","9","55","false","false"
"fd5866d2580127142e46b58848da2471488f70c0","src/memory/identity-repository.mjs","memory","1","FunctionDeclaration","writeIdentity","23","31","false","false"
"fd5866d2580127142e46b58848da2471488f70c0","src/memory/identity-repository.mjs","memory","2","FunctionDeclaration","link","33","44","false","false"
"fd5866d2580127142e46b58848da2471488f70c0","src/memory/identity-repository.mjs","memory","3","FunctionDeclaration","findByLink","46","50","false","false"
"fd5866d2580127142e46b58848da2471488f70c0","src/memory/identity-repository.mjs","memory","4","FunctionDeclaration","readIdentity","52","56","false","false"
"fd5866d2580127142e46b58848da2471488f70c0","src/memory/identity-repository.mjs","memory","5","FunctionDeclaration","createIdentityRepository","3","59","false","false"
"fd5866d2580127142e46b58848da2471488f70c0","src/memory/memory-ranking.mjs","memory","1","FunctionDeclaration","recencyWeight","15","19","false","false"
"fd5866d2580127142e46b58848da2471488f70c0","src/memory/memory-ranking.mjs","memory","2","FunctionDeclaration","salienceWeight","21","28","false","false"
"fd5866d2580127142e46b58848da2471488f70c0","src/memory/memory-ranking.mjs","memory","3","FunctionDeclaration","rankScore","30","33","false","false"
"fd5866d2580127142e46b58848da2471488f70c0","src/memory/memory-ranking.mjs","memory","4","FunctionExpression","touch","40","47","false","false"
"fd5866d2580127142e46b58848da2471488f70c0","src/memory/memory-ranking.mjs","memory","5","FunctionExpression","get","48","50","false","false"
"fd5866d2580127142e46b58848da2471488f70c0","src/memory/memory-ranking.mjs","memory","6","ArrowFunctionExpression","size","51","51","false","false"
"fd5866d2580127142e46b58848da2471488f70c0","src/memory/memory-ranking.mjs","memory","7","FunctionDeclaration","createSalienceTracker","37","53","false","false"
"fd5866d2580127142e46b58848da2471488f70c0","src/memory/memory-service.mjs","memory","1","FunctionDeclaration","terms","9","11","false","false"
"fd5866d2580127142e46b58848da2471488f70c0","src/memory/memory-service.mjs","memory","2","ArrowFunctionExpression","<callback:filter>","17","17","false","false"
"fd5866d2580127142e46b58848da2471488f70c0","src/memory/memory-service.mjs","memory","3","FunctionDeclaration","relevance","13","18","false","false"
"fd5866d2580127142e46b58848da2471488f70c0","src/memory/memory-service.mjs","memory","4","FunctionDeclaration","publicMemory","37","46","false","false"
"fd5866d2580127142e46b58848da2471488f70c0","src/memory/memory-service.mjs","memory","5","FunctionDeclaration","remember","48","86","false","false"
"fd5866d2580127142e46b58848da2471488f70c0","src/memory/memory-service.mjs","memory","6","ArrowFunctionExpression","<callback:map>","93","98","false","false"
"fd5866d2580127142e46b58848da2471488f70c0","src/memory/memory-service.mjs","memory","7","ArrowFunctionExpression","<callback:filter>","99","99","false","false"
"fd5866d2580127142e46b58848da2471488f70c0","src/memory/memory-service.mjs","memory","8","ArrowFunctionExpression","<callback:sort>","100","100","false","false"
"fd5866d2580127142e46b58848da2471488f70c0","src/memory/memory-service.mjs","memory","9","ArrowFunctionExpression","<callback:map>","102","102","false","false"
"fd5866d2580127142e46b58848da2471488f70c0","src/memory/memory-service.mjs","memory","10","FunctionDeclaration","ranked","90","103","false","false"
"fd5866d2580127142e46b58848da2471488f70c0","src/memory/memory-service.mjs","memory","11","ArrowFunctionExpression","<callback:map>","109","109","false","false"
"fd5866d2580127142e46b58848da2471488f70c0","src/memory/memory-service.mjs","memory","12","FunctionDeclaration","recall","105","112","false","false"
"fd5866d2580127142e46b58848da2471488f70c0","src/memory/memory-service.mjs","memory","13","ArrowFunctionExpression","<callback:filter>","120","120","false","false"
"fd5866d2580127142e46b58848da2471488f70c0","src/memory/memory-service.mjs","memory","14","ArrowFunctionExpression","<callback:map>","124","124","false","false"
"fd5866d2580127142e46b58848da2471488f70c0","src/memory/memory-service.mjs","memory","15","ArrowFunctionExpression","<callback:map>","125","125","false","false"
"fd5866d2580127142e46b58848da2471488f70c0","src/memory/memory-service.mjs","memory","16","ArrowFunctionExpression","<callback:forEach>","126","126","false","false"
"fd5866d2580127142e46b58848da2471488f70c0","src/memory/memory-service.mjs","memory","17","ArrowFunctionExpression","<callback:map>","131","131","false","false"
"fd5866d2580127142e46b58848da2471488f70c0","src/memory/memory-service.mjs","memory","18","ArrowFunctionExpression","<callback:map>","132","132","false","false"
"fd5866d2580127142e46b58848da2471488f70c0","src/memory/memory-service.mjs","memory","19","ArrowFunctionExpression","<callback:map>","134","134","false","false"
"fd5866d2580127142e46b58848da2471488f70c0","src/memory/memory-service.mjs","memory","20","FunctionDeclaration","recallSemantic","114","137","true","false"
"fd5866d2580127142e46b58848da2471488f70c0","src/memory/memory-service.mjs","memory","21","FunctionDeclaration","createMemoryService","20","140","false","false"
"fd5866d2580127142e46b58848da2471488f70c0","src/memory/record-codec.mjs","memory","1","ArrowFunctionExpression","<callback:map>","5","5","false","false"
"fd5866d2580127142e46b58848da2471488f70c0","src/memory/record-codec.mjs","memory","2","ArrowFunctionExpression","<callback:filter>","8","8","false","false"
"fd5866d2580127142e46b58848da2471488f70c0","src/memory/record-codec.mjs","memory","3","ArrowFunctionExpression","<callback:map>","9","9","false","false"
"fd5866d2580127142e46b58848da2471488f70c0","src/memory/record-codec.mjs","memory","4","FunctionDeclaration","normalize","4","12","false","false"
"fd5866d2580127142e46b58848da2471488f70c0","src/memory/record-codec.mjs","memory","5","FunctionDeclaration","canonicalJson","14","16","false","false"
"fd5866d2580127142e46b58848da2471488f70c0","src/memory/record-codec.mjs","memory","6","FunctionDeclaration","sealRecord","18","26","false","false"
"fd5866d2580127142e46b58848da2471488f70c0","src/memory/record-codec.mjs","memory","7","FunctionDeclaration","openRecord","28","36","false","false"
"fd5866d2580127142e46b58848da2471488f70c0","src/memory/record-codec.mjs","memory","8","FunctionDeclaration","blindHash","38","45","false","false"
"fd5866d2580127142e46b58848da2471488f70c0","src/memory/research-evidence-compactor.mjs","memory","1","ArrowFunctionExpression","<callback:map>","7","7","false","false"
"fd5866d2580127142e46b58848da2471488f70c0","src/memory/research-evidence-compactor.mjs","memory","2","FunctionDeclaration","defaultSummarize","6","9","false","false"
"fd5866d2580127142e46b58848da2471488f70c0","src/memory/research-evidence-compactor.mjs","memory","3","FunctionDeclaration","isSummary","11","13","false","false"
"fd5866d2580127142e46b58848da2471488f70c0","src/memory/research-evidence-compactor.mjs","memory","4","ArrowFunctionExpression","<callback:filter>","36","36","false","false"
"fd5866d2580127142e46b58848da2471488f70c0","src/memory/research-evidence-compactor.mjs","memory","5","ArrowFunctionExpression","<callback:map>","44","44","false","false"
"fd5866d2580127142e46b58848da2471488f70c0","src/memory/research-evidence-compactor.mjs","memory","6","FunctionDeclaration","add","30","61","true","false"
"fd5866d2580127142e46b58848da2471488f70c0","src/memory/research-evidence-compactor.mjs","memory","7","FunctionDeclaration","list","63","65","false","false"
"fd5866d2580127142e46b58848da2471488f70c0","src/memory/research-evidence-compactor.mjs","memory","8","ArrowFunctionExpression","count","67","67","false","false"
"fd5866d2580127142e46b58848da2471488f70c0","src/memory/research-evidence-compactor.mjs","memory","9","ArrowFunctionExpression","clear","67","67","false","false"
"fd5866d2580127142e46b58848da2471488f70c0","src/memory/research-evidence-compactor.mjs","memory","10","FunctionDeclaration","createResearchEvidenceCompactor","20","68","false","false"
"fd5866d2580127142e46b58848da2471488f70c0","src/memory/runtime-controller.mjs","memory","1","FunctionDeclaration","memoryEvidence","9","21","false","false"
"fd5866d2580127142e46b58848da2471488f70c0","src/memory/runtime-controller.mjs","memory","2","FunctionDeclaration","publicItem","23","35","false","false"
"fd5866d2580127142e46b58848da2471488f70c0","src/memory/runtime-controller.mjs","memory","3","ArrowFunctionExpression","<anonymous>","40","40","true","false"
"fd5866d2580127142e46b58848da2471488f70c0","src/memory/runtime-controller.mjs","memory","4","ArrowFunctionExpression","<anonymous>","45","45","false","false"
"fd5866d2580127142e46b58848da2471488f70c0","src/memory/runtime-controller.mjs","memory","5","ArrowFunctionExpression","<anonymous>","45","45","false","false"
"fd5866d2580127142e46b58848da2471488f70c0","src/memory/runtime-controller.mjs","memory","6","ArrowFunctionExpression","requireUnlocked","55","58","false","false"
"fd5866d2580127142e46b58848da2471488f70c0","src/memory/runtime-controller.mjs","memory","7","FunctionDeclaration","status","60","67","false","false"
"fd5866d2580127142e46b58848da2471488f70c0","src/memory/runtime-controller.mjs","memory","8","FunctionDeclaration","activate","69","85","true","false"
"fd5866d2580127142e46b58848da2471488f70c0","src/memory/runtime-controller.mjs","memory","9","FunctionDeclaration","unlock","94","111","true","false"
"fd5866d2580127142e46b58848da2471488f70c0","src/memory/runtime-controller.mjs","memory","10","FunctionDeclaration","initialize","113","118","true","false"
"fd5866d2580127142e46b58848da2471488f70c0","src/memory/runtime-controller.mjs","memory","11","FunctionDeclaration","lock","120","126","false","false"
"fd5866d2580127142e46b58848da2471488f70c0","src/memory/runtime-controller.mjs","memory","12","ArrowFunctionExpression","<callback:map>","148","148","false","false"
"fd5866d2580127142e46b58848da2471488f70c0","src/memory/runtime-controller.mjs","memory","13","FunctionDeclaration","search","128","150","true","false"
"fd5866d2580127142e46b58848da2471488f70c0","src/memory/runtime-controller.mjs","memory","14","FunctionDeclaration","proposeForget","152","161","true","false"
"fd5866d2580127142e46b58848da2471488f70c0","src/memory/runtime-controller.mjs","memory","15","FunctionDeclaration","read","163","169","true","false"
"fd5866d2580127142e46b58848da2471488f70c0","src/memory/runtime-controller.mjs","memory","16","ArrowFunctionExpression","<callback:filter>","178","178","false","false"
"fd5866d2580127142e46b58848da2471488f70c0","src/memory/runtime-controller.mjs","memory","17","FunctionDeclaration","missionEvidence","171","181","true","false"
"fd5866d2580127142e46b58848da2471488f70c0","src/memory/runtime-controller.mjs","memory","18","FunctionDeclaration","rememberUtterance","186","200","true","false"
"fd5866d2580127142e46b58848da2471488f70c0","src/memory/runtime-controller.mjs","memory","19","ArrowFunctionExpression","<callback:filter>","211","211","false","false"
"fd5866d2580127142e46b58848da2471488f70c0","src/memory/runtime-controller.mjs","memory","20","ArrowFunctionExpression","<callback:sort>","212","212","false","false"
"fd5866d2580127142e46b58848da2471488f70c0","src/memory/runtime-controller.mjs","memory","21","ArrowFunctionExpression","<callback:map>","215","215","false","false"
"fd5866d2580127142e46b58848da2471488f70c0","src/memory/runtime-controller.mjs","memory","22","FunctionDeclaration","recentConversation","204","216","true","false"
"fd5866d2580127142e46b58848da2471488f70c0","src/memory/runtime-controller.mjs","memory","23","FunctionDeclaration","rememberChatExchange","226","249","true","false"
"fd5866d2580127142e46b58848da2471488f70c0","src/memory/runtime-controller.mjs","memory","24","FunctionDeclaration","rememberRemoteMessage","251","280","true","false"
"fd5866d2580127142e46b58848da2471488f70c0","src/memory/runtime-controller.mjs","memory","25","ArrowFunctionExpression","readFile","289","289","false","false"
"fd5866d2580127142e46b58848da2471488f70c0","src/memory/runtime-controller.mjs","memory","26","ArrowFunctionExpression","readWeb","290","290","false","false"
"fd5866d2580127142e46b58848da2471488f70c0","src/memory/runtime-controller.mjs","memory","27","FunctionDeclaration","createMemoryRuntimeController","37","297","false","false"
"fd5866d2580127142e46b58848da2471488f70c0","src/memory/short-term.mjs","memory","1","FunctionDeclaration","defaultEstimateTokens","1","3","false","false"
"fd5866d2580127142e46b58848da2471488f70c0","src/memory/short-term.mjs","memory","2","FunctionDeclaration","add","16","25","false","false"
"fd5866d2580127142e46b58848da2471488f70c0","src/memory/short-term.mjs","memory","3","ArrowFunctionExpression","<callback:map>","28","28","false","false"
"fd5866d2580127142e46b58848da2471488f70c0","src/memory/short-term.mjs","memory","4","FunctionDeclaration","list","27","29","false","false"
"fd5866d2580127142e46b58848da2471488f70c0","src/memory/short-term.mjs","memory","5","ArrowFunctionExpression","tokenCount","31","31","false","false"
"fd5866d2580127142e46b58848da2471488f70c0","src/memory/short-term.mjs","memory","6","ArrowFunctionExpression","clear","31","31","false","false"
"fd5866d2580127142e46b58848da2471488f70c0","src/memory/short-term.mjs","memory","7","FunctionDeclaration","createShortTermMemory","5","32","false","false"
"fd5866d2580127142e46b58848da2471488f70c0","src/memory/tombstone-repository.mjs","memory","1","FunctionDeclaration","write","13","23","false","false"
"fd5866d2580127142e46b58848da2471488f70c0","src/memory/tombstone-repository.mjs","memory","2","FunctionDeclaration","findByTarget","25","29","false","false"
"fd5866d2580127142e46b58848da2471488f70c0","src/memory/tombstone-repository.mjs","memory","3","FunctionDeclaration","hasTarget","31","33","false","false"
"fd5866d2580127142e46b58848da2471488f70c0","src/memory/tombstone-repository.mjs","memory","4","FunctionDeclaration","createTombstoneRepository","3","36","false","false"
"fd5866d2580127142e46b58848da2471488f70c0","src/memory/vault-repair.mjs","memory","1","ArrowFunctionExpression","<anonymous>","21","21","false","false"
"fd5866d2580127142e46b58848da2471488f70c0","src/memory/vault-repair.mjs","memory","2","FunctionDeclaration","probe","35","53","true","false"
"fd5866d2580127142e46b58848da2471488f70c0","src/memory/vault-repair.mjs","memory","3","FunctionDeclaration","archiveUnrecoverable","60","81","true","false"
"fd5866d2580127142e46b58848da2471488f70c0","src/memory/vault-repair.mjs","memory","4","FunctionDeclaration","createVaultRepair","14","84","false","false"
"fd5866d2580127142e46b58848da2471488f70c0","src/messaging/channel-router.mjs","messaging","1","FunctionDeclaration","normalizeTurnInput","8","22","false","false"
"fd5866d2580127142e46b58848da2471488f70c0","src/messaging/channel-router.mjs","messaging","2","ArrowFunctionExpression","now","26","26","false","false"
"fd5866d2580127142e46b58848da2471488f70c0","src/messaging/channel-router.mjs","messaging","3","FunctionExpression","route","29","38","false","false"
"fd5866d2580127142e46b58848da2471488f70c0","src/messaging/channel-router.mjs","messaging","4","FunctionDeclaration","createChannelRouter","24","40","false","false"
"fd5866d2580127142e46b58848da2471488f70c0","src/messaging/conversation-service.mjs","messaging","1","ArrowFunctionExpression","now","12","12","false","false"
"fd5866d2580127142e46b58848da2471488f70c0","src/messaging/conversation-service.mjs","messaging","2","ArrowFunctionExpression","audit","13","13","false","false"
"fd5866d2580127142e46b58848da2471488f70c0","src/messaging/conversation-service.mjs","messaging","3","FunctionExpression","ingest","19","31","true","false"
"fd5866d2580127142e46b58848da2471488f70c0","src/messaging/conversation-service.mjs","messaging","4","FunctionExpression","recallFor","33","35","false","false"
"fd5866d2580127142e46b58848da2471488f70c0","src/messaging/conversation-service.mjs","messaging","5","FunctionExpression","respond","40","69","true","false"
"fd5866d2580127142e46b58848da2471488f70c0","src/messaging/conversation-service.mjs","messaging","6","FunctionDeclaration","createConversationService","6","71","false","false"
"fd5866d2580127142e46b58848da2471488f70c0","src/messaging/httpsms/client.mjs","messaging","1","ArrowFunctionExpression","<callback:catch>","19","19","false","false"
"fd5866d2580127142e46b58848da2471488f70c0","src/messaging/httpsms/client.mjs","messaging","2","ArrowFunctionExpression","<callback:map>","21","21","false","false"
"fd5866d2580127142e46b58848da2471488f70c0","src/messaging/httpsms/client.mjs","messaging","3","FunctionDeclaration","readBounded","5","22","true","false"
"fd5866d2580127142e46b58848da2471488f70c0","src/messaging/httpsms/client.mjs","messaging","4","ArrowFunctionExpression","<callback:setTimeout>","35","35","false","false"
"fd5866d2580127142e46b58848da2471488f70c0","src/messaging/httpsms/client.mjs","messaging","5","FunctionDeclaration","request","33","59","true","false"
"fd5866d2580127142e46b58848da2471488f70c0","src/messaging/httpsms/client.mjs","messaging","6","ArrowFunctionExpression","send","64","70","true","false"
"fd5866d2580127142e46b58848da2471488f70c0","src/messaging/httpsms/client.mjs","messaging","7","ArrowFunctionExpression","getStatus","71","71","false","false"
"fd5866d2580127142e46b58848da2471488f70c0","src/messaging/httpsms/client.mjs","messaging","8","ArrowFunctionExpression","health","74","84","true","false"
"fd5866d2580127142e46b58848da2471488f70c0","src/messaging/httpsms/client.mjs","messaging","9","FunctionDeclaration","createHttpsmsClient","24","86","false","false"
"fd5866d2580127142e46b58848da2471488f70c0","src/messaging/httpsms/contracts.mjs","messaging","1","ArrowFunctionExpression","STATUS_ENDPOINT","7","7","false","false"
"fd5866d2580127142e46b58848da2471488f70c0","src/messaging/httpsms/contracts.mjs","messaging","2","FunctionDeclaration","validateSendRequest","14","20","false","false"
"fd5866d2580127142e46b58848da2471488f70c0","src/messaging/httpsms/contracts.mjs","messaging","3","FunctionDeclaration","normalizeInboundWebhook","29","47","false","false"
"fd5866d2580127142e46b58848da2471488f70c0","src/messaging/httpsms/provider.mjs","messaging","1","ArrowFunctionExpression","send","7","16","true","false"
"fd5866d2580127142e46b58848da2471488f70c0","src/messaging/httpsms/provider.mjs","messaging","2","ArrowFunctionExpression","getStatus","17","17","false","false"
"fd5866d2580127142e46b58848da2471488f70c0","src/messaging/httpsms/provider.mjs","messaging","3","ArrowFunctionExpression","health","18","18","false","false"
"fd5866d2580127142e46b58848da2471488f70c0","src/messaging/httpsms/provider.mjs","messaging","4","FunctionDeclaration","createHttpsmsProvider","3","20","false","false"
"fd5866d2580127142e46b58848da2471488f70c0","src/messaging/httpsms/webhook-server.mjs","messaging","1","ArrowFunctionExpression","<anonymous>","16","16","false","false"
"fd5866d2580127142e46b58848da2471488f70c0","src/messaging/httpsms/webhook-server.mjs","messaging","2","ArrowFunctionExpression","<callback:on>","28","35","false","false"
"fd5866d2580127142e46b58848da2471488f70c0","src/messaging/httpsms/webhook-server.mjs","messaging","3","ArrowFunctionExpression","<callback:on>","36","36","false","false"
"fd5866d2580127142e46b58848da2471488f70c0","src/messaging/httpsms/webhook-server.mjs","messaging","4","ArrowFunctionExpression","<anonymous>","24","38","false","false"
"fd5866d2580127142e46b58848da2471488f70c0","src/messaging/httpsms/webhook-server.mjs","messaging","5","ArrowFunctionExpression","readBody","24","38","false","false"
"fd5866d2580127142e46b58848da2471488f70c0","src/messaging/httpsms/webhook-server.mjs","messaging","6","ArrowFunctionExpression","handle","40","83","true","false"
"fd5866d2580127142e46b58848da2471488f70c0","src/messaging/httpsms/webhook-server.mjs","messaging","7","ArrowFunctionExpression","<callback:createServer>","87","87","false","false"
"fd5866d2580127142e46b58848da2471488f70c0","src/messaging/httpsms/webhook-server.mjs","messaging","8","ArrowFunctionExpression","<callback:listen>","89","89","false","false"
"fd5866d2580127142e46b58848da2471488f70c0","src/messaging/httpsms/webhook-server.mjs","messaging","9","ArrowFunctionExpression","<anonymous>","86","90","false","false"
"fd5866d2580127142e46b58848da2471488f70c0","src/messaging/httpsms/webhook-server.mjs","messaging","10","ArrowFunctionExpression","start","86","90","false","false"
"fd5866d2580127142e46b58848da2471488f70c0","src/messaging/httpsms/webhook-server.mjs","messaging","11","ArrowFunctionExpression","<callback:close>","95","95","false","false"
"fd5866d2580127142e46b58848da2471488f70c0","src/messaging/httpsms/webhook-server.mjs","messaging","12","ArrowFunctionExpression","<anonymous>","91","96","false","false"
"fd5866d2580127142e46b58848da2471488f70c0","src/messaging/httpsms/webhook-server.mjs","messaging","13","ArrowFunctionExpression","stop","91","96","false","false"
"fd5866d2580127142e46b58848da2471488f70c0","src/messaging/httpsms/webhook-server.mjs","messaging","14","FunctionDeclaration","createHttpsmsWebhookServer","10","98","false","false"
"fd5866d2580127142e46b58848da2471488f70c0","src/messaging/httpsms/webhook-verifier.mjs","messaging","1","ArrowFunctionExpression","<anonymous>","8","8","false","false"
"fd5866d2580127142e46b58848da2471488f70c0","src/messaging/httpsms/webhook-verifier.mjs","messaging","2","FunctionDeclaration","rememberSeen","16","19","false","false"
"fd5866d2580127142e46b58848da2471488f70c0","src/messaging/httpsms/webhook-verifier.mjs","messaging","3","FunctionDeclaration","verify","21","37","false","false"
"fd5866d2580127142e46b58848da2471488f70c0","src/messaging/httpsms/webhook-verifier.mjs","messaging","4","FunctionExpression","verifyAndParse","41","48","false","false"
"fd5866d2580127142e46b58848da2471488f70c0","src/messaging/httpsms/webhook-verifier.mjs","messaging","5","FunctionDeclaration","createHttpsmsWebhookVerifier","6","50","false","false"
"fd5866d2580127142e46b58848da2471488f70c0","src/messaging/message-delivery-ledger.mjs","messaging","1","FunctionDeclaration","deliveryKeyFor","12","17","false","false"
"fd5866d2580127142e46b58848da2471488f70c0","src/messaging/message-delivery-ledger.mjs","messaging","2","FunctionDeclaration","rowToRecord","19","31","false","false"
"fd5866d2580127142e46b58848da2471488f70c0","src/messaging/message-delivery-ledger.mjs","messaging","3","ArrowFunctionExpression","<anonymous>","33","33","false","false"
"fd5866d2580127142e46b58848da2471488f70c0","src/messaging/message-delivery-ledger.mjs","messaging","4","FunctionDeclaration","get","64","66","false","false"
"fd5866d2580127142e46b58848da2471488f70c0","src/messaging/message-delivery-ledger.mjs","messaging","5","FunctionDeclaration","requireExisting","68","72","false","false"
"fd5866d2580127142e46b58848da2471488f70c0","src/messaging/message-delivery-ledger.mjs","messaging","6","FunctionDeclaration","persist","74","82","false","false"
"fd5866d2580127142e46b58848da2471488f70c0","src/messaging/message-delivery-ledger.mjs","messaging","7","FunctionExpression","claim","87","92","false","false"
"fd5866d2580127142e46b58848da2471488f70c0","src/messaging/message-delivery-ledger.mjs","messaging","8","FunctionExpression","setState","94","98","false","false"
"fd5866d2580127142e46b58848da2471488f70c0","src/messaging/message-delivery-ledger.mjs","messaging","9","FunctionExpression","scheduleRetry","99","102","false","false"
"fd5866d2580127142e46b58848da2471488f70c0","src/messaging/message-delivery-ledger.mjs","messaging","10","FunctionExpression","markDeadLetter","103","105","false","false"
"fd5866d2580127142e46b58848da2471488f70c0","src/messaging/message-delivery-ledger.mjs","messaging","11","ArrowFunctionExpression","close","106","106","false","false"
"fd5866d2580127142e46b58848da2471488f70c0","src/messaging/message-delivery-ledger.mjs","messaging","12","FunctionDeclaration","createMessageDeliveryLedger","33","108","false","false"
"fd5866d2580127142e46b58848da2471488f70c0","src/messaging/message-retry-policy.mjs","messaging","1","FunctionDeclaration","classifyMessagingError","15","26","false","false"
"fd5866d2580127142e46b58848da2471488f70c0","src/messaging/message-retry-policy.mjs","messaging","2","FunctionDeclaration","nextRetryDelayMs","28","34","false","false"
"fd5866d2580127142e46b58848da2471488f70c0","src/messaging/message-retry-policy.mjs","messaging","3","FunctionDeclaration","shouldDeadLetter","36","39","false","false"
"fd5866d2580127142e46b58848da2471488f70c0","src/messaging/sms-router.mjs","messaging","1","FunctionDeclaration","orderedProviders","5","10","false","false"
"fd5866d2580127142e46b58848da2471488f70c0","src/messaging/sms-router.mjs","messaging","2","FunctionDeclaration","send","22","43","true","false"
"fd5866d2580127142e46b58848da2471488f70c0","src/messaging/sms-router.mjs","messaging","3","FunctionDeclaration","createSmsRouter","16","46","false","false"
"fd5866d2580127142e46b58848da2471488f70c0","src/messaging/sms-send-policy.mjs","messaging","1","ArrowFunctionExpression","<anonymous>","17","17","false","false"
"fd5866d2580127142e46b58848da2471488f70c0","src/messaging/sms-send-policy.mjs","messaging","2","FunctionDeclaration","withinQuietHours","25","31","false","false"
"fd5866d2580127142e46b58848da2471488f70c0","src/messaging/sms-send-policy.mjs","messaging","3","ArrowFunctionExpression","<callback:filter>","34","34","false","false"
"fd5866d2580127142e46b58848da2471488f70c0","src/messaging/sms-send-policy.mjs","messaging","4","ArrowFunctionExpression","<callback:filter>","35","35","false","false"
"fd5866d2580127142e46b58848da2471488f70c0","src/messaging/sms-send-policy.mjs","messaging","5","FunctionDeclaration","underBudget","33","37","false","false"
"fd5866d2580127142e46b58848da2471488f70c0","src/messaging/sms-send-policy.mjs","messaging","6","FunctionExpression","mode","40","40","false","false"
"fd5866d2580127142e46b58848da2471488f70c0","src/messaging/sms-send-policy.mjs","messaging","7","FunctionExpression","decide","41","58","false","false"
"fd5866d2580127142e46b58848da2471488f70c0","src/messaging/sms-send-policy.mjs","messaging","8","FunctionExpression","recordSent","59","59","false","false"
"fd5866d2580127142e46b58848da2471488f70c0","src/messaging/sms-send-policy.mjs","messaging","9","FunctionExpression","revokeAutomation","62","62","false","false"
"fd5866d2580127142e46b58848da2471488f70c0","src/messaging/sms-send-policy.mjs","messaging","10","FunctionExpression","reactivate","63","63","false","false"
"fd5866d2580127142e46b58848da2471488f70c0","src/messaging/sms-send-policy.mjs","messaging","11","FunctionDeclaration","createSmsSendPolicy","10","65","false","false"
"fd5866d2580127142e46b58848da2471488f70c0","src/messaging/telegram-approval-adapter.mjs","messaging","1","FunctionDeclaration","buildSummary","3","12","false","false"
"fd5866d2580127142e46b58848da2471488f70c0","src/messaging/telegram-approval-adapter.mjs","messaging","2","FunctionDeclaration","bareDigest","14","16","false","false"
"fd5866d2580127142e46b58848da2471488f70c0","src/messaging/telegram-approval-adapter.mjs","messaging","3","ArrowFunctionExpression","<callback:map>","29","32","false","false"
"fd5866d2580127142e46b58848da2471488f70c0","src/messaging/telegram-approval-adapter.mjs","messaging","4","FunctionExpression","sendRequest","27","34","true","false"
"fd5866d2580127142e46b58848da2471488f70c0","src/messaging/telegram-approval-adapter.mjs","messaging","5","FunctionExpression","handleCallback","36","68","true","false"
"fd5866d2580127142e46b58848da2471488f70c0","src/messaging/telegram-approval-adapter.mjs","messaging","6","FunctionDeclaration","createTelegramApprovalAdapter","18","70","false","false"
"fd5866d2580127142e46b58848da2471488f70c0","src/messaging/telegram-command-router.mjs","messaging","1","ArrowFunctionExpression","<callback:some>","16","16","false","false"
"fd5866d2580127142e46b58848da2471488f70c0","src/messaging/telegram-command-router.mjs","messaging","2","FunctionDeclaration","handle","14","29","true","false"
"fd5866d2580127142e46b58848da2471488f70c0","src/messaging/telegram-command-router.mjs","messaging","3","FunctionDeclaration","createTelegramCommandRouter","11","32","false","false"
"fd5866d2580127142e46b58848da2471488f70c0","src/messaging/telegram-conversation-responder.mjs","messaging","1","FunctionDeclaration","reply","11","24","true","false"
"fd5866d2580127142e46b58848da2471488f70c0","src/messaging/telegram-conversation-responder.mjs","messaging","2","FunctionDeclaration","createTelegramConversationResponder","8","27","false","false"
"fd5866d2580127142e46b58848da2471488f70c0","src/messaging/telegram-home-commands.mjs","messaging","1","FunctionDeclaration","stripQuotes","19","22","false","false"
"fd5866d2580127142e46b58848da2471488f70c0","src/messaging/telegram-home-commands.mjs","messaging","2","ArrowFunctionExpression","<anonymous>","29","29","false","false"
"fd5866d2580127142e46b58848da2471488f70c0","src/messaging/telegram-home-commands.mjs","messaging","3","ArrowFunctionExpression","<callback:filter>","45","45","false","false"
"fd5866d2580127142e46b58848da2471488f70c0","src/messaging/telegram-home-commands.mjs","messaging","4","ArrowFunctionExpression","<callback:map>","47","47","false","false"
"fd5866d2580127142e46b58848da2471488f70c0","src/messaging/telegram-home-commands.mjs","messaging","5","FunctionDeclaration","handle","36","73","true","false"
"fd5866d2580127142e46b58848da2471488f70c0","src/messaging/telegram-home-commands.mjs","messaging","6","FunctionDeclaration","createTelegramHomeCommands","24","76","false","false"
"fd5866d2580127142e46b58848da2471488f70c0","src/messaging/telegram-mail-commands.mjs","messaging","1","FunctionDeclaration","segments","8","13","false","false"
"fd5866d2580127142e46b58848da2471488f70c0","src/messaging/telegram-mail-commands.mjs","messaging","2","ArrowFunctionExpression","<callback:map>","40","40","false","false"
"fd5866d2580127142e46b58848da2471488f70c0","src/messaging/telegram-mail-commands.mjs","messaging","3","ArrowFunctionExpression","<callback:map>","48","48","false","false"
"fd5866d2580127142e46b58848da2471488f70c0","src/messaging/telegram-mail-commands.mjs","messaging","4","ArrowFunctionExpression","<callback:map>","66","66","false","false"
"fd5866d2580127142e46b58848da2471488f70c0","src/messaging/telegram-mail-commands.mjs","messaging","5","FunctionDeclaration","handle","29","71","true","false"
"fd5866d2580127142e46b58848da2471488f70c0","src/messaging/telegram-mail-commands.mjs","messaging","6","FunctionDeclaration","createTelegramMailCommands","15","74","false","false"
"fd5866d2580127142e46b58848da2471488f70c0","src/missions/dental-sort.mjs","missions","1","FunctionDeclaration","normalizePhotoId","3","6","false","false"
"fd5866d2580127142e46b58848da2471488f70c0","src/missions/dental-sort.mjs","missions","2","FunctionDeclaration","thumbnailUrl","8","18","true","false"
"fd5866d2580127142e46b58848da2471488f70c0","src/missions/dental-sort.mjs","missions","3","ArrowFunctionExpression","goto","24","31","true","false"
"fd5866d2580127142e46b58848da2471488f70c0","src/missions/dental-sort.mjs","missions","4","ArrowFunctionExpression","<callback:evaluate>","40","48","false","false"
"fd5866d2580127142e46b58848da2471488f70c0","src/missions/dental-sort.mjs","missions","5","ArrowFunctionExpression","<callback:catch>","48","48","false","false"
"fd5866d2580127142e46b58848da2471488f70c0","src/missions/dental-sort.mjs","missions","6","ArrowFunctionExpression","listAssets","32","52","true","false"
"fd5866d2580127142e46b58848da2471488f70c0","src/missions/dental-sort.mjs","missions","7","ArrowFunctionExpression","fetchImage","53","56","true","false"
"fd5866d2580127142e46b58848da2471488f70c0","src/missions/dental-sort.mjs","missions","8","ArrowFunctionExpression","select","57","67","true","false"
"fd5866d2580127142e46b58848da2471488f70c0","src/missions/dental-sort.mjs","missions","9","ArrowFunctionExpression","<callback:reduce>","71","74","false","false"
"fd5866d2580127142e46b58848da2471488f70c0","src/missions/dental-sort.mjs","missions","10","ArrowFunctionExpression","<callback:evaluate>","69","76","false","false"
"fd5866d2580127142e46b58848da2471488f70c0","src/missions/dental-sort.mjs","missions","11","ArrowFunctionExpression","scrollForMore","68","79","true","false"
"fd5866d2580127142e46b58848da2471488f70c0","src/missions/dental-sort.mjs","missions","12","ArrowFunctionExpression","downloadSelected","80","83","true","false"
"fd5866d2580127142e46b58848da2471488f70c0","src/missions/dental-sort.mjs","missions","13","FunctionDeclaration","createGooglePhotosGrid","20","85","false","false"
"fd5866d2580127142e46b58848da2471488f70c0","src/missions/dental-sort.mjs","missions","14","ArrowFunctionExpression","<anonymous>","90","90","true","false"
"fd5866d2580127142e46b58848da2471488f70c0","src/missions/dental-sort.mjs","missions","15","ArrowFunctionExpression","<anonymous>","94","94","false","false"
"fd5866d2580127142e46b58848da2471488f70c0","src/missions/dental-sort.mjs","missions","16","FunctionDeclaration","runDentalSort","87","172","true","false"
"fd5866d2580127142e46b58848da2471488f70c0","src/models/model-installer.mjs","models","1","FunctionDeclaration","validateFile","8","25","false","false"
"fd5866d2580127142e46b58848da2471488f70c0","src/models/model-installer.mjs","models","2","FunctionExpression","transform","53","56","false","false"
"fd5866d2580127142e46b58848da2471488f70c0","src/models/model-installer.mjs","models","3","ArrowFunctionExpression","<callback:catch>","62","62","false","false"
"fd5866d2580127142e46b58848da2471488f70c0","src/models/model-installer.mjs","models","4","FunctionDeclaration","installModelManifest","27","68","true","false"
"fd5866d2580127142e46b58848da2471488f70c0","src/models/model-loader.mjs","models","1","ArrowFunctionExpression","run","16","16","false","false"
"fd5866d2580127142e46b58848da2471488f70c0","src/models/model-loader.mjs","models","2","ArrowFunctionExpression","unload","17","17","true","false"
"fd5866d2580127142e46b58848da2471488f70c0","src/models/model-loader.mjs","models","3","FunctionDeclaration","defaultLoadPipeline","8","19","true","false"
"fd5866d2580127142e46b58848da2471488f70c0","src/models/model-loader.mjs","models","4","FunctionDeclaration","unloadCurrent","32","38","true","false"
"fd5866d2580127142e46b58848da2471488f70c0","src/models/model-loader.mjs","models","5","FunctionDeclaration","load","40","58","true","false"
"fd5866d2580127142e46b58848da2471488f70c0","src/models/model-loader.mjs","models","6","FunctionDeclaration","status","60","65","false","false"
"fd5866d2580127142e46b58848da2471488f70c0","src/models/model-loader.mjs","models","7","FunctionDeclaration","createModelLoader","21","68","false","false"
"fd5866d2580127142e46b58848da2471488f70c0","src/models/model-manifest.mjs","models","1","FunctionDeclaration","within","10","13","false","false"
"fd5866d2580127142e46b58848da2471488f70c0","src/models/model-manifest.mjs","models","2","FunctionDeclaration","validateModelManifest","15","28","false","false"
"fd5866d2580127142e46b58848da2471488f70c0","src/models/model-profiles.mjs","models","1","FunctionDeclaration","id","6","9","false","false"
"fd5866d2580127142e46b58848da2471488f70c0","src/models/model-profiles.mjs","models","2","FunctionDeclaration","amount","11","14","false","false"
"fd5866d2580127142e46b58848da2471488f70c0","src/models/model-profiles.mjs","models","3","FunctionDeclaration","validate","16","46","false","false"
"fd5866d2580127142e46b58848da2471488f70c0","src/models/model-profiles.mjs","models","4","FunctionDeclaration","roundedCost","48","50","false","false"
"fd5866d2580127142e46b58848da2471488f70c0","src/models/model-profiles.mjs","models","5","ArrowFunctionExpression","now","60","60","false","false"
"fd5866d2580127142e46b58848da2471488f70c0","src/models/model-profiles.mjs","models","6","ArrowFunctionExpression","<callback:find>","63","64","false","false"
"fd5866d2580127142e46b58848da2471488f70c0","src/models/model-profiles.mjs","models","7","FunctionDeclaration","resolve","62","65","false","false"
"fd5866d2580127142e46b58848da2471488f70c0","src/models/model-profiles.mjs","models","8","FunctionDeclaration","estimate","67","91","false","false"
"fd5866d2580127142e46b58848da2471488f70c0","src/models/model-profiles.mjs","models","9","ArrowFunctionExpression","list","93","93","false","false"
"fd5866d2580127142e46b58848da2471488f70c0","src/models/model-profiles.mjs","models","10","FunctionDeclaration","createModelProfiles","52","94","false","false"
"fd5866d2580127142e46b58848da2471488f70c0","src/models/model-registry.mjs","models","1","FunctionDeclaration","snapshot","15","22","false","false"
"fd5866d2580127142e46b58848da2471488f70c0","src/models/model-registry.mjs","models","2","FunctionDeclaration","recordFor","24","28","false","false"
"fd5866d2580127142e46b58848da2471488f70c0","src/models/model-registry.mjs","models","3","FunctionDeclaration","list","30","32","false","false"
"fd5866d2580127142e46b58848da2471488f70c0","src/models/model-registry.mjs","models","4","FunctionDeclaration","markInstalled","34","42","false","false"
"fd5866d2580127142e46b58848da2471488f70c0","src/models/model-registry.mjs","models","5","FunctionDeclaration","markLoaded","44","50","false","false"
"fd5866d2580127142e46b58848da2471488f70c0","src/models/model-registry.mjs","models","6","FunctionDeclaration","markFailed","52","58","false","false"
"fd5866d2580127142e46b58848da2471488f70c0","src/models/model-registry.mjs","models","7","ArrowFunctionExpression","<callback:filter>","63","63","false","false"
"fd5866d2580127142e46b58848da2471488f70c0","src/models/model-registry.mjs","models","8","ArrowFunctionExpression","<callback:filter>","64","64","false","false"
"fd5866d2580127142e46b58848da2471488f70c0","src/models/model-registry.mjs","models","9","ArrowFunctionExpression","<callback:filter>","65","65","false","false"
"fd5866d2580127142e46b58848da2471488f70c0","src/models/model-registry.mjs","models","10","ArrowFunctionExpression","<callback:filter>","66","66","false","false"
"fd5866d2580127142e46b58848da2471488f70c0","src/models/model-registry.mjs","models","11","ArrowFunctionExpression","<callback:sort>","67","69","false","false"
"fd5866d2580127142e46b58848da2471488f70c0","src/models/model-registry.mjs","models","12","FunctionDeclaration","resolve","60","72","false","false"
"fd5866d2580127142e46b58848da2471488f70c0","src/models/model-registry.mjs","models","13","FunctionDeclaration","createModelRegistry","6","75","false","false"
"fd5866d2580127142e46b58848da2471488f70c0","src/perception/frame-quality.mjs","perception","1","FunctionDeclaration","isFiniteNumber","8","10","false","false"
"fd5866d2580127142e46b58848da2471488f70c0","src/perception/frame-quality.mjs","perception","2","FunctionDeclaration","assessFrameQuality","12","22","false","false"
"fd5866d2580127142e46b58848da2471488f70c0","src/perception/frame-quality.mjs","perception","3","FunctionDeclaration","decideLensFlip","26","32","false","false"
"fd5866d2580127142e46b58848da2471488f70c0","src/perception/frame-quality.mjs","perception","4","FunctionDeclaration","frameStatsFromGrayscale","35","46","false","false"
"fd5866d2580127142e46b58848da2471488f70c0","src/perception/multimodal-observation.mjs","perception","1","FunctionDeclaration","digestOf","6","8","false","false"
"fd5866d2580127142e46b58848da2471488f70c0","src/perception/multimodal-observation.mjs","perception","2","FunctionDeclaration","requireBytes","10","12","false","false"
"fd5866d2580127142e46b58848da2471488f70c0","src/perception/multimodal-observation.mjs","perception","3","FunctionDeclaration","requireTimestamp","14","16","false","false"
"fd5866d2580127142e46b58848da2471488f70c0","src/perception/multimodal-observation.mjs","perception","4","FunctionDeclaration","createScreenModality","18","22","false","false"
"fd5866d2580127142e46b58848da2471488f70c0","src/perception/multimodal-observation.mjs","perception","5","FunctionDeclaration","createWebModality","24","28","false","false"
"fd5866d2580127142e46b58848da2471488f70c0","src/perception/multimodal-observation.mjs","perception","6","FunctionDeclaration","createCameraModality","30","38","false","false"
"fd5866d2580127142e46b58848da2471488f70c0","src/perception/multimodal-observation.mjs","perception","7","ArrowFunctionExpression","<callback:map>","47","47","false","false"
"fd5866d2580127142e46b58848da2471488f70c0","src/perception/multimodal-observation.mjs","perception","8","FunctionDeclaration","createOcrModality","40","51","false","false"
"fd5866d2580127142e46b58848da2471488f70c0","src/perception/observation-fusion.mjs","perception","1","ArrowFunctionExpression","<callback:filter>","4","4","false","false"
"fd5866d2580127142e46b58848da2471488f70c0","src/perception/observation-fusion.mjs","perception","2","ArrowFunctionExpression","<callback:map>","7","7","false","false"
"fd5866d2580127142e46b58848da2471488f70c0","src/perception/observation-fusion.mjs","perception","3","FunctionDeclaration","fuseObservation","3","23","false","false"
"fd5866d2580127142e46b58848da2471488f70c0","src/perception/phone-vision-pipeline.mjs","perception","1","FunctionDeclaration","observe","10","41","true","false"
"fd5866d2580127142e46b58848da2471488f70c0","src/perception/phone-vision-pipeline.mjs","perception","2","FunctionDeclaration","createPhoneVisionPipeline","5","44","false","false"
"fd5866d2580127142e46b58848da2471488f70c0","src/perception/web-observer.mjs","perception","1","FunctionDeclaration","bounded","12","15","false","false"
"fd5866d2580127142e46b58848da2471488f70c0","src/perception/web-observer.mjs","perception","2","FunctionDeclaration","sanitizeDom","17","21","false","false"
"fd5866d2580127142e46b58848da2471488f70c0","src/perception/web-observer.mjs","perception","3","ArrowFunctionExpression","isVisible","29","32","false","false"
"fd5866d2580127142e46b58848da2471488f70c0","src/perception/web-observer.mjs","perception","4","ArrowFunctionExpression","<callback:filter>","35","35","false","false"
"fd5866d2580127142e46b58848da2471488f70c0","src/perception/web-observer.mjs","perception","5","ArrowFunctionExpression","<callback:map>","37","44","false","false"
"fd5866d2580127142e46b58848da2471488f70c0","src/perception/web-observer.mjs","perception","6","ArrowFunctionExpression","<callback:map>","50","53","false","false"
"fd5866d2580127142e46b58848da2471488f70c0","src/perception/web-observer.mjs","perception","7","ArrowFunctionExpression","<callback:map>","54","54","false","false"
"fd5866d2580127142e46b58848da2471488f70c0","src/perception/web-observer.mjs","perception","8","ArrowFunctionExpression","<callback:evaluate>","28","56","false","false"
"fd5866d2580127142e46b58848da2471488f70c0","src/perception/web-observer.mjs","perception","9","ArrowFunctionExpression","<callback:map>","61","64","false","false"
"fd5866d2580127142e46b58848da2471488f70c0","src/perception/web-observer.mjs","perception","10","ArrowFunctionExpression","<callback:map>","71","74","false","false"
"fd5866d2580127142e46b58848da2471488f70c0","src/perception/web-observer.mjs","perception","11","FunctionDeclaration","collect","27","86","true","false"
"fd5866d2580127142e46b58848da2471488f70c0","src/perception/web-observer.mjs","perception","12","FunctionDeclaration","inspect","88","100","true","false"
"fd5866d2580127142e46b58848da2471488f70c0","src/perception/web-observer.mjs","perception","13","FunctionDeclaration","createWebObserver","23","103","false","false"
"fd5866d2580127142e46b58848da2471488f70c0","src/personal/adapters/caldav-carddav.mjs","personal","1","FunctionDeclaration","icsField","3","6","false","false"
"fd5866d2580127142e46b58848da2471488f70c0","src/personal/adapters/caldav-carddav.mjs","personal","2","FunctionDeclaration","icsDate","8","14","false","false"
"fd5866d2580127142e46b58848da2471488f70c0","src/personal/adapters/caldav-carddav.mjs","personal","3","FunctionDeclaration","normalizeVevent","16","30","false","false"
"fd5866d2580127142e46b58848da2471488f70c0","src/personal/adapters/caldav-carddav.mjs","personal","4","FunctionDeclaration","vcardField","32","35","false","false"
"fd5866d2580127142e46b58848da2471488f70c0","src/personal/adapters/caldav-carddav.mjs","personal","5","FunctionDeclaration","normalizeVcard","37","47","false","false"
"fd5866d2580127142e46b58848da2471488f70c0","src/personal/adapters/caldav-carddav.mjs","personal","6","FunctionDeclaration","syncCollectionBody","49","56","false","false"
"fd5866d2580127142e46b58848da2471488f70c0","src/personal/adapters/caldav-carddav.mjs","personal","7","FunctionDeclaration","report","67","78","true","false"
"fd5866d2580127142e46b58848da2471488f70c0","src/personal/adapters/caldav-carddav.mjs","personal","8","FunctionExpression","health","83","92","true","false"
"fd5866d2580127142e46b58848da2471488f70c0","src/personal/adapters/caldav-carddav.mjs","personal","9","FunctionExpression","sync","94","116","true","false"
"fd5866d2580127142e46b58848da2471488f70c0","src/personal/adapters/caldav-carddav.mjs","personal","10","FunctionDeclaration","createCaldavCarddavAdapter","58","118","false","false"
"fd5866d2580127142e46b58848da2471488f70c0","src/personal/adapters/google-personal.mjs","personal","1","ArrowFunctionExpression","<callback:map>","20","20","false","false"
"fd5866d2580127142e46b58848da2471488f70c0","src/personal/adapters/google-personal.mjs","personal","2","FunctionDeclaration","normalizeEvent","7","23","false","false"
"fd5866d2580127142e46b58848da2471488f70c0","src/personal/adapters/google-personal.mjs","personal","3","ArrowFunctionExpression","<callback:map>","27","27","false","false"
"fd5866d2580127142e46b58848da2471488f70c0","src/personal/adapters/google-personal.mjs","personal","4","ArrowFunctionExpression","<callback:map>","28","28","false","false"
"fd5866d2580127142e46b58848da2471488f70c0","src/personal/adapters/google-personal.mjs","personal","5","FunctionDeclaration","normalizePerson","25","37","false","false"
"fd5866d2580127142e46b58848da2471488f70c0","src/personal/adapters/google-personal.mjs","personal","6","FunctionDeclaration","normalizeTask","39","49","false","false"
"fd5866d2580127142e46b58848da2471488f70c0","src/personal/adapters/google-personal.mjs","personal","7","FunctionDeclaration","isExpiredSyncToken","51","53","false","false"
"fd5866d2580127142e46b58848da2471488f70c0","src/personal/adapters/google-personal.mjs","personal","8","FunctionDeclaration","isRevoked","55","57","false","false"
"fd5866d2580127142e46b58848da2471488f70c0","src/personal/adapters/google-personal.mjs","personal","9","ArrowFunctionExpression","now","62","62","false","false"
"fd5866d2580127142e46b58848da2471488f70c0","src/personal/adapters/google-personal.mjs","personal","10","FunctionDeclaration","call","64","68","true","false"
"fd5866d2580127142e46b58848da2471488f70c0","src/personal/adapters/google-personal.mjs","personal","11","FunctionExpression","create","73","86","true","false"
"fd5866d2580127142e46b58848da2471488f70c0","src/personal/adapters/google-personal.mjs","personal","12","FunctionExpression","complete","88","93","true","false"
"fd5866d2580127142e46b58848da2471488f70c0","src/personal/adapters/google-personal.mjs","personal","13","FunctionExpression","cancel","95","99","true","false"
"fd5866d2580127142e46b58848da2471488f70c0","src/personal/adapters/google-personal.mjs","personal","14","FunctionExpression","createEvent","101","118","true","false"
"fd5866d2580127142e46b58848da2471488f70c0","src/personal/adapters/google-personal.mjs","personal","15","FunctionExpression","getEvent","120","124","true","false"
"fd5866d2580127142e46b58848da2471488f70c0","src/personal/adapters/google-personal.mjs","personal","16","FunctionExpression","updateEvent","126","141","true","false"
"fd5866d2580127142e46b58848da2471488f70c0","src/personal/adapters/google-personal.mjs","personal","17","FunctionExpression","cancelEvent","143","147","true","false"
"fd5866d2580127142e46b58848da2471488f70c0","src/personal/adapters/google-personal.mjs","personal","18","FunctionExpression","health","149","157","true","false"
"fd5866d2580127142e46b58848da2471488f70c0","src/personal/adapters/google-personal.mjs","personal","19","ArrowFunctionExpression","<callback:filter>","188","188","false","false"
"fd5866d2580127142e46b58848da2471488f70c0","src/personal/adapters/google-personal.mjs","personal","20","FunctionExpression","sync","159","196","true","false"
"fd5866d2580127142e46b58848da2471488f70c0","src/personal/adapters/google-personal.mjs","personal","21","FunctionDeclaration","createGooglePersonalAdapter","59","198","false","false"
"fd5866d2580127142e46b58848da2471488f70c0","src/personal/adapters/microsoft-personal.mjs","personal","1","FunctionDeclaration","parseJson","7","10","true","false"
"fd5866d2580127142e46b58848da2471488f70c0","src/personal/adapters/microsoft-personal.mjs","personal","2","ArrowFunctionExpression","<callback:map>","23","26","false","false"
"fd5866d2580127142e46b58848da2471488f70c0","src/personal/adapters/microsoft-personal.mjs","personal","3","FunctionDeclaration","normalizeEvent","12","29","false","false"
"fd5866d2580127142e46b58848da2471488f70c0","src/personal/adapters/microsoft-personal.mjs","personal","4","ArrowFunctionExpression","<callback:map>","33","33","false","false"
"fd5866d2580127142e46b58848da2471488f70c0","src/personal/adapters/microsoft-personal.mjs","personal","5","ArrowFunctionExpression","<callback:map>","34","34","false","false"
"fd5866d2580127142e46b58848da2471488f70c0","src/personal/adapters/microsoft-personal.mjs","personal","6","FunctionDeclaration","normalizeContact","31","43","false","false"
"fd5866d2580127142e46b58848da2471488f70c0","src/personal/adapters/microsoft-personal.mjs","personal","7","FunctionDeclaration","normalizeTask","47","57","false","false"
"fd5866d2580127142e46b58848da2471488f70c0","src/personal/adapters/microsoft-personal.mjs","personal","8","ArrowFunctionExpression","<anonymous>","60","60","false","false"
"fd5866d2580127142e46b58848da2471488f70c0","src/personal/adapters/microsoft-personal.mjs","personal","9","ArrowFunctionExpression","<anonymous>","60","60","false","false"
"fd5866d2580127142e46b58848da2471488f70c0","src/personal/adapters/microsoft-personal.mjs","personal","10","FunctionDeclaration","call","65","81","true","false"
"fd5866d2580127142e46b58848da2471488f70c0","src/personal/adapters/microsoft-personal.mjs","personal","11","FunctionDeclaration","followDelta","83","94","true","false"
"fd5866d2580127142e46b58848da2471488f70c0","src/personal/adapters/microsoft-personal.mjs","personal","12","FunctionExpression","health","99","107","true","false"
"fd5866d2580127142e46b58848da2471488f70c0","src/personal/adapters/microsoft-personal.mjs","personal","13","ArrowFunctionExpression","<callback:call>","111","115","false","false"
"fd5866d2580127142e46b58848da2471488f70c0","src/personal/adapters/microsoft-personal.mjs","personal","14","FunctionExpression","sync","109","157","true","false"
"fd5866d2580127142e46b58848da2471488f70c0","src/personal/adapters/microsoft-personal.mjs","personal","15","FunctionDeclaration","createMicrosoftPersonalAdapter","59","159","false","false"
"fd5866d2580127142e46b58848da2471488f70c0","src/personal/calendar-repository.mjs","personal","1","FunctionDeclaration","migrationChecksum","7","9","false","false"
"fd5866d2580127142e46b58848da2471488f70c0","src/personal/calendar-repository.mjs","personal","2","ArrowFunctionExpression","<callback:transaction>","27","31","false","false"
"fd5866d2580127142e46b58848da2471488f70c0","src/personal/calendar-repository.mjs","personal","3","FunctionDeclaration","applyPersonalCalendarMigrations","11","32","false","false"
"fd5866d2580127142e46b58848da2471488f70c0","src/personal/calendar-repository.mjs","personal","4","FunctionDeclaration","rowToEvent","34","50","false","false"
"fd5866d2580127142e46b58848da2471488f70c0","src/personal/calendar-repository.mjs","personal","5","ArrowFunctionExpression","now","57","57","false","false"
"fd5866d2580127142e46b58848da2471488f70c0","src/personal/calendar-repository.mjs","personal","6","FunctionExpression","put","78","86","true","false"
"fd5866d2580127142e46b58848da2471488f70c0","src/personal/calendar-repository.mjs","personal","7","FunctionExpression","get","88","90","true","false"
"fd5866d2580127142e46b58848da2471488f70c0","src/personal/calendar-repository.mjs","personal","8","FunctionExpression","delete","92","94","true","false"
"fd5866d2580127142e46b58848da2471488f70c0","src/personal/calendar-repository.mjs","personal","9","FunctionExpression","list","96","100","true","false"
"fd5866d2580127142e46b58848da2471488f70c0","src/personal/calendar-repository.mjs","personal","10","FunctionExpression","getCursor","102","105","true","false"
"fd5866d2580127142e46b58848da2471488f70c0","src/personal/calendar-repository.mjs","personal","11","FunctionExpression","setCursor","107","109","true","false"
"fd5866d2580127142e46b58848da2471488f70c0","src/personal/calendar-repository.mjs","personal","12","FunctionDeclaration","createCalendarRepository","52","111","false","false"
"fd5866d2580127142e46b58848da2471488f70c0","src/personal/calendar-service.mjs","personal","1","ArrowFunctionExpression","<callback:every>","4","4","false","false"
"fd5866d2580127142e46b58848da2471488f70c0","src/personal/calendar-service.mjs","personal","2","FunctionDeclaration","fieldsEqual","3","5","false","false"
"fd5866d2580127142e46b58848da2471488f70c0","src/personal/calendar-service.mjs","personal","3","ArrowFunctionExpression","now","18","18","false","false"
"fd5866d2580127142e46b58848da2471488f70c0","src/personal/calendar-service.mjs","personal","4","FunctionDeclaration","requireConfirmation","21","24","true","false"
"fd5866d2580127142e46b58848da2471488f70c0","src/personal/calendar-service.mjs","personal","5","FunctionExpression","sync","27","47","true","false"
"fd5866d2580127142e46b58848da2471488f70c0","src/personal/calendar-service.mjs","personal","6","ArrowFunctionExpression","list","49","49","false","false"
"fd5866d2580127142e46b58848da2471488f70c0","src/personal/calendar-service.mjs","personal","7","ArrowFunctionExpression","get","50","50","false","false"
"fd5866d2580127142e46b58848da2471488f70c0","src/personal/calendar-service.mjs","personal","8","FunctionExpression","proposeCreate","52","56","true","false"
"fd5866d2580127142e46b58848da2471488f70c0","src/personal/calendar-service.mjs","personal","9","FunctionExpression","proposeUpdate","58","64","true","false"
"fd5866d2580127142e46b58848da2471488f70c0","src/personal/calendar-service.mjs","personal","10","ArrowFunctionExpression","<callback:every>","95","95","false","false"
"fd5866d2580127142e46b58848da2471488f70c0","src/personal/calendar-service.mjs","personal","11","FunctionExpression","commitProposal","66","98","true","false"
"fd5866d2580127142e46b58848da2471488f70c0","src/personal/calendar-service.mjs","personal","12","FunctionExpression","cancel","100","109","true","false"
"fd5866d2580127142e46b58848da2471488f70c0","src/personal/calendar-service.mjs","personal","13","FunctionDeclaration","createCalendarService","7","111","false","false"
"fd5866d2580127142e46b58848da2471488f70c0","src/personal/contact-repository.mjs","personal","1","FunctionExpression","put","7","10","true","false"
"fd5866d2580127142e46b58848da2471488f70c0","src/personal/contact-repository.mjs","personal","2","FunctionExpression","get","12","14","true","false"
"fd5866d2580127142e46b58848da2471488f70c0","src/personal/contact-repository.mjs","personal","3","FunctionExpression","list","16","18","true","false"
"fd5866d2580127142e46b58848da2471488f70c0","src/personal/contact-repository.mjs","personal","4","FunctionExpression","delete","20","22","true","false"
"fd5866d2580127142e46b58848da2471488f70c0","src/personal/contact-repository.mjs","personal","5","FunctionDeclaration","createContactRepository","1","24","false","false"
"fd5866d2580127142e46b58848da2471488f70c0","src/personal/contact-service.mjs","personal","1","FunctionDeclaration","endpointsEqual","10","12","false","false"
"fd5866d2580127142e46b58848da2471488f70c0","src/personal/contact-service.mjs","personal","2","ArrowFunctionExpression","now","21","21","false","false"
"fd5866d2580127142e46b58848da2471488f70c0","src/personal/contact-service.mjs","personal","3","FunctionDeclaration","requireConfirmation","24","27","true","false"
"fd5866d2580127142e46b58848da2471488f70c0","src/personal/contact-service.mjs","personal","4","FunctionDeclaration","requirePerson","29","33","true","false"
"fd5866d2580127142e46b58848da2471488f70c0","src/personal/contact-service.mjs","personal","5","FunctionExpression","list","36","38","true","false"
"fd5866d2580127142e46b58848da2471488f70c0","src/personal/contact-service.mjs","personal","6","FunctionExpression","sync","40","52","true","false"
"fd5866d2580127142e46b58848da2471488f70c0","src/personal/contact-service.mjs","personal","7","ArrowFunctionExpression","<callback:filter>","56","56","false","false"
"fd5866d2580127142e46b58848da2471488f70c0","src/personal/contact-service.mjs","personal","8","ArrowFunctionExpression","<callback:find>","57","57","false","false"
"fd5866d2580127142e46b58848da2471488f70c0","src/personal/contact-service.mjs","personal","9","FunctionExpression","resolveEndpoint","54","64","true","false"
"fd5866d2580127142e46b58848da2471488f70c0","src/personal/contact-service.mjs","personal","10","FunctionExpression","proposeLink","66","73","true","false"
"fd5866d2580127142e46b58848da2471488f70c0","src/personal/contact-service.mjs","personal","11","ArrowFunctionExpression","<callback:some>","82","82","false","false"
"fd5866d2580127142e46b58848da2471488f70c0","src/personal/contact-service.mjs","personal","12","ArrowFunctionExpression","<callback:map>","83","83","false","false"
"fd5866d2580127142e46b58848da2471488f70c0","src/personal/contact-service.mjs","personal","13","FunctionExpression","confirmLink","75","87","true","false"
"fd5866d2580127142e46b58848da2471488f70c0","src/personal/contact-service.mjs","personal","14","ArrowFunctionExpression","<callback:some>","97","97","false","false"
"fd5866d2580127142e46b58848da2471488f70c0","src/personal/contact-service.mjs","personal","15","FunctionExpression","merge","89","105","true","false"
"fd5866d2580127142e46b58848da2471488f70c0","src/personal/contact-service.mjs","personal","16","ArrowFunctionExpression","<callback:find>","109","109","false","false"
"fd5866d2580127142e46b58848da2471488f70c0","src/personal/contact-service.mjs","personal","17","ArrowFunctionExpression","<callback:filter>","112","112","false","false"
"fd5866d2580127142e46b58848da2471488f70c0","src/personal/contact-service.mjs","personal","18","FunctionExpression","split","107","123","true","false"
"fd5866d2580127142e46b58848da2471488f70c0","src/personal/contact-service.mjs","personal","19","FunctionDeclaration","createContactService","14","125","false","false"
"fd5866d2580127142e46b58848da2471488f70c0","src/personal/daily-briefing-service.mjs","personal","1","FunctionDeclaration","dayWindow","3","8","false","false"
"fd5866d2580127142e46b58848da2471488f70c0","src/personal/daily-briefing-service.mjs","personal","2","FunctionDeclaration","bucket","10","17","false","false"
"fd5866d2580127142e46b58848da2471488f70c0","src/personal/daily-briefing-service.mjs","personal","3","ArrowFunctionExpression","now","30","30","false","false"
"fd5866d2580127142e46b58848da2471488f70c0","src/personal/daily-briefing-service.mjs","personal","4","ArrowFunctionExpression","<callback:filter>","52","52","false","false"
"fd5866d2580127142e46b58848da2471488f70c0","src/personal/daily-briefing-service.mjs","personal","5","ArrowFunctionExpression","<callback:filter>","61","61","false","false"
"fd5866d2580127142e46b58848da2471488f70c0","src/personal/daily-briefing-service.mjs","personal","6","ArrowFunctionExpression","<callback:filter>","72","72","false","false"
"fd5866d2580127142e46b58848da2471488f70c0","src/personal/daily-briefing-service.mjs","personal","7","FunctionExpression","build","33","93","true","false"
"fd5866d2580127142e46b58848da2471488f70c0","src/personal/daily-briefing-service.mjs","personal","8","FunctionDeclaration","createDailyBriefingService","19","95","false","false"
"fd5866d2580127142e46b58848da2471488f70c0","src/personal/personal-contracts.mjs","personal","1","ArrowFunctionExpression","error","5","5","false","false"
"fd5866d2580127142e46b58848da2471488f70c0","src/personal/personal-contracts.mjs","personal","2","FunctionDeclaration","deepFreeze","7","13","false","false"
"fd5866d2580127142e46b58848da2471488f70c0","src/personal/personal-contracts.mjs","personal","3","ArrowFunctionExpression","<callback:superRefine>","32","36","false","false"
"fd5866d2580127142e46b58848da2471488f70c0","src/personal/personal-contracts.mjs","personal","4","FunctionDeclaration","validateCalendarEvent","38","40","false","false"
"fd5866d2580127142e46b58848da2471488f70c0","src/personal/personal-contracts.mjs","personal","5","FunctionDeclaration","validatePerson","56","58","false","false"
"fd5866d2580127142e46b58848da2471488f70c0","src/personal/personal-contracts.mjs","personal","6","FunctionDeclaration","validateTask","70","72","false","false"
"fd5866d2580127142e46b58848da2471488f70c0","src/personal/personal-contracts.mjs","personal","7","FunctionDeclaration","validateSyncPage","80","82","false","false"
"fd5866d2580127142e46b58848da2471488f70c0","src/personal/personal-data-hub.mjs","personal","1","FunctionExpression","adapter","10","14","false","false"
"fd5866d2580127142e46b58848da2471488f70c0","src/personal/personal-data-hub.mjs","personal","2","ArrowFunctionExpression","<callback:map>","15","15","false","false"
"fd5866d2580127142e46b58848da2471488f70c0","src/personal/personal-data-hub.mjs","personal","3","ArrowFunctionExpression","health","15","15","false","false"
"fd5866d2580127142e46b58848da2471488f70c0","src/personal/personal-data-hub.mjs","personal","4","FunctionDeclaration","createPersonalDataHub","1","17","false","false"
"fd5866d2580127142e46b58848da2471488f70c0","src/personal/task-repository.mjs","personal","1","FunctionExpression","put","7","10","true","false"
"fd5866d2580127142e46b58848da2471488f70c0","src/personal/task-repository.mjs","personal","2","FunctionExpression","get","12","14","true","false"
"fd5866d2580127142e46b58848da2471488f70c0","src/personal/task-repository.mjs","personal","3","FunctionExpression","list","16","18","true","false"
"fd5866d2580127142e46b58848da2471488f70c0","src/personal/task-repository.mjs","personal","4","FunctionDeclaration","createTaskRepository","1","20","false","false"
"fd5866d2580127142e46b58848da2471488f70c0","src/personal/task-service.mjs","personal","1","ArrowFunctionExpression","now","10","10","false","false"
"fd5866d2580127142e46b58848da2471488f70c0","src/personal/task-service.mjs","personal","2","FunctionDeclaration","requireTask","12","16","true","false"
"fd5866d2580127142e46b58848da2471488f70c0","src/personal/task-service.mjs","personal","3","FunctionExpression","propose","19","25","true","false"
"fd5866d2580127142e46b58848da2471488f70c0","src/personal/task-service.mjs","personal","4","FunctionExpression","activate","27","37","true","false"
"fd5866d2580127142e46b58848da2471488f70c0","src/personal/task-service.mjs","personal","5","FunctionExpression","complete","39","51","true","false"
"fd5866d2580127142e46b58848da2471488f70c0","src/personal/task-service.mjs","personal","6","FunctionExpression","cancel","53","61","true","false"
"fd5866d2580127142e46b58848da2471488f70c0","src/personal/task-service.mjs","personal","7","FunctionExpression","sync","63","71","true","false"
"fd5866d2580127142e46b58848da2471488f70c0","src/personal/task-service.mjs","personal","8","FunctionDeclaration","createTaskService","3","73","false","false"
"fd5866d2580127142e46b58848da2471488f70c0","src/personal/user-profile-store.mjs","personal","1","FunctionDeclaration","sanitizeText","18","20","false","false"
"fd5866d2580127142e46b58848da2471488f70c0","src/personal/user-profile-store.mjs","personal","2","FunctionDeclaration","sanitizeProfile","22","36","false","false"
"fd5866d2580127142e46b58848da2471488f70c0","src/personal/user-profile-store.mjs","personal","3","ArrowFunctionExpression","<anonymous>","40","40","false","false"
"fd5866d2580127142e46b58848da2471488f70c0","src/personal/user-profile-store.mjs","personal","4","ArrowFunctionExpression","<anonymous>","44","44","false","false"
"fd5866d2580127142e46b58848da2471488f70c0","src/personal/user-profile-store.mjs","personal","5","ArrowFunctionExpression","<callback:map>","54","54","false","false"
"fd5866d2580127142e46b58848da2471488f70c0","src/personal/user-profile-store.mjs","personal","6","FunctionDeclaration","load","46","59","true","false"
"fd5866d2580127142e46b58848da2471488f70c0","src/personal/user-profile-store.mjs","personal","7","FunctionDeclaration","persist","61","71","true","false"
"fd5866d2580127142e46b58848da2471488f70c0","src/personal/user-profile-store.mjs","personal","8","FunctionExpression","read","75","77","true","false"
"fd5866d2580127142e46b58848da2471488f70c0","src/personal/user-profile-store.mjs","personal","9","ArrowFunctionExpression","<callback:find>","82","82","false","false"
"fd5866d2580127142e46b58848da2471488f70c0","src/personal/user-profile-store.mjs","personal","10","FunctionExpression","active","80","83","true","false"
"fd5866d2580127142e46b58848da2471488f70c0","src/personal/user-profile-store.mjs","personal","11","ArrowFunctionExpression","<callback:find>","88","88","false","false"
"fd5866d2580127142e46b58848da2471488f70c0","src/personal/user-profile-store.mjs","personal","12","ArrowFunctionExpression","<callback:map>","91","91","false","false"
"fd5866d2580127142e46b58848da2471488f70c0","src/personal/user-profile-store.mjs","personal","13","FunctionExpression","upsert","86","95","true","false"
"fd5866d2580127142e46b58848da2471488f70c0","src/personal/user-profile-store.mjs","personal","14","ArrowFunctionExpression","<callback:some>","100","100","false","false"
"fd5866d2580127142e46b58848da2471488f70c0","src/personal/user-profile-store.mjs","personal","15","ArrowFunctionExpression","<callback:find>","102","102","false","false"
"fd5866d2580127142e46b58848da2471488f70c0","src/personal/user-profile-store.mjs","personal","16","FunctionExpression","setActive","98","103","true","false"
"fd5866d2580127142e46b58848da2471488f70c0","src/personal/user-profile-store.mjs","personal","17","FunctionExpression","completeWelcome","106","110","true","false"
"fd5866d2580127142e46b58848da2471488f70c0","src/personal/user-profile-store.mjs","personal","18","FunctionExpression","personaContext","116","123","true","false"
"fd5866d2580127142e46b58848da2471488f70c0","src/personal/user-profile-store.mjs","personal","19","FunctionDeclaration","createUserProfileStore","40","125","false","false"
"fd5866d2580127142e46b58848da2471488f70c0","src/personality/mina-dialogue.mjs","personality","1","FunctionDeclaration","normalize","20","29","false","false"
"fd5866d2580127142e46b58848da2471488f70c0","src/personality/mina-dialogue.mjs","personality","2","FunctionDeclaration","webSearchTopic","172","178","false","false"
"fd5866d2580127142e46b58848da2471488f70c0","src/personality/mina-dialogue.mjs","personality","3","ArrowFunctionExpression","<callback:some>","181","181","false","false"
"fd5866d2580127142e46b58848da2471488f70c0","src/personality/mina-dialogue.mjs","personality","4","FunctionDeclaration","hasAny","180","182","false","false"
"fd5866d2580127142e46b58848da2471488f70c0","src/personality/mina-dialogue.mjs","personality","5","ArrowFunctionExpression","result","188","192","false","false"
"fd5866d2580127142e46b58848da2471488f70c0","src/personality/mina-dialogue.mjs","personality","6","ArrowFunctionExpression","<callback:find>","294","294","false","false"
"fd5866d2580127142e46b58848da2471488f70c0","src/personality/mina-dialogue.mjs","personality","7","FunctionExpression","interpret","198","331","false","false"
"fd5866d2580127142e46b58848da2471488f70c0","src/personality/mina-dialogue.mjs","personality","8","FunctionExpression","greetOnSight","333","336","false","false"
"fd5866d2580127142e46b58848da2471488f70c0","src/personality/mina-dialogue.mjs","personality","9","FunctionDeclaration","createMinaDialogue","184","338","false","false"
"fd5866d2580127142e46b58848da2471488f70c0","src/personality/personality-profile.mjs","personality","1","ArrowFunctionExpression","<callback:map>","32","32","false","false"
"fd5866d2580127142e46b58848da2471488f70c0","src/personality/personality-profile.mjs","personality","2","ArrowFunctionExpression","<callback:map>","36","36","false","false"
"fd5866d2580127142e46b58848da2471488f70c0","src/personality/personality-profile.mjs","personality","3","ArrowFunctionExpression","<callback:map>","41","41","false","false"
"fd5866d2580127142e46b58848da2471488f70c0","src/personality/personality-profile.mjs","personality","4","FunctionDeclaration","deepFreeze","45","51","false","false"
"fd5866d2580127142e46b58848da2471488f70c0","src/personality/personality-profile.mjs","personality","5","FunctionDeclaration","validateProfile","53","55","false","false"
"fd5866d2580127142e46b58848da2471488f70c0","src/personality/personality-profile.mjs","personality","6","FunctionDeclaration","validatePersonalityPatch","60","66","false","false"
"fd5866d2580127142e46b58848da2471488f70c0","src/personality/personality-profile.mjs","personality","7","FunctionDeclaration","applyPersonalityPatch","68","78","false","false"
"fd5866d2580127142e46b58848da2471488f70c0","src/personality/personality-profile.mjs","personality","8","FunctionDeclaration","diffProfile","80","88","false","false"
"fd5866d2580127142e46b58848da2471488f70c0","src/personality/personality-service.mjs","personality","1","FunctionDeclaration","defaultState","13","15","false","false"
"fd5866d2580127142e46b58848da2471488f70c0","src/personality/personality-service.mjs","personality","2","ArrowFunctionExpression","now","23","23","false","false"
"fd5866d2580127142e46b58848da2471488f70c0","src/personality/personality-service.mjs","personality","3","FunctionDeclaration","loadState","26","31","true","false"
"fd5866d2580127142e46b58848da2471488f70c0","src/personality/personality-service.mjs","personality","4","FunctionDeclaration","saveState","33","37","true","false"
"fd5866d2580127142e46b58848da2471488f70c0","src/personality/personality-service.mjs","personality","5","FunctionExpression","get","40","42","true","false"
"fd5866d2580127142e46b58848da2471488f70c0","src/personality/personality-service.mjs","personality","6","FunctionExpression","proposePatch","46","57","true","false"
"fd5866d2580127142e46b58848da2471488f70c0","src/personality/personality-service.mjs","personality","7","FunctionExpression","confirmPatch","59","71","true","false"
"fd5866d2580127142e46b58848da2471488f70c0","src/personality/personality-service.mjs","personality","8","FunctionExpression","rollback","74","84","true","false"
"fd5866d2580127142e46b58848da2471488f70c0","src/personality/personality-service.mjs","personality","9","FunctionExpression","renderStyleContext","89","99","true","false"
"fd5866d2580127142e46b58848da2471488f70c0","src/personality/personality-service.mjs","personality","10","FunctionDeclaration","createPersonalityService","17","101","false","false"
"fd5866d2580127142e46b58848da2471488f70c0","src/printing/print-service.mjs","printing","1","ArrowFunctionExpression","now","12","12","false","false"
"fd5866d2580127142e46b58848da2471488f70c0","src/printing/print-service.mjs","printing","2","FunctionExpression","proposePrint","16","24","true","false"
"fd5866d2580127142e46b58848da2471488f70c0","src/printing/print-service.mjs","printing","3","FunctionExpression","submit","26","37","true","false"
"fd5866d2580127142e46b58848da2471488f70c0","src/printing/print-service.mjs","printing","4","FunctionExpression","reconcile","39","54","true","false"
"fd5866d2580127142e46b58848da2471488f70c0","src/printing/print-service.mjs","printing","5","FunctionDeclaration","createPrintService","5","56","false","false"
"fd5866d2580127142e46b58848da2471488f70c0","src/printing/printer-registry.mjs","printing","1","ArrowFunctionExpression","<callback:map>","8","8","false","false"
"fd5866d2580127142e46b58848da2471488f70c0","src/printing/printer-registry.mjs","printing","2","FunctionExpression","discover","6","9","true","false"
"fd5866d2580127142e46b58848da2471488f70c0","src/printing/printer-registry.mjs","printing","3","ArrowFunctionExpression","<callback:find>","13","13","false","false"
"fd5866d2580127142e46b58848da2471488f70c0","src/printing/printer-registry.mjs","printing","4","FunctionExpression","approvePrinter","11","18","true","false"
"fd5866d2580127142e46b58848da2471488f70c0","src/printing/printer-registry.mjs","printing","5","FunctionExpression","isApproved","20","23","true","false"
"fd5866d2580127142e46b58848da2471488f70c0","src/printing/printer-registry.mjs","printing","6","FunctionExpression","listApproved","25","27","true","false"
"fd5866d2580127142e46b58848da2471488f70c0","src/printing/printer-registry.mjs","printing","7","FunctionDeclaration","createPrinterRegistry","1","29","false","false"
"fd5866d2580127142e46b58848da2471488f70c0","src/printing/windows-print-spooler.mjs","printing","1","FunctionDeclaration","readablePrinterStatus","17","26","false","false"
"fd5866d2580127142e46b58848da2471488f70c0","src/printing/windows-print-spooler.mjs","printing","2","ArrowFunctionExpression","<callback:on>","33","33","false","false"
"fd5866d2580127142e46b58848da2471488f70c0","src/printing/windows-print-spooler.mjs","printing","3","ArrowFunctionExpression","<callback:on>","34","34","false","false"
"fd5866d2580127142e46b58848da2471488f70c0","src/printing/windows-print-spooler.mjs","printing","4","ArrowFunctionExpression","<callback:on>","36","36","false","false"
"fd5866d2580127142e46b58848da2471488f70c0","src/printing/windows-print-spooler.mjs","printing","5","ArrowFunctionExpression","<anonymous>","29","37","false","false"
"fd5866d2580127142e46b58848da2471488f70c0","src/printing/windows-print-spooler.mjs","printing","6","FunctionDeclaration","defaultRun","28","38","false","false"
"fd5866d2580127142e46b58848da2471488f70c0","src/printing/windows-print-spooler.mjs","printing","7","FunctionDeclaration","parseJsonArray","40","45","false","false"
"fd5866d2580127142e46b58848da2471488f70c0","src/printing/windows-print-spooler.mjs","printing","8","ArrowFunctionExpression","<anonymous>","51","51","false","false"
"fd5866d2580127142e46b58848da2471488f70c0","src/printing/windows-print-spooler.mjs","printing","9","ArrowFunctionExpression","<callback:map>","57","60","false","false"
"fd5866d2580127142e46b58848da2471488f70c0","src/printing/windows-print-spooler.mjs","printing","10","FunctionExpression","listPrinters","55","61","true","false"
"fd5866d2580127142e46b58848da2471488f70c0","src/printing/windows-print-spooler.mjs","printing","11","FunctionExpression","submit","67","81","true","false"
"fd5866d2580127142e46b58848da2471488f70c0","src/printing/windows-print-spooler.mjs","printing","12","ArrowFunctionExpression","<callback:find>","90","90","false","false"
"fd5866d2580127142e46b58848da2471488f70c0","src/printing/windows-print-spooler.mjs","printing","13","FunctionExpression","getStatus","83","93","true","false"
"fd5866d2580127142e46b58848da2471488f70c0","src/printing/windows-print-spooler.mjs","printing","14","FunctionDeclaration","createWindowsPrintSpooler","51","95","false","false"
"fd5866d2580127142e46b58848da2471488f70c0","src/providers/camera-vision-runtime.mjs","providers","1","ArrowFunctionExpression","<callback:map>","59","59","false","false"
"fd5866d2580127142e46b58848da2471488f70c0","src/providers/camera-vision-runtime.mjs","providers","2","FunctionDeclaration","createCameraVisionRuntime","10","61","false","false"
"fd5866d2580127142e46b58848da2471488f70c0","src/providers/camera-vision.mjs","providers","1","FunctionDeclaration","cameraInput","7","14","false","false"
"fd5866d2580127142e46b58848da2471488f70c0","src/providers/camera-vision.mjs","providers","2","ArrowFunctionExpression","getClient","18","25","true","false"
"fd5866d2580127142e46b58848da2471488f70c0","src/providers/camera-vision.mjs","providers","3","FunctionDeclaration","analyze","27","44","true","false"
"fd5866d2580127142e46b58848da2471488f70c0","src/providers/camera-vision.mjs","providers","4","FunctionDeclaration","createGeminiCameraVision","16","47","false","false"
"fd5866d2580127142e46b58848da2471488f70c0","src/providers/camera-vision.mjs","providers","5","ArrowFunctionExpression","getClient","63","72","true","false"
"fd5866d2580127142e46b58848da2471488f70c0","src/providers/camera-vision.mjs","providers","6","FunctionDeclaration","analyze","74","92","true","false"
"fd5866d2580127142e46b58848da2471488f70c0","src/providers/camera-vision.mjs","providers","7","FunctionDeclaration","createOpenAiCompatibleCameraVision","49","95","false","false"
"fd5866d2580127142e46b58848da2471488f70c0","src/providers/camera-vision.mjs","providers","8","ArrowFunctionExpression","<callback:filter>","99","99","false","false"
"fd5866d2580127142e46b58848da2471488f70c0","src/providers/camera-vision.mjs","providers","9","ArrowFunctionExpression","<callback:filter>","100","100","false","false"
"fd5866d2580127142e46b58848da2471488f70c0","src/providers/camera-vision.mjs","providers","10","ArrowFunctionExpression","<callback:filter>","101","101","false","false"
"fd5866d2580127142e46b58848da2471488f70c0","src/providers/camera-vision.mjs","providers","11","ArrowFunctionExpression","analyze","109","122","true","false"
"fd5866d2580127142e46b58848da2471488f70c0","src/providers/camera-vision.mjs","providers","12","FunctionDeclaration","createRoutedCameraVision","97","124","false","false"
"fd5866d2580127142e46b58848da2471488f70c0","src/providers/computer-use-runtime.mjs","providers","1","ArrowFunctionExpression","health","24","24","false","false"
"fd5866d2580127142e46b58848da2471488f70c0","src/providers/computer-use-runtime.mjs","providers","2","ArrowFunctionExpression","invoke","25","29","false","false"
"fd5866d2580127142e46b58848da2471488f70c0","src/providers/computer-use-runtime.mjs","providers","3","FunctionDeclaration","geminiProvider","13","31","false","false"
"fd5866d2580127142e46b58848da2471488f70c0","src/providers/computer-use-runtime.mjs","providers","4","FunctionDeclaration","modalBaseUrl","33","37","false","false"
"fd5866d2580127142e46b58848da2471488f70c0","src/providers/computer-use-runtime.mjs","providers","5","FunctionDeclaration","shouldRecover","39","42","false","false"
"fd5866d2580127142e46b58848da2471488f70c0","src/providers/computer-use-runtime.mjs","providers","6","ArrowFunctionExpression","recover","112","115","false","false"
"fd5866d2580127142e46b58848da2471488f70c0","src/providers/computer-use-runtime.mjs","providers","7","FunctionDeclaration","createComputerUseRuntime","44","120","false","false"
"fd5866d2580127142e46b58848da2471488f70c0","src/providers/deepseek.mjs","providers","1","FunctionDeclaration","normalizeUsage","5","17","false","false"
"fd5866d2580127142e46b58848da2471488f70c0","src/providers/deepseek.mjs","providers","2","FunctionDeclaration","normalizeError","19","23","false","false"
"fd5866d2580127142e46b58848da2471488f70c0","src/providers/deepseek.mjs","providers","3","FunctionDeclaration","defaultClientFactory","25","28","true","false"
"fd5866d2580127142e46b58848da2471488f70c0","src/providers/deepseek.mjs","providers","4","ArrowFunctionExpression","<anonymous>","37","37","false","false"
"fd5866d2580127142e46b58848da2471488f70c0","src/providers/deepseek.mjs","providers","5","ArrowFunctionExpression","forwardAbort","58","58","false","false"
"fd5866d2580127142e46b58848da2471488f70c0","src/providers/deepseek.mjs","providers","6","ArrowFunctionExpression","<callback:setTimeout>","63","67","false","false"
"fd5866d2580127142e46b58848da2471488f70c0","src/providers/deepseek.mjs","providers","7","ArrowFunctionExpression","<anonymous>","62","69","false","false"
"fd5866d2580127142e46b58848da2471488f70c0","src/providers/deepseek.mjs","providers","8","ArrowFunctionExpression","invoke","71","114","true","false"
"fd5866d2580127142e46b58848da2471488f70c0","src/providers/deepseek.mjs","providers","9","FunctionDeclaration","execute","52","124","true","false"
"fd5866d2580127142e46b58848da2471488f70c0","src/providers/deepseek.mjs","providers","10","ArrowFunctionExpression","health","132","132","false","false"
"fd5866d2580127142e46b58848da2471488f70c0","src/providers/deepseek.mjs","providers","11","FunctionDeclaration","createDeepSeekProvider","30","136","false","false"
"fd5866d2580127142e46b58848da2471488f70c0","src/providers/dental-vision.mjs","providers","1","FunctionDeclaration","parseDentalDecision","20","25","false","false"
"fd5866d2580127142e46b58848da2471488f70c0","src/providers/dental-vision.mjs","providers","2","ArrowFunctionExpression","classify","36","47","true","false"
"fd5866d2580127142e46b58848da2471488f70c0","src/providers/dental-vision.mjs","providers","3","ArrowFunctionExpression","<callback:filter>","54","54","false","false"
"fd5866d2580127142e46b58848da2471488f70c0","src/providers/dental-vision.mjs","providers","4","ArrowFunctionExpression","classify","59","74","true","false"
"fd5866d2580127142e46b58848da2471488f70c0","src/providers/dental-vision.mjs","providers","5","FunctionDeclaration","createDentalVision","27","76","false","false"
"fd5866d2580127142e46b58848da2471488f70c0","src/providers/dental-vision.mjs","providers","6","ArrowFunctionExpression","getClient","84","91","true","false"
"fd5866d2580127142e46b58848da2471488f70c0","src/providers/dental-vision.mjs","providers","7","ArrowFunctionExpression","classify","94","108","true","false"
"fd5866d2580127142e46b58848da2471488f70c0","src/providers/dental-vision.mjs","providers","8","FunctionDeclaration","createGeminiDentalProvider","78","110","false","false"
"fd5866d2580127142e46b58848da2471488f70c0","src/providers/dental-vision.mjs","providers","9","ArrowFunctionExpression","getClient","115","122","true","false"
"fd5866d2580127142e46b58848da2471488f70c0","src/providers/dental-vision.mjs","providers","10","ArrowFunctionExpression","classify","125","140","true","false"
"fd5866d2580127142e46b58848da2471488f70c0","src/providers/dental-vision.mjs","providers","11","FunctionDeclaration","createOpenRouterDentalProvider","112","142","false","false"
"fd5866d2580127142e46b58848da2471488f70c0","src/providers/dental-vision.mjs","providers","12","ArrowFunctionExpression","classify","164","178","true","false"
"fd5866d2580127142e46b58848da2471488f70c0","src/providers/dental-vision.mjs","providers","13","FunctionDeclaration","createModalDentalProvider","144","180","false","false"
"fd5866d2580127142e46b58848da2471488f70c0","src/providers/fallback-text-generator.mjs","providers","1","ArrowFunctionExpression","isRateLimited","5","6","false","false"
"fd5866d2580127142e46b58848da2471488f70c0","src/providers/fallback-text-generator.mjs","providers","2","FunctionDeclaration","retryAfterMs","13","18","false","false"
"fd5866d2580127142e46b58848da2471488f70c0","src/providers/fallback-text-generator.mjs","providers","3","ArrowFunctionExpression","isTransientFailure","20","21","false","false"
"fd5866d2580127142e46b58848da2471488f70c0","src/providers/fallback-text-generator.mjs","providers","4","ArrowFunctionExpression","<anonymous>","24","24","false","false"
"fd5866d2580127142e46b58848da2471488f70c0","src/providers/fallback-text-generator.mjs","providers","5","ArrowFunctionExpression","<callback:some>","28","29","false","false"
"fd5866d2580127142e46b58848da2471488f70c0","src/providers/fallback-text-generator.mjs","providers","6","ArrowFunctionExpression","<callback:filter>","35","35","false","false"
"fd5866d2580127142e46b58848da2471488f70c0","src/providers/fallback-text-generator.mjs","providers","7","ArrowFunctionExpression","<callback:filter>","36","36","false","false"
"fd5866d2580127142e46b58848da2471488f70c0","src/providers/fallback-text-generator.mjs","providers","8","FunctionDeclaration","generate","40","59","true","false"
"fd5866d2580127142e46b58848da2471488f70c0","src/providers/fallback-text-generator.mjs","providers","9","ArrowFunctionExpression","<callback:map>","61","61","false","false"
"fd5866d2580127142e46b58848da2471488f70c0","src/providers/fallback-text-generator.mjs","providers","10","FunctionDeclaration","createFallbackTextGenerator","23","62","false","false"
"fd5866d2580127142e46b58848da2471488f70c0","src/providers/gemini-computer-use.mjs","providers","1","ArrowFunctionExpression","toolFor","3","10","false","false"
"fd5866d2580127142e46b58848da2471488f70c0","src/providers/gemini-computer-use.mjs","providers","2","ArrowFunctionExpression","<callback:filter>","15","15","false","false"
"fd5866d2580127142e46b58848da2471488f70c0","src/providers/gemini-computer-use.mjs","providers","3","ArrowFunctionExpression","<callback:map>","16","16","false","false"
"fd5866d2580127142e46b58848da2471488f70c0","src/providers/gemini-computer-use.mjs","providers","4","ArrowFunctionExpression","<callback:filter>","18","18","false","false"
"fd5866d2580127142e46b58848da2471488f70c0","src/providers/gemini-computer-use.mjs","providers","5","ArrowFunctionExpression","<callback:flatMap>","19","19","false","false"
"fd5866d2580127142e46b58848da2471488f70c0","src/providers/gemini-computer-use.mjs","providers","6","ArrowFunctionExpression","<callback:filter>","20","20","false","false"
"fd5866d2580127142e46b58848da2471488f70c0","src/providers/gemini-computer-use.mjs","providers","7","ArrowFunctionExpression","<callback:map>","21","21","false","false"
"fd5866d2580127142e46b58848da2471488f70c0","src/providers/gemini-computer-use.mjs","providers","8","ArrowFunctionExpression","parseInteraction","12","33","false","false"
"fd5866d2580127142e46b58848da2471488f70c0","src/providers/gemini-computer-use.mjs","providers","9","ArrowFunctionExpression","<callback:map>","37","50","false","false"
"fd5866d2580127142e46b58848da2471488f70c0","src/providers/gemini-computer-use.mjs","providers","10","ArrowFunctionExpression","evidenceInputs","35","51","false","false"
"fd5866d2580127142e46b58848da2471488f70c0","src/providers/gemini-computer-use.mjs","providers","11","ArrowFunctionExpression","<anonymous>","61","67","true","false"
"fd5866d2580127142e46b58848da2471488f70c0","src/providers/gemini-computer-use.mjs","providers","12","ArrowFunctionExpression","start","70","78","true","false"
"fd5866d2580127142e46b58848da2471488f70c0","src/providers/gemini-computer-use.mjs","providers","13","ArrowFunctionExpression","continue","80","108","true","false"
"fd5866d2580127142e46b58848da2471488f70c0","src/providers/gemini-computer-use.mjs","providers","14","FunctionDeclaration","createComputerUseClient","53","110","false","false"
"fd5866d2580127142e46b58848da2471488f70c0","src/providers/gemini-live.mjs","providers","1","ArrowFunctionExpression","<anonymous>","68","68","false","false"
"fd5866d2580127142e46b58848da2471488f70c0","src/providers/gemini-live.mjs","providers","2","ArrowFunctionExpression","<anonymous>","69","69","false","false"
"fd5866d2580127142e46b58848da2471488f70c0","src/providers/gemini-live.mjs","providers","3","ArrowFunctionExpression","<anonymous>","72","72","false","false"
"fd5866d2580127142e46b58848da2471488f70c0","src/providers/gemini-live.mjs","providers","4","ArrowFunctionExpression","<anonymous>","73","73","false","false"
"fd5866d2580127142e46b58848da2471488f70c0","src/providers/gemini-live.mjs","providers","5","ArrowFunctionExpression","<anonymous>","74","74","false","false"
"fd5866d2580127142e46b58848da2471488f70c0","src/providers/gemini-live.mjs","providers","6","ArrowFunctionExpression","<anonymous>","75","75","false","false"
"fd5866d2580127142e46b58848da2471488f70c0","src/providers/gemini-live.mjs","providers","7","ArrowFunctionExpression","<anonymous>","76","76","false","false"
"fd5866d2580127142e46b58848da2471488f70c0","src/providers/gemini-live.mjs","providers","8","ArrowFunctionExpression","<anonymous>","90","90","false","false"
"fd5866d2580127142e46b58848da2471488f70c0","src/providers/gemini-live.mjs","providers","9","ArrowFunctionExpression","<anonymous>","90","90","false","false"
"fd5866d2580127142e46b58848da2471488f70c0","src/providers/gemini-live.mjs","providers","10","ArrowFunctionExpression","usage","108","108","false","false"
"fd5866d2580127142e46b58848da2471488f70c0","src/providers/gemini-live.mjs","providers","11","ArrowFunctionExpression","emit","109","109","false","false"
"fd5866d2580127142e46b58848da2471488f70c0","src/providers/gemini-live.mjs","providers","12","ArrowFunctionExpression","connect","112","118","true","false"
"fd5866d2580127142e46b58848da2471488f70c0","src/providers/gemini-live.mjs","providers","13","ArrowFunctionExpression","requireSession","121","124","false","false"
"fd5866d2580127142e46b58848da2471488f70c0","src/providers/gemini-live.mjs","providers","14","ArrowFunctionExpression","handleMessage","126","177","false","false"
"fd5866d2580127142e46b58848da2471488f70c0","src/providers/gemini-live.mjs","providers","15","ArrowFunctionExpression","onerror","184","184","false","false"
"fd5866d2580127142e46b58848da2471488f70c0","src/providers/gemini-live.mjs","providers","16","ArrowFunctionExpression","onclose","185","195","false","false"
"fd5866d2580127142e46b58848da2471488f70c0","src/providers/gemini-live.mjs","providers","17","ArrowFunctionExpression","connectOnce","179","215","true","false"
"fd5866d2580127142e46b58848da2471488f70c0","src/providers/gemini-live.mjs","providers","18","FunctionDeclaration","flushPendingChunks","217","231","true","false"
"fd5866d2580127142e46b58848da2471488f70c0","src/providers/gemini-live.mjs","providers","19","FunctionDeclaration","attemptResumption","233","260","true","false"
"fd5866d2580127142e46b58848da2471488f70c0","src/providers/gemini-live.mjs","providers","20","ArrowFunctionExpression","connect","263","271","true","false"
"fd5866d2580127142e46b58848da2471488f70c0","src/providers/gemini-live.mjs","providers","21","ArrowFunctionExpression","sendPcm16","272","289","true","false"
"fd5866d2580127142e46b58848da2471488f70c0","src/providers/gemini-live.mjs","providers","22","ArrowFunctionExpression","sendToolResponse","290","293","true","false"
"fd5866d2580127142e46b58848da2471488f70c0","src/providers/gemini-live.mjs","providers","23","ArrowFunctionExpression","sendText","294","302","true","false"
"fd5866d2580127142e46b58848da2471488f70c0","src/providers/gemini-live.mjs","providers","24","ArrowFunctionExpression","close","303","313","false","false"
"fd5866d2580127142e46b58848da2471488f70c0","src/providers/gemini-live.mjs","providers","25","ArrowFunctionExpression","status","314","314","false","false"
"fd5866d2580127142e46b58848da2471488f70c0","src/providers/gemini-live.mjs","providers","26","FunctionDeclaration","createGeminiLiveSession","57","316","false","false"
"fd5866d2580127142e46b58848da2471488f70c0","src/providers/gemini-text.mjs","providers","1","FunctionDeclaration","normalizedUsage","1","8","false","false"
"fd5866d2580127142e46b58848da2471488f70c0","src/providers/gemini-text.mjs","providers","2","ArrowFunctionExpression","getClient","13","19","true","false"
"fd5866d2580127142e46b58848da2471488f70c0","src/providers/gemini-text.mjs","providers","3","ArrowFunctionExpression","<callback:filter>","22","22","false","false"
"fd5866d2580127142e46b58848da2471488f70c0","src/providers/gemini-text.mjs","providers","4","ArrowFunctionExpression","<callback:map>","22","22","false","false"
"fd5866d2580127142e46b58848da2471488f70c0","src/providers/gemini-text.mjs","providers","5","ArrowFunctionExpression","<callback:filter>","23","23","false","false"
"fd5866d2580127142e46b58848da2471488f70c0","src/providers/gemini-text.mjs","providers","6","ArrowFunctionExpression","<callback:map>","23","26","false","false"
"fd5866d2580127142e46b58848da2471488f70c0","src/providers/gemini-text.mjs","providers","7","FunctionDeclaration","generate","21","42","true","false"
"fd5866d2580127142e46b58848da2471488f70c0","src/providers/gemini-text.mjs","providers","8","FunctionDeclaration","createGeminiTextProvider","10","45","false","false"
"fd5866d2580127142e46b58848da2471488f70c0","src/providers/lm-studio-embedding.mjs","providers","1","ArrowFunctionExpression","<callback:some>","3","3","false","false"
"fd5866d2580127142e46b58848da2471488f70c0","src/providers/lm-studio-embedding.mjs","providers","2","ArrowFunctionExpression","<callback:map>","6","6","false","false"
"fd5866d2580127142e46b58848da2471488f70c0","src/providers/lm-studio-embedding.mjs","providers","3","FunctionDeclaration","validateInputs","1","7","false","false"
"fd5866d2580127142e46b58848da2471488f70c0","src/providers/lm-studio-embedding.mjs","providers","4","ArrowFunctionExpression","<callback:some>","10","10","false","false"
"fd5866d2580127142e46b58848da2471488f70c0","src/providers/lm-studio-embedding.mjs","providers","5","FunctionDeclaration","validateVector","9","14","false","false"
"fd5866d2580127142e46b58848da2471488f70c0","src/providers/lm-studio-embedding.mjs","providers","6","FunctionDeclaration","request","26","33","true","false"
"fd5866d2580127142e46b58848da2471488f70c0","src/providers/lm-studio-embedding.mjs","providers","7","ArrowFunctionExpression","<callback:map>","40","40","false","false"
"fd5866d2580127142e46b58848da2471488f70c0","src/providers/lm-studio-embedding.mjs","providers","8","FunctionDeclaration","probe","35","47","true","false"
"fd5866d2580127142e46b58848da2471488f70c0","src/providers/lm-studio-embedding.mjs","providers","9","ArrowFunctionExpression","<callback:sort>","60","60","false","false"
"fd5866d2580127142e46b58848da2471488f70c0","src/providers/lm-studio-embedding.mjs","providers","10","ArrowFunctionExpression","<callback:map>","62","62","false","false"
"fd5866d2580127142e46b58848da2471488f70c0","src/providers/lm-studio-embedding.mjs","providers","11","FunctionDeclaration","embedMany","49","63","true","false"
"fd5866d2580127142e46b58848da2471488f70c0","src/providers/lm-studio-embedding.mjs","providers","12","FunctionDeclaration","embed","65","67","true","false"
"fd5866d2580127142e46b58848da2471488f70c0","src/providers/lm-studio-embedding.mjs","providers","13","ArrowFunctionExpression","health","76","76","false","false"
"fd5866d2580127142e46b58848da2471488f70c0","src/providers/lm-studio-embedding.mjs","providers","14","FunctionDeclaration","createLmStudioEmbeddingProvider","16","80","false","false"
"fd5866d2580127142e46b58848da2471488f70c0","src/providers/lm-studio.mjs","providers","1","FunctionDeclaration","usage","1","8","false","false"
"fd5866d2580127142e46b58848da2471488f70c0","src/providers/lm-studio.mjs","providers","2","ArrowFunctionExpression","<callback:setTimeout>","30","33","false","false"
"fd5866d2580127142e46b58848da2471488f70c0","src/providers/lm-studio.mjs","providers","3","ArrowFunctionExpression","<anonymous>","29","35","false","false"
"fd5866d2580127142e46b58848da2471488f70c0","src/providers/lm-studio.mjs","providers","4","FunctionDeclaration","request","22","45","true","false"
"fd5866d2580127142e46b58848da2471488f70c0","src/providers/lm-studio.mjs","providers","5","ArrowFunctionExpression","<callback:map>","52","52","false","false"
"fd5866d2580127142e46b58848da2471488f70c0","src/providers/lm-studio.mjs","providers","6","FunctionDeclaration","probe","47","58","true","false"
"fd5866d2580127142e46b58848da2471488f70c0","src/providers/lm-studio.mjs","providers","7","FunctionDeclaration","generate","60","83","true","false"
"fd5866d2580127142e46b58848da2471488f70c0","src/providers/lm-studio.mjs","providers","8","ArrowFunctionExpression","health","90","90","false","false"
"fd5866d2580127142e46b58848da2471488f70c0","src/providers/lm-studio.mjs","providers","9","FunctionDeclaration","createLmStudioProvider","12","94","false","false"
"fd5866d2580127142e46b58848da2471488f70c0","src/providers/local-computer-use.mjs","providers","1","FunctionDeclaration","outputText","7","13","false","false"
"fd5866d2580127142e46b58848da2471488f70c0","src/providers/local-computer-use.mjs","providers","2","FunctionDeclaration","expectedEffect","15","20","false","false"
"fd5866d2580127142e46b58848da2471488f70c0","src/providers/local-computer-use.mjs","providers","3","FunctionDeclaration","parsePlan","22","57","false","false"
"fd5866d2580127142e46b58848da2471488f70c0","src/providers/local-computer-use.mjs","providers","4","FunctionDeclaration","boundedObservation","59","74","false","false"
"fd5866d2580127142e46b58848da2471488f70c0","src/providers/local-computer-use.mjs","providers","5","FunctionDeclaration","runPlanner","86","91","true","false"
"fd5866d2580127142e46b58848da2471488f70c0","src/providers/local-computer-use.mjs","providers","6","FunctionDeclaration","start","93","125","true","false"
"fd5866d2580127142e46b58848da2471488f70c0","src/providers/local-computer-use.mjs","providers","7","FunctionDeclaration","continueInteraction","127","152","true","false"
"fd5866d2580127142e46b58848da2471488f70c0","src/providers/local-computer-use.mjs","providers","8","FunctionDeclaration","invoke","154","158","true","false"
"fd5866d2580127142e46b58848da2471488f70c0","src/providers/local-computer-use.mjs","providers","9","FunctionDeclaration","health","160","167","false","false"
"fd5866d2580127142e46b58848da2471488f70c0","src/providers/local-computer-use.mjs","providers","10","FunctionDeclaration","createLocalComputerUseProvider","76","179","false","false"
"fd5866d2580127142e46b58848da2471488f70c0","src/providers/local-embedding.mjs","providers","1","ArrowFunctionExpression","<callback:some>","6","6","false","false"
"fd5866d2580127142e46b58848da2471488f70c0","src/providers/local-embedding.mjs","providers","2","ArrowFunctionExpression","<callback:some>","17","17","false","false"
"fd5866d2580127142e46b58848da2471488f70c0","src/providers/local-embedding.mjs","providers","3","FunctionDeclaration","embed","4","30","true","false"
"fd5866d2580127142e46b58848da2471488f70c0","src/providers/local-embedding.mjs","providers","4","ArrowFunctionExpression","health","35","35","false","false"
"fd5866d2580127142e46b58848da2471488f70c0","src/providers/local-embedding.mjs","providers","5","FunctionDeclaration","createLocalEmbeddingProvider","1","39","false","false"
"fd5866d2580127142e46b58848da2471488f70c0","src/providers/local-ocr.mjs","providers","1","FunctionDeclaration","validBlock","1","5","false","false"
"fd5866d2580127142e46b58848da2471488f70c0","src/providers/local-ocr.mjs","providers","2","ArrowFunctionExpression","<callback:map>","26","26","false","false"
"fd5866d2580127142e46b58848da2471488f70c0","src/providers/local-ocr.mjs","providers","3","FunctionDeclaration","recognize","10","30","true","false"
"fd5866d2580127142e46b58848da2471488f70c0","src/providers/local-ocr.mjs","providers","4","ArrowFunctionExpression","health","34","34","false","false"
"fd5866d2580127142e46b58848da2471488f70c0","src/providers/local-ocr.mjs","providers","5","FunctionDeclaration","createLocalOcrProvider","7","37","false","false"
"fd5866d2580127142e46b58848da2471488f70c0","src/providers/local-stt.mjs","providers","1","ArrowFunctionExpression","transcribe","11","39","true","false"
"fd5866d2580127142e46b58848da2471488f70c0","src/providers/local-stt.mjs","providers","2","FunctionDeclaration","health","42","49","false","false"
"fd5866d2580127142e46b58848da2471488f70c0","src/providers/local-stt.mjs","providers","3","ArrowFunctionExpression","transcribe","51","51","false","false"
"fd5866d2580127142e46b58848da2471488f70c0","src/providers/local-stt.mjs","providers","4","FunctionDeclaration","createLocalSttProvider","3","57","false","false"
"fd5866d2580127142e46b58848da2471488f70c0","src/providers/local-tts.mjs","providers","1","ArrowFunctionExpression","synthesize","11","35","true","false"
"fd5866d2580127142e46b58848da2471488f70c0","src/providers/local-tts.mjs","providers","2","FunctionDeclaration","health","38","45","false","false"
"fd5866d2580127142e46b58848da2471488f70c0","src/providers/local-tts.mjs","providers","3","ArrowFunctionExpression","synthesize","47","47","false","false"
"fd5866d2580127142e46b58848da2471488f70c0","src/providers/local-tts.mjs","providers","4","FunctionDeclaration","createLocalTtsProvider","3","53","false","false"
"fd5866d2580127142e46b58848da2471488f70c0","src/providers/local-vision.mjs","providers","1","FunctionDeclaration","validClaim","1","4","false","false"
"fd5866d2580127142e46b58848da2471488f70c0","src/providers/local-vision.mjs","providers","2","ArrowFunctionExpression","<callback:map>","26","26","false","false"
"fd5866d2580127142e46b58848da2471488f70c0","src/providers/local-vision.mjs","providers","3","FunctionDeclaration","analyze","9","31","true","false"
"fd5866d2580127142e46b58848da2471488f70c0","src/providers/local-vision.mjs","providers","4","ArrowFunctionExpression","health","35","35","false","false"
"fd5866d2580127142e46b58848da2471488f70c0","src/providers/local-vision.mjs","providers","5","FunctionDeclaration","createLocalVisionProvider","6","38","false","false"
"fd5866d2580127142e46b58848da2471488f70c0","src/providers/openai-compatible-computer-use.mjs","providers","1","ArrowFunctionExpression","<callback:flatMap>","67","78","false","false"
"fd5866d2580127142e46b58848da2471488f70c0","src/providers/openai-compatible-computer-use.mjs","providers","2","FunctionDeclaration","safeObservation","59","88","false","false"
"fd5866d2580127142e46b58848da2471488f70c0","src/providers/openai-compatible-computer-use.mjs","providers","3","ArrowFunctionExpression","<callback:map>","93","93","false","false"
"fd5866d2580127142e46b58848da2471488f70c0","src/providers/openai-compatible-computer-use.mjs","providers","4","FunctionDeclaration","responseText","90","95","false","false"
"fd5866d2580127142e46b58848da2471488f70c0","src/providers/openai-compatible-computer-use.mjs","providers","5","ArrowFunctionExpression","<callback:filter>","142","147","false","false"
"fd5866d2580127142e46b58848da2471488f70c0","src/providers/openai-compatible-computer-use.mjs","providers","6","FunctionDeclaration","parseResponse","97","167","false","false"
"fd5866d2580127142e46b58848da2471488f70c0","src/providers/openai-compatible-computer-use.mjs","providers","7","FunctionDeclaration","finishRepeatedSuccessfulSubmission","169","182","false","false"
"fd5866d2580127142e46b58848da2471488f70c0","src/providers/openai-compatible-computer-use.mjs","providers","8","FunctionDeclaration","userContent","184","200","false","false"
"fd5866d2580127142e46b58848da2471488f70c0","src/providers/openai-compatible-computer-use.mjs","providers","9","ArrowFunctionExpression","<callback:some>","221","221","false","false"
"fd5866d2580127142e46b58848da2471488f70c0","src/providers/openai-compatible-computer-use.mjs","providers","10","FunctionDeclaration","getClient","227","236","true","false"
"fd5866d2580127142e46b58848da2471488f70c0","src/providers/openai-compatible-computer-use.mjs","providers","11","FunctionDeclaration","plan","238","282","true","false"
"fd5866d2580127142e46b58848da2471488f70c0","src/providers/openai-compatible-computer-use.mjs","providers","12","FunctionDeclaration","start","284","297","true","false"
"fd5866d2580127142e46b58848da2471488f70c0","src/providers/openai-compatible-computer-use.mjs","providers","13","FunctionDeclaration","continueInteraction","299","316","true","false"
"fd5866d2580127142e46b58848da2471488f70c0","src/providers/openai-compatible-computer-use.mjs","providers","14","FunctionDeclaration","invoke","318","322","true","false"
"fd5866d2580127142e46b58848da2471488f70c0","src/providers/openai-compatible-computer-use.mjs","providers","15","ArrowFunctionExpression","health","330","333","false","false"
"fd5866d2580127142e46b58848da2471488f70c0","src/providers/openai-compatible-computer-use.mjs","providers","16","FunctionDeclaration","createOpenAiCompatibleComputerUseProvider","202","338","false","false"
"fd5866d2580127142e46b58848da2471488f70c0","src/providers/openai-compatible-text.mjs","providers","1","ArrowFunctionExpression","<callback:filter>","11","11","false","false"
"fd5866d2580127142e46b58848da2471488f70c0","src/providers/openai-compatible-text.mjs","providers","2","ArrowFunctionExpression","<callback:map>","12","12","false","false"
"fd5866d2580127142e46b58848da2471488f70c0","src/providers/openai-compatible-text.mjs","providers","3","FunctionDeclaration","extractText","6","17","false","false"
"fd5866d2580127142e46b58848da2471488f70c0","src/providers/openai-compatible-text.mjs","providers","4","FunctionDeclaration","normalizedUsage","19","26","false","false"
"fd5866d2580127142e46b58848da2471488f70c0","src/providers/openai-compatible-text.mjs","providers","5","ArrowFunctionExpression","getClient","33","39","true","false"
"fd5866d2580127142e46b58848da2471488f70c0","src/providers/openai-compatible-text.mjs","providers","6","FunctionDeclaration","generate","41","55","true","false"
"fd5866d2580127142e46b58848da2471488f70c0","src/providers/openai-compatible-text.mjs","providers","7","FunctionDeclaration","createOpenAiCompatibleTextProvider","28","58","false","false"
"fd5866d2580127142e46b58848da2471488f70c0","src/providers/provider-registry.mjs","providers","1","FunctionDeclaration","healthOf","4","12","false","false"
"fd5866d2580127142e46b58848da2471488f70c0","src/providers/provider-registry.mjs","providers","2","FunctionDeclaration","register","17","30","false","false"
"fd5866d2580127142e46b58848da2471488f70c0","src/providers/provider-registry.mjs","providers","3","FunctionDeclaration","metadata","32","41","false","false"
"fd5866d2580127142e46b58848da2471488f70c0","src/providers/provider-registry.mjs","providers","4","FunctionDeclaration","list","43","45","false","false"
"fd5866d2580127142e46b58848da2471488f70c0","src/providers/provider-registry.mjs","providers","5","FunctionDeclaration","health","47","51","false","false"
"fd5866d2580127142e46b58848da2471488f70c0","src/providers/provider-registry.mjs","providers","6","FunctionDeclaration","invoke","53","63","true","false"
"fd5866d2580127142e46b58848da2471488f70c0","src/providers/provider-registry.mjs","providers","7","FunctionDeclaration","createProviderRegistry","14","66","false","false"
"fd5866d2580127142e46b58848da2471488f70c0","src/providers/routed-computer-use.mjs","providers","1","FunctionDeclaration","responseValid","1","4","false","false"
"fd5866d2580127142e46b58848da2471488f70c0","src/providers/routed-computer-use.mjs","providers","2","ArrowFunctionExpression","<callback:find>","21","21","false","false"
"fd5866d2580127142e46b58848da2471488f70c0","src/providers/routed-computer-use.mjs","providers","3","FunctionDeclaration","recover","18","22","false","false"
"fd5866d2580127142e46b58848da2471488f70c0","src/providers/routed-computer-use.mjs","providers","4","FunctionDeclaration","invokeStart","24","28","true","false"
"fd5866d2580127142e46b58848da2471488f70c0","src/providers/routed-computer-use.mjs","providers","5","FunctionDeclaration","pin","30","33","false","false"
"fd5866d2580127142e46b58848da2471488f70c0","src/providers/routed-computer-use.mjs","providers","6","ArrowFunctionExpression","<callback:filter>","38","38","false","false"
"fd5866d2580127142e46b58848da2471488f70c0","src/providers/routed-computer-use.mjs","providers","7","ArrowFunctionExpression","<callback:findIndex>","44","44","false","false"
"fd5866d2580127142e46b58848da2471488f70c0","src/providers/routed-computer-use.mjs","providers","8","FunctionDeclaration","fallbackStart","35","53","true","false"
"fd5866d2580127142e46b58848da2471488f70c0","src/providers/routed-computer-use.mjs","providers","9","FunctionDeclaration","start","55","76","true","false"
"fd5866d2580127142e46b58848da2471488f70c0","src/providers/routed-computer-use.mjs","providers","10","FunctionDeclaration","continueInteraction","78","94","true","false"
"fd5866d2580127142e46b58848da2471488f70c0","src/providers/routed-computer-use.mjs","providers","11","FunctionDeclaration","createRoutedComputerUse","6","97","false","false"
"fd5866d2580127142e46b58848da2471488f70c0","src/providers/routed-provider-invoker.mjs","providers","1","FunctionDeclaration","statusOf","3","7","false","false"
"fd5866d2580127142e46b58848da2471488f70c0","src/providers/routed-provider-invoker.mjs","providers","2","ArrowFunctionExpression","now","27","27","false","false"
"fd5866d2580127142e46b58848da2471488f70c0","src/providers/routed-provider-invoker.mjs","providers","3","FunctionDeclaration","contextFor","29","43","false","false"
"fd5866d2580127142e46b58848da2471488f70c0","src/providers/routed-provider-invoker.mjs","providers","4","FunctionDeclaration","recordAndSettle","45","55","true","false"
"fd5866d2580127142e46b58848da2471488f70c0","src/providers/routed-provider-invoker.mjs","providers","5","FunctionDeclaration","invoke","57","111","true","false"
"fd5866d2580127142e46b58848da2471488f70c0","src/providers/routed-provider-invoker.mjs","providers","6","FunctionDeclaration","createRoutedProviderInvoker","9","114","false","false"
"fd5866d2580127142e46b58848da2471488f70c0","src/rag/blind-index.mjs","rag","1","FunctionDeclaration","hashToken","12","17","false","false"
"fd5866d2580127142e46b58848da2471488f70c0","src/rag/blind-index.mjs","rag","2","ArrowFunctionExpression","<callback:sort>","27","27","false","false"
"fd5866d2580127142e46b58848da2471488f70c0","src/rag/blind-index.mjs","rag","3","FunctionDeclaration","indexText","19","28","false","false"
"fd5866d2580127142e46b58848da2471488f70c0","src/rag/blind-index.mjs","rag","4","ArrowFunctionExpression","<callback:map>","31","31","false","false"
"fd5866d2580127142e46b58848da2471488f70c0","src/rag/blind-index.mjs","rag","5","FunctionDeclaration","query","30","32","false","false"
"fd5866d2580127142e46b58848da2471488f70c0","src/rag/blind-index.mjs","rag","6","FunctionDeclaration","createBlindIndex","7","35","false","false"
"fd5866d2580127142e46b58848da2471488f70c0","src/rag/local-embedder.mjs","rag","1","FunctionExpression","embed","9","12","true","false"
"fd5866d2580127142e46b58848da2471488f70c0","src/rag/local-embedder.mjs","rag","2","FunctionDeclaration","loadTransformersEmbedder","1","14","true","false"
"fd5866d2580127142e46b58848da2471488f70c0","src/rag/local-embedder.mjs","rag","3","FunctionDeclaration","resolveModel","22","30","true","false"
"fd5866d2580127142e46b58848da2471488f70c0","src/rag/local-embedder.mjs","rag","4","ArrowFunctionExpression","<callback:some>","37","37","false","false"
"fd5866d2580127142e46b58848da2471488f70c0","src/rag/local-embedder.mjs","rag","5","FunctionDeclaration","embed","32","41","true","false"
"fd5866d2580127142e46b58848da2471488f70c0","src/rag/local-embedder.mjs","rag","6","FunctionDeclaration","createLocalEmbedder","16","44","false","false"
"fd5866d2580127142e46b58848da2471488f70c0","src/rag/ranker.mjs","rag","1","ArrowFunctionExpression","<callback:map>","4","4","false","false"
"fd5866d2580127142e46b58848da2471488f70c0","src/rag/ranker.mjs","rag","2","ArrowFunctionExpression","<callback:map>","7","7","false","false"
"fd5866d2580127142e46b58848da2471488f70c0","src/rag/ranker.mjs","rag","3","ArrowFunctionExpression","<callback:reduce>","12","12","false","false"
"fd5866d2580127142e46b58848da2471488f70c0","src/rag/ranker.mjs","rag","4","ArrowFunctionExpression","<callback:map>","14","16","false","false"
"fd5866d2580127142e46b58848da2471488f70c0","src/rag/ranker.mjs","rag","5","ArrowFunctionExpression","<callback:map>","13","27","false","false"
"fd5866d2580127142e46b58848da2471488f70c0","src/rag/ranker.mjs","rag","6","ArrowFunctionExpression","<callback:filter>","27","27","false","false"
"fd5866d2580127142e46b58848da2471488f70c0","src/rag/ranker.mjs","rag","7","ArrowFunctionExpression","<callback:sort>","28","28","false","false"
"fd5866d2580127142e46b58848da2471488f70c0","src/rag/ranker.mjs","rag","8","FunctionDeclaration","rankBlindCandidates","1","29","false","false"
"fd5866d2580127142e46b58848da2471488f70c0","src/rag/retriever.mjs","rag","1","FunctionDeclaration","inScope","1","7","false","false"
"fd5866d2580127142e46b58848da2471488f70c0","src/rag/retriever.mjs","rag","2","ArrowFunctionExpression","<callback:map>","10","10","false","false"
"fd5866d2580127142e46b58848da2471488f70c0","src/rag/retriever.mjs","rag","3","ArrowFunctionExpression","<callback:map>","11","11","false","false"
"fd5866d2580127142e46b58848da2471488f70c0","src/rag/retriever.mjs","rag","4","FunctionDeclaration","normalizedScores","9","12","false","false"
"fd5866d2580127142e46b58848da2471488f70c0","src/rag/retriever.mjs","rag","5","ArrowFunctionExpression","<callback:filter>","27","27","false","false"
"fd5866d2580127142e46b58848da2471488f70c0","src/rag/retriever.mjs","rag","6","ArrowFunctionExpression","<callback:some>","28","28","false","false"
"fd5866d2580127142e46b58848da2471488f70c0","src/rag/retriever.mjs","rag","7","ArrowFunctionExpression","<callback:map>","41","41","false","false"
"fd5866d2580127142e46b58848da2471488f70c0","src/rag/retriever.mjs","rag","8","ArrowFunctionExpression","<callback:map>","48","48","false","false"
"fd5866d2580127142e46b58848da2471488f70c0","src/rag/retriever.mjs","rag","9","ArrowFunctionExpression","<callback:map>","49","55","false","false"
"fd5866d2580127142e46b58848da2471488f70c0","src/rag/retriever.mjs","rag","10","ArrowFunctionExpression","<callback:sort>","55","55","false","false"
"fd5866d2580127142e46b58848da2471488f70c0","src/rag/retriever.mjs","rag","11","FunctionDeclaration","search","26","57","true","false"
"fd5866d2580127142e46b58848da2471488f70c0","src/rag/retriever.mjs","rag","12","FunctionDeclaration","createRetriever","14","60","false","false"
"fd5866d2580127142e46b58848da2471488f70c0","src/rag/tokenizer.mjs","rag","1","FunctionDeclaration","stemSimplePlural","11","16","false","false"
"fd5866d2580127142e46b58848da2471488f70c0","src/rag/tokenizer.mjs","rag","2","ArrowFunctionExpression","<callback:filter>","25","25","false","false"
"fd5866d2580127142e46b58848da2471488f70c0","src/rag/tokenizer.mjs","rag","3","ArrowFunctionExpression","<callback:filter>","27","27","false","false"
"fd5866d2580127142e46b58848da2471488f70c0","src/rag/tokenizer.mjs","rag","4","FunctionDeclaration","tokenizeFrench","18","28","false","false"
"fd5866d2580127142e46b58848da2471488f70c0","src/rag/vector-store.mjs","rag","1","ArrowFunctionExpression","<callback:some>","5","5","false","false"
"fd5866d2580127142e46b58848da2471488f70c0","src/rag/vector-store.mjs","rag","2","FunctionDeclaration","requireVector","3","7","false","false"
"fd5866d2580127142e46b58848da2471488f70c0","src/rag/vector-store.mjs","rag","3","FunctionDeclaration","encodeVector","9","15","false","false"
"fd5866d2580127142e46b58848da2471488f70c0","src/rag/vector-store.mjs","rag","4","FunctionDeclaration","decodeVector","17","24","false","false"
"fd5866d2580127142e46b58848da2471488f70c0","src/rag/vector-store.mjs","rag","5","FunctionDeclaration","cosineSimilarity","26","38","false","false"
"fd5866d2580127142e46b58848da2471488f70c0","src/rag/vector-store.mjs","rag","6","FunctionDeclaration","compareBest","40","44","false","false"
"fd5866d2580127142e46b58848da2471488f70c0","src/rag/vector-store.mjs","rag","7","FunctionDeclaration","isWorse","46","48","false","false"
"fd5866d2580127142e46b58848da2471488f70c0","src/rag/vector-store.mjs","rag","8","FunctionDeclaration","pushWorstHeap","50","59","false","false"
"fd5866d2580127142e46b58848da2471488f70c0","src/rag/vector-store.mjs","rag","9","FunctionDeclaration","replaceWorstHeap","61","74","false","false"
"fd5866d2580127142e46b58848da2471488f70c0","src/rag/vector-store.mjs","rag","10","FunctionDeclaration","rankVectorsExact","76","87","false","false"
"fd5866d2580127142e46b58848da2471488f70c0","src/rag/vector-store.mjs","rag","11","FunctionDeclaration","put","96","106","false","false"
"fd5866d2580127142e46b58848da2471488f70c0","src/rag/vector-store.mjs","rag","12","FunctionDeclaration","get","108","117","false","false"
"fd5866d2580127142e46b58848da2471488f70c0","src/rag/vector-store.mjs","rag","13","ArrowFunctionExpression","<callback:map>","124","124","false","false"
"fd5866d2580127142e46b58848da2471488f70c0","src/rag/vector-store.mjs","rag","14","ArrowFunctionExpression","<callback:filter>","124","124","false","false"
"fd5866d2580127142e46b58848da2471488f70c0","src/rag/vector-store.mjs","rag","15","FunctionDeclaration","rankExact","119","126","false","false"
"fd5866d2580127142e46b58848da2471488f70c0","src/rag/vector-store.mjs","rag","16","FunctionDeclaration","createVectorStore","89","129","false","false"
"fd5866d2580127142e46b58848da2471488f70c0","src/recovery/recovery-projector.mjs","recovery","1","FunctionDeclaration","classify","10","17","false","false"
"fd5866d2580127142e46b58848da2471488f70c0","src/recovery/recovery-projector.mjs","recovery","2","FunctionDeclaration","project","28","31","false","false"
"fd5866d2580127142e46b58848da2471488f70c0","src/recovery/recovery-service.mjs","recovery","1","FunctionDeclaration","runDomain","3","6","false","false"
"fd5866d2580127142e46b58848da2471488f70c0","src/recovery/recovery-service.mjs","recovery","2","ArrowFunctionExpression","<callback:every>","9","9","false","false"
"fd5866d2580127142e46b58848da2471488f70c0","src/recovery/recovery-service.mjs","recovery","3","FunctionDeclaration","runToCaseInput","8","18","false","false"
"fd5866d2580127142e46b58848da2471488f70c0","src/recovery/recovery-service.mjs","recovery","4","ArrowFunctionExpression","now","26","26","false","false"
"fd5866d2580127142e46b58848da2471488f70c0","src/recovery/recovery-service.mjs","recovery","5","FunctionDeclaration","toCase","29","35","false","false"
"fd5866d2580127142e46b58848da2471488f70c0","src/recovery/recovery-service.mjs","recovery","6","ArrowFunctionExpression","<callback:filter>","40","40","false","false"
"fd5866d2580127142e46b58848da2471488f70c0","src/recovery/recovery-service.mjs","recovery","7","ArrowFunctionExpression","<callback:filter>","41","41","false","false"
"fd5866d2580127142e46b58848da2471488f70c0","src/recovery/recovery-service.mjs","recovery","8","ArrowFunctionExpression","<callback:filter>","43","43","false","false"
"fd5866d2580127142e46b58848da2471488f70c0","src/recovery/recovery-service.mjs","recovery","9","FunctionExpression","listCases","38","45","true","false"
"fd5866d2580127142e46b58848da2471488f70c0","src/recovery/recovery-service.mjs","recovery","10","FunctionExpression","reconcile","47","51","true","false"
"fd5866d2580127142e46b58848da2471488f70c0","src/recovery/recovery-service.mjs","recovery","11","FunctionExpression","proposeNextAction","53","57","true","false"
"fd5866d2580127142e46b58848da2471488f70c0","src/recovery/recovery-service.mjs","recovery","12","FunctionExpression","closeManually","59","66","true","false"
"fd5866d2580127142e46b58848da2471488f70c0","src/recovery/recovery-service.mjs","recovery","13","FunctionDeclaration","createRecoveryService","20","68","false","false"
"fd5866d2580127142e46b58848da2471488f70c0","src/research/file-indexer.mjs","research","1","FunctionDeclaration","chunkText","1","17","false","false"
"fd5866d2580127142e46b58848da2471488f70c0","src/research/file-indexer.mjs","research","2","FunctionDeclaration","readBounded","33","46","true","false"
"fd5866d2580127142e46b58848da2471488f70c0","src/research/file-indexer.mjs","research","3","FunctionDeclaration","upsertSources","48","61","true","false"
"fd5866d2580127142e46b58848da2471488f70c0","src/research/file-indexer.mjs","research","4","ArrowFunctionExpression","<callback:map>","65","65","false","false"
"fd5866d2580127142e46b58848da2471488f70c0","src/research/file-indexer.mjs","research","5","FunctionDeclaration","reconcile","63","76","true","false"
"fd5866d2580127142e46b58848da2471488f70c0","src/research/file-indexer.mjs","research","6","FunctionDeclaration","refresh","78","88","true","false"
"fd5866d2580127142e46b58848da2471488f70c0","src/research/file-indexer.mjs","research","7","FunctionDeclaration","createFileIndexer","19","91","false","false"
"fd5866d2580127142e46b58848da2471488f70c0","src/research/file-indexer.mjs","research","8","ArrowFunctionExpression","<callback:setTimer>","104","107","true","false"
"fd5866d2580127142e46b58848da2471488f70c0","src/research/file-indexer.mjs","research","9","FunctionDeclaration","notify","102","109","false","false"
"fd5866d2580127142e46b58848da2471488f70c0","src/research/file-indexer.mjs","research","10","FunctionDeclaration","dispose","111","114","false","false"
"fd5866d2580127142e46b58848da2471488f70c0","src/research/file-indexer.mjs","research","11","FunctionDeclaration","createDebouncedFileWatcher","93","117","false","false"
"fd5866d2580127142e46b58848da2471488f70c0","src/research/file-policy.mjs","research","1","FunctionDeclaration","comparable","18","21","false","false"
"fd5866d2580127142e46b58848da2471488f70c0","src/research/file-policy.mjs","research","2","FunctionDeclaration","isWithin","23","26","false","false"
"fd5866d2580127142e46b58848da2471488f70c0","src/research/file-policy.mjs","research","3","ArrowFunctionExpression","<callback:map>","38","38","false","false"
"fd5866d2580127142e46b58848da2471488f70c0","src/research/file-policy.mjs","research","4","ArrowFunctionExpression","<callback:some>","43","43","false","false"
"fd5866d2580127142e46b58848da2471488f70c0","src/research/file-policy.mjs","research","5","ArrowFunctionExpression","<callback:some>","44","44","false","false"
"fd5866d2580127142e46b58848da2471488f70c0","src/research/file-policy.mjs","research","6","FunctionDeclaration","rejectSensitivePath","37","47","false","false"
"fd5866d2580127142e46b58848da2471488f70c0","src/research/file-policy.mjs","research","7","ArrowFunctionExpression","<callback:some>","67","67","false","false"
"fd5866d2580127142e46b58848da2471488f70c0","src/research/file-policy.mjs","research","8","FunctionDeclaration","authorize","61","71","true","false"
"fd5866d2580127142e46b58848da2471488f70c0","src/research/file-policy.mjs","research","9","FunctionDeclaration","createFilePolicy","49","74","true","false"
"fd5866d2580127142e46b58848da2471488f70c0","src/research/file-reader.mjs","research","1","FunctionDeclaration","htmlToText","23","35","false","false"
"fd5866d2580127142e46b58848da2471488f70c0","src/research/file-reader.mjs","research","2","FunctionDeclaration","assertText","37","39","false","false"
"fd5866d2580127142e46b58848da2471488f70c0","src/research/file-reader.mjs","research","3","FunctionDeclaration","read","50","101","true","false"
"fd5866d2580127142e46b58848da2471488f70c0","src/research/file-reader.mjs","research","4","FunctionDeclaration","createFileReader","41","104","false","false"
"fd5866d2580127142e46b58848da2471488f70c0","src/research/network-evidence.mjs","research","1","FunctionDeclaration","sanitizePublicUrl","5","13","false","false"
"fd5866d2580127142e46b58848da2471488f70c0","src/research/network-evidence.mjs","research","2","ArrowFunctionExpression","<callback:map>","17","17","false","false"
"fd5866d2580127142e46b58848da2471488f70c0","src/research/network-evidence.mjs","research","3","ArrowFunctionExpression","<callback:map>","19","22","false","false"
"fd5866d2580127142e46b58848da2471488f70c0","src/research/network-evidence.mjs","research","4","FunctionDeclaration","redactSensitiveValue","15","26","false","false"
"fd5866d2580127142e46b58848da2471488f70c0","src/research/network-evidence.mjs","research","5","FunctionDeclaration","redactSensitiveText","28","35","false","false"
"fd5866d2580127142e46b58848da2471488f70c0","src/research/network-evidence.mjs","research","6","FunctionDeclaration","redactTargetedHtml","37","41","false","false"
"fd5866d2580127142e46b58848da2471488f70c0","src/research/network-evidence.mjs","research","7","FunctionDeclaration","evidence","43","54","false","false"
"fd5866d2580127142e46b58848da2471488f70c0","src/research/network-evidence.mjs","research","8","ArrowFunctionExpression","<callback:some>","64","64","false","false"
"fd5866d2580127142e46b58848da2471488f70c0","src/research/network-evidence.mjs","research","9","FunctionDeclaration","captureNetworkResponse","56","79","true","false"
"fd5866d2580127142e46b58848da2471488f70c0","src/research/pdf-text-extractor.mjs","research","1","FunctionDeclaration","defaultLoadPdfJs","1","3","true","false"
"fd5866d2580127142e46b58848da2471488f70c0","src/research/pdf-text-extractor.mjs","research","2","FunctionExpression","extractPdfText","6","41","true","false"
"fd5866d2580127142e46b58848da2471488f70c0","src/research/pdf-text-extractor.mjs","research","3","FunctionDeclaration","createPdfTextExtractor","5","42","false","false"
"fd5866d2580127142e46b58848da2471488f70c0","src/research/research-service.mjs","research","1","FunctionDeclaration","fileEvidence","1","13","false","false"
"fd5866d2580127142e46b58848da2471488f70c0","src/research/research-service.mjs","research","2","FunctionDeclaration","invoke","18","23","true","false"
"fd5866d2580127142e46b58848da2471488f70c0","src/research/research-service.mjs","research","3","ArrowFunctionExpression","readFile","26","26","false","false"
"fd5866d2580127142e46b58848da2471488f70c0","src/research/research-service.mjs","research","4","ArrowFunctionExpression","readWeb","27","27","false","false"
"fd5866d2580127142e46b58848da2471488f70c0","src/research/research-service.mjs","research","5","FunctionDeclaration","createResearchService","15","29","false","false"
"fd5866d2580127142e46b58848da2471488f70c0","src/research/url-policy.mjs","research","1","FunctionDeclaration","ipv4ToInt","26","29","false","false"
"fd5866d2580127142e46b58848da2471488f70c0","src/research/url-policy.mjs","research","2","ArrowFunctionExpression","<callback:some>","33","33","false","false"
"fd5866d2580127142e46b58848da2471488f70c0","src/research/url-policy.mjs","research","3","FunctionDeclaration","isPrivateIpv4","31","34","false","false"
"fd5866d2580127142e46b58848da2471488f70c0","src/research/url-policy.mjs","research","4","ArrowFunctionExpression","<callback:map>","44","44","false","false"
"fd5866d2580127142e46b58848da2471488f70c0","src/research/url-policy.mjs","research","5","FunctionDeclaration","expandIpv6Groups","38","45","false","false"
"fd5866d2580127142e46b58848da2471488f70c0","src/research/url-policy.mjs","research","6","ArrowFunctionExpression","<callback:some>","52","52","false","false"
"fd5866d2580127142e46b58848da2471488f70c0","src/research/url-policy.mjs","research","7","ArrowFunctionExpression","<callback:every>","53","53","false","false"
"fd5866d2580127142e46b58848da2471488f70c0","src/research/url-policy.mjs","research","8","ArrowFunctionExpression","<callback:every>","54","54","false","false"
"fd5866d2580127142e46b58848da2471488f70c0","src/research/url-policy.mjs","research","9","ArrowFunctionExpression","<callback:every>","58","58","false","false"
"fd5866d2580127142e46b58848da2471488f70c0","src/research/url-policy.mjs","research","10","FunctionDeclaration","isPrivateIpv6","47","63","false","false"
"fd5866d2580127142e46b58848da2471488f70c0","src/research/url-policy.mjs","research","11","FunctionDeclaration","isPublicAddress","65","70","false","false"
"fd5866d2580127142e46b58848da2471488f70c0","src/research/url-policy.mjs","research","12","ArrowFunctionExpression","<callback:map>","108","111","false","false"
"fd5866d2580127142e46b58848da2471488f70c0","src/research/url-policy.mjs","research","13","ArrowFunctionExpression","<callback:some>","114","114","false","false"
"fd5866d2580127142e46b58848da2471488f70c0","src/research/url-policy.mjs","research","14","FunctionDeclaration","authorize","73","118","true","false"
"fd5866d2580127142e46b58848da2471488f70c0","src/research/url-policy.mjs","research","15","FunctionDeclaration","createResearchUrlPolicy","72","121","false","false"
"fd5866d2580127142e46b58848da2471488f70c0","src/research/web-answer.mjs","research","1","FunctionDeclaration","requireQuery","19","23","false","false"
"fd5866d2580127142e46b58848da2471488f70c0","src/research/web-answer.mjs","research","2","ArrowFunctionExpression","<callback:setTimeout>","36","36","false","false"
"fd5866d2580127142e46b58848da2471488f70c0","src/research/web-answer.mjs","research","3","ArrowFunctionExpression","<callback:map>","61","61","false","false"
"fd5866d2580127142e46b58848da2471488f70c0","src/research/web-answer.mjs","research","4","ArrowFunctionExpression","<callback:map>","67","70","false","false"
"fd5866d2580127142e46b58848da2471488f70c0","src/research/web-answer.mjs","research","5","ArrowFunctionExpression","<callback:filter>","71","71","false","false"
"fd5866d2580127142e46b58848da2471488f70c0","src/research/web-answer.mjs","research","6","ArrowFunctionExpression","<callback:map>","73","73","false","false"
"fd5866d2580127142e46b58848da2471488f70c0","src/research/web-answer.mjs","research","7","FunctionDeclaration","answer","31","76","true","false"
"fd5866d2580127142e46b58848da2471488f70c0","src/research/web-answer.mjs","research","8","FunctionDeclaration","createWebAnswerService","25","79","false","false"
"fd5866d2580127142e46b58848da2471488f70c0","src/research/web-answer.mjs","research","9","ArrowFunctionExpression","<callback:setTimeout>","98","98","false","false"
"fd5866d2580127142e46b58848da2471488f70c0","src/research/web-answer.mjs","research","10","ArrowFunctionExpression","<callback:map>","135","139","false","false"
"fd5866d2580127142e46b58848da2471488f70c0","src/research/web-answer.mjs","research","11","FunctionDeclaration","answer","93","142","true","false"
"fd5866d2580127142e46b58848da2471488f70c0","src/research/web-answer.mjs","research","12","FunctionDeclaration","createGroqWebAnswer","87","145","false","false"
"fd5866d2580127142e46b58848da2471488f70c0","src/research/web-answer.mjs","research","13","FunctionDeclaration","answer","152","164","true","false"
"fd5866d2580127142e46b58848da2471488f70c0","src/research/web-answer.mjs","research","14","FunctionDeclaration","createWebAnswerChain","149","167","false","false"
"fd5866d2580127142e46b58848da2471488f70c0","src/research/web-reader.mjs","research","1","FunctionDeclaration","evidence","10","21","false","false"
"fd5866d2580127142e46b58848da2471488f70c0","src/research/web-reader.mjs","research","2","ArrowFunctionExpression","<callback:map>","25","25","false","false"
"fd5866d2580127142e46b58848da2471488f70c0","src/research/web-reader.mjs","research","3","ArrowFunctionExpression","<callback:filter>","26","26","false","false"
"fd5866d2580127142e46b58848da2471488f70c0","src/research/web-reader.mjs","research","4","ArrowFunctionExpression","<callback:map>","27","27","false","false"
"fd5866d2580127142e46b58848da2471488f70c0","src/research/web-reader.mjs","research","5","ArrowFunctionExpression","<callback:some>","29","29","false","false"
"fd5866d2580127142e46b58848da2471488f70c0","src/research/web-reader.mjs","research","6","FunctionDeclaration","robotsAllows","23","30","false","false"
"fd5866d2580127142e46b58848da2471488f70c0","src/research/web-reader.mjs","research","7","ArrowFunctionExpression","<callback:evaluate>","33","36","false","false"
"fd5866d2580127142e46b58848da2471488f70c0","src/research/web-reader.mjs","research","8","FunctionDeclaration","extractFrame","32","37","true","false"
"fd5866d2580127142e46b58848da2471488f70c0","src/research/web-reader.mjs","research","9","FunctionDeclaration","checkIndexing","50","59","true","false"
"fd5866d2580127142e46b58848da2471488f70c0","src/research/web-reader.mjs","research","10","ArrowFunctionExpression","<callback:catch>","77","77","false","false"
"fd5866d2580127142e46b58848da2471488f70c0","src/research/web-reader.mjs","research","11","ArrowFunctionExpression","onResponse","75","78","false","false"
"fd5866d2580127142e46b58848da2471488f70c0","src/research/web-reader.mjs","research","12","ArrowFunctionExpression","<callback:catch>","82","82","false","false"
"fd5866d2580127142e46b58848da2471488f70c0","src/research/web-reader.mjs","research","13","ArrowFunctionExpression","<callback:map>","92","92","false","false"
"fd5866d2580127142e46b58848da2471488f70c0","src/research/web-reader.mjs","research","14","ArrowFunctionExpression","<callback:flatMap>","93","95","false","false"
"fd5866d2580127142e46b58848da2471488f70c0","src/research/web-reader.mjs","research","15","ArrowFunctionExpression","<callback:map>","96","99","false","false"
"fd5866d2580127142e46b58848da2471488f70c0","src/research/web-reader.mjs","research","16","ArrowFunctionExpression","<callback:map>","105","105","false","false"
"fd5866d2580127142e46b58848da2471488f70c0","src/research/web-reader.mjs","research","17","ArrowFunctionExpression","<callback:map>","100","107","false","false"
"fd5866d2580127142e46b58848da2471488f70c0","src/research/web-reader.mjs","research","18","ArrowFunctionExpression","<callback:map>","111","111","false","false"
"fd5866d2580127142e46b58848da2471488f70c0","src/research/web-reader.mjs","research","19","ArrowFunctionExpression","<callback:map>","116","116","false","false"
"fd5866d2580127142e46b58848da2471488f70c0","src/research/web-reader.mjs","research","20","ArrowFunctionExpression","<callback:evaluate>","90","118","false","false"
"fd5866d2580127142e46b58848da2471488f70c0","src/research/web-reader.mjs","research","21","ArrowFunctionExpression","<callback:map>","134","134","false","false"
"fd5866d2580127142e46b58848da2471488f70c0","src/research/web-reader.mjs","research","22","ArrowFunctionExpression","<callback:map>","135","139","false","false"
"fd5866d2580127142e46b58848da2471488f70c0","src/research/web-reader.mjs","research","23","ArrowFunctionExpression","<callback:forEach>","141","146","false","false"
"fd5866d2580127142e46b58848da2471488f70c0","src/research/web-reader.mjs","research","24","ArrowFunctionExpression","<callback:filter>","147","147","false","false"
"fd5866d2580127142e46b58848da2471488f70c0","src/research/web-reader.mjs","research","25","ArrowFunctionExpression","<callback:forEach>","147","152","false","false"
"fd5866d2580127142e46b58848da2471488f70c0","src/research/web-reader.mjs","research","26","ArrowFunctionExpression","<callback:forEach>","153","153","false","false"
"fd5866d2580127142e46b58848da2471488f70c0","src/research/web-reader.mjs","research","27","ArrowFunctionExpression","<callback:map>","161","161","false","false"
"fd5866d2580127142e46b58848da2471488f70c0","src/research/web-reader.mjs","research","28","ArrowFunctionExpression","<callback:map>","167","167","false","false"
"fd5866d2580127142e46b58848da2471488f70c0","src/research/web-reader.mjs","research","29","FunctionDeclaration","read","61","175","true","false"
"fd5866d2580127142e46b58848da2471488f70c0","src/research/web-reader.mjs","research","30","FunctionDeclaration","createWebReader","39","178","false","false"
"fd5866d2580127142e46b58848da2471488f70c0","src/routines/routine-contracts.mjs","routines","1","FunctionDeclaration","deepFreeze","40","46","false","false"
"fd5866d2580127142e46b58848da2471488f70c0","src/routines/routine-contracts.mjs","routines","2","FunctionDeclaration","validateRoutineInput","48","50","false","false"
"fd5866d2580127142e46b58848da2471488f70c0","src/routines/routine-contracts.mjs","routines","3","FunctionDeclaration","validateRoutineId","52","54","false","false"
"fd5866d2580127142e46b58848da2471488f70c0","src/routines/routine-registry.mjs","routines","1","ArrowFunctionExpression","now","11","11","false","false"
"fd5866d2580127142e46b58848da2471488f70c0","src/routines/routine-registry.mjs","routines","2","FunctionExpression","createRoutine","14","21","true","false"
"fd5866d2580127142e46b58848da2471488f70c0","src/routines/routine-registry.mjs","routines","3","FunctionExpression","getRoutine","23","25","true","false"
"fd5866d2580127142e46b58848da2471488f70c0","src/routines/routine-registry.mjs","routines","4","FunctionExpression","listRoutines","27","29","true","false"
"fd5866d2580127142e46b58848da2471488f70c0","src/routines/routine-registry.mjs","routines","5","FunctionExpression","setStatus","31","37","true","false"
"fd5866d2580127142e46b58848da2471488f70c0","src/routines/routine-registry.mjs","routines","6","FunctionDeclaration","createRoutineRegistry","4","39","false","false"
"fd5866d2580127142e46b58848da2471488f70c0","src/routines/routine-scheduler.mjs","routines","1","ArrowFunctionExpression","<callback:map>","5","5","false","false"
"fd5866d2580127142e46b58848da2471488f70c0","src/routines/routine-scheduler.mjs","routines","2","FunctionDeclaration","localParts","1","7","false","false"
"fd5866d2580127142e46b58848da2471488f70c0","src/routines/routine-scheduler.mjs","routines","3","FunctionDeclaration","isDueDaily","9","14","false","false"
"fd5866d2580127142e46b58848da2471488f70c0","src/routines/routine-scheduler.mjs","routines","4","FunctionDeclaration","fillValues","16","26","false","false"
"fd5866d2580127142e46b58848da2471488f70c0","src/routines/routine-scheduler.mjs","routines","5","ArrowFunctionExpression","<callback:map>","29","35","false","false"
"fd5866d2580127142e46b58848da2471488f70c0","src/routines/routine-scheduler.mjs","routines","6","FunctionDeclaration","compileToAutomation","28","36","false","false"
"fd5866d2580127142e46b58848da2471488f70c0","src/routines/routine-scheduler.mjs","routines","7","ArrowFunctionExpression","now","44","44","false","false"
"fd5866d2580127142e46b58848da2471488f70c0","src/routines/routine-scheduler.mjs","routines","8","FunctionDeclaration","fire","47","53","true","false"
"fd5866d2580127142e46b58848da2471488f70c0","src/routines/routine-scheduler.mjs","routines","9","FunctionExpression","tick","56","68","true","false"
"fd5866d2580127142e46b58848da2471488f70c0","src/routines/routine-scheduler.mjs","routines","10","FunctionExpression","handleEvent","70","82","true","false"
"fd5866d2580127142e46b58848da2471488f70c0","src/routines/routine-scheduler.mjs","routines","11","FunctionDeclaration","createRoutineScheduler","38","84","false","false"
"fd5866d2580127142e46b58848da2471488f70c0","src/routing/capability-router.mjs","routing","1","ArrowFunctionExpression","<callback:filter>","7","7","false","false"
"fd5866d2580127142e46b58848da2471488f70c0","src/routing/capability-router.mjs","routing","2","ArrowFunctionExpression","<callback:filter>","8","8","false","false"
"fd5866d2580127142e46b58848da2471488f70c0","src/routing/capability-router.mjs","routing","3","ArrowFunctionExpression","<callback:findIndex>","11","11","false","false"
"fd5866d2580127142e46b58848da2471488f70c0","src/routing/capability-router.mjs","routing","4","ArrowFunctionExpression","<callback:map>","14","20","false","false"
"fd5866d2580127142e46b58848da2471488f70c0","src/routing/capability-router.mjs","routing","5","FunctionExpression","resolve","4","21","false","false"
"fd5866d2580127142e46b58848da2471488f70c0","src/routing/capability-router.mjs","routing","6","FunctionDeclaration","createCapabilityRouter","1","23","false","false"
"fd5866d2580127142e46b58848da2471488f70c0","src/routing/inference-mode-policy.mjs","routing","1","ArrowFunctionExpression","<callback:map>","13","13","false","false"
"fd5866d2580127142e46b58848da2471488f70c0","src/routing/inference-mode-policy.mjs","routing","2","ArrowFunctionExpression","<callback:filter>","14","14","false","false"
"fd5866d2580127142e46b58848da2471488f70c0","src/routing/inference-mode-policy.mjs","routing","3","ArrowFunctionExpression","<callback:filter>","15","15","false","false"
"fd5866d2580127142e46b58848da2471488f70c0","src/routing/inference-mode-policy.mjs","routing","4","ArrowFunctionExpression","<callback:sort>","16","19","false","false"
"fd5866d2580127142e46b58848da2471488f70c0","src/routing/inference-mode-policy.mjs","routing","5","ArrowFunctionExpression","<callback:map>","20","20","false","false"
"fd5866d2580127142e46b58848da2471488f70c0","src/routing/inference-mode-policy.mjs","routing","6","FunctionExpression","filter","9","21","false","false"
"fd5866d2580127142e46b58848da2471488f70c0","src/routing/inference-mode-policy.mjs","routing","7","FunctionDeclaration","createInferenceModePolicy","7","23","false","false"
"fd5866d2580127142e46b58848da2471488f70c0","src/runtime/capability-catalog.mjs","runtime","1","ArrowFunctionExpression","<callback:map>","19","19","false","false"
"fd5866d2580127142e46b58848da2471488f70c0","src/runtime/capability-catalog.mjs","runtime","2","FunctionExpression","report","13","29","false","false"
"fd5866d2580127142e46b58848da2471488f70c0","src/runtime/capability-catalog.mjs","runtime","3","FunctionExpression","get","31","33","false","false"
"fd5866d2580127142e46b58848da2471488f70c0","src/runtime/capability-catalog.mjs","runtime","4","ArrowFunctionExpression","<callback:sort>","36","36","false","false"
"fd5866d2580127142e46b58848da2471488f70c0","src/runtime/capability-catalog.mjs","runtime","5","FunctionExpression","list","35","37","false","false"
"fd5866d2580127142e46b58848da2471488f70c0","src/runtime/capability-catalog.mjs","runtime","6","FunctionExpression","requireAvailable","39","45","false","false"
"fd5866d2580127142e46b58848da2471488f70c0","src/runtime/capability-catalog.mjs","runtime","7","FunctionDeclaration","createRuntimeCapabilityCatalog","9","47","false","false"
"fd5866d2580127142e46b58848da2471488f70c0","src/runtime/local-runtime-supervisor.mjs","runtime","1","ArrowFunctionExpression","<anonymous>","4","4","false","false"
"fd5866d2580127142e46b58848da2471488f70c0","src/runtime/local-runtime-supervisor.mjs","runtime","2","ArrowFunctionExpression","delay","4","4","false","false"
"fd5866d2580127142e46b58848da2471488f70c0","src/runtime/local-runtime-supervisor.mjs","runtime","3","ArrowFunctionExpression","<anonymous>","9","9","false","false"
"fd5866d2580127142e46b58848da2471488f70c0","src/runtime/local-runtime-supervisor.mjs","runtime","4","ArrowFunctionExpression","<callback:map>","14","14","false","false"
"fd5866d2580127142e46b58848da2471488f70c0","src/runtime/local-runtime-supervisor.mjs","runtime","5","ArrowFunctionExpression","<callback:some>","15","15","false","false"
"fd5866d2580127142e46b58848da2471488f70c0","src/runtime/local-runtime-supervisor.mjs","runtime","6","FunctionDeclaration","declaration","21","25","false","false"
"fd5866d2580127142e46b58848da2471488f70c0","src/runtime/local-runtime-supervisor.mjs","runtime","7","ArrowFunctionExpression","<callback:setTimeout>","32","35","false","false"
"fd5866d2580127142e46b58848da2471488f70c0","src/runtime/local-runtime-supervisor.mjs","runtime","8","ArrowFunctionExpression","<anonymous>","31","37","false","false"
"fd5866d2580127142e46b58848da2471488f70c0","src/runtime/local-runtime-supervisor.mjs","runtime","9","FunctionDeclaration","probe","27","52","true","false"
"fd5866d2580127142e46b58848da2471488f70c0","src/runtime/local-runtime-supervisor.mjs","runtime","10","ArrowFunctionExpression","<callback:once>","68","68","false","false"
"fd5866d2580127142e46b58848da2471488f70c0","src/runtime/local-runtime-supervisor.mjs","runtime","11","FunctionDeclaration","ensureAvailable","54","78","true","false"
"fd5866d2580127142e46b58848da2471488f70c0","src/runtime/local-runtime-supervisor.mjs","runtime","12","FunctionDeclaration","status","80","83","false","false"
"fd5866d2580127142e46b58848da2471488f70c0","src/runtime/local-runtime-supervisor.mjs","runtime","13","ArrowFunctionExpression","<callback:then>","87","87","false","false"
"fd5866d2580127142e46b58848da2471488f70c0","src/runtime/local-runtime-supervisor.mjs","runtime","14","ArrowFunctionExpression","<callback:catch>","87","87","false","false"
"fd5866d2580127142e46b58848da2471488f70c0","src/runtime/local-runtime-supervisor.mjs","runtime","15","ArrowFunctionExpression","<callback:then>","89","89","false","false"
"fd5866d2580127142e46b58848da2471488f70c0","src/runtime/local-runtime-supervisor.mjs","runtime","16","FunctionDeclaration","stopOwned","85","95","true","false"
"fd5866d2580127142e46b58848da2471488f70c0","src/runtime/local-runtime-supervisor.mjs","runtime","17","FunctionDeclaration","createLocalRuntimeSupervisor","6","98","false","false"
"fd5866d2580127142e46b58848da2471488f70c0","src/safety/capability-broker.mjs","safety","1","FunctionDeclaration","matchesPattern","4","10","false","false"
"fd5866d2580127142e46b58848da2471488f70c0","src/safety/capability-broker.mjs","safety","2","FunctionDeclaration","confirmationKey","12","19","false","false"
"fd5866d2580127142e46b58848da2471488f70c0","src/safety/capability-broker.mjs","safety","3","FunctionDeclaration","decision","21","23","false","false"
"fd5866d2580127142e46b58848da2471488f70c0","src/safety/capability-broker.mjs","safety","4","ArrowFunctionExpression","<anonymous>","28","28","false","false"
"fd5866d2580127142e46b58848da2471488f70c0","src/safety/capability-broker.mjs","safety","5","ArrowFunctionExpression","<callback:some>","31","34","false","false"
"fd5866d2580127142e46b58848da2471488f70c0","src/safety/capability-broker.mjs","safety","6","ArrowFunctionExpression","now","37","37","false","false"
"fd5866d2580127142e46b58848da2471488f70c0","src/safety/capability-broker.mjs","safety","7","FunctionDeclaration","grantConfirmation","39","44","false","false"
"fd5866d2580127142e46b58848da2471488f70c0","src/safety/capability-broker.mjs","safety","8","ArrowFunctionExpression","<callback:filter>","53","56","false","false"
"fd5866d2580127142e46b58848da2471488f70c0","src/safety/capability-broker.mjs","safety","9","ArrowFunctionExpression","<callback:some>","58","58","false","false"
"fd5866d2580127142e46b58848da2471488f70c0","src/safety/capability-broker.mjs","safety","10","ArrowFunctionExpression","<callback:filter>","57","60","false","false"
"fd5866d2580127142e46b58848da2471488f70c0","src/safety/capability-broker.mjs","safety","11","ArrowFunctionExpression","<callback:some>","66","66","false","false"
"fd5866d2580127142e46b58848da2471488f70c0","src/safety/capability-broker.mjs","safety","12","ArrowFunctionExpression","<callback:some>","65","67","false","false"
"fd5866d2580127142e46b58848da2471488f70c0","src/safety/capability-broker.mjs","safety","13","FunctionDeclaration","authorize","46","84","true","false"
"fd5866d2580127142e46b58848da2471488f70c0","src/safety/capability-broker.mjs","safety","14","FunctionDeclaration","createCapabilityBroker","25","87","false","false"
"fd5866d2580127142e46b58848da2471488f70c0","src/safety/channel-policy.mjs","safety","1","ArrowFunctionExpression","<callback:some>","19","19","false","false"
"fd5866d2580127142e46b58848da2471488f70c0","src/safety/channel-policy.mjs","safety","2","ArrowFunctionExpression","<callback:some>","20","21","false","false"
"fd5866d2580127142e46b58848da2471488f70c0","src/safety/channel-policy.mjs","safety","3","FunctionDeclaration","classifyChannelCapability","3","26","false","false"
"fd5866d2580127142e46b58848da2471488f70c0","src/safety/computer-action-authorizer.mjs","safety","1","FunctionDeclaration","canonicalArguments","13","22","false","false"
"fd5866d2580127142e46b58848da2471488f70c0","src/safety/computer-action-authorizer.mjs","safety","2","FunctionDeclaration","deriveResource","24","34","false","false"
"fd5866d2580127142e46b58848da2471488f70c0","src/safety/computer-action-authorizer.mjs","safety","3","FunctionDeclaration","buildRequest","41","64","false","false"
"fd5866d2580127142e46b58848da2471488f70c0","src/safety/computer-action-authorizer.mjs","safety","4","FunctionExpression","assess","68","75","true","false"
"fd5866d2580127142e46b58848da2471488f70c0","src/safety/computer-action-authorizer.mjs","safety","5","FunctionExpression","confirm","79","90","true","false"
"fd5866d2580127142e46b58848da2471488f70c0","src/safety/computer-action-authorizer.mjs","safety","6","FunctionDeclaration","createComputerActionAuthorizer","36","92","false","false"
"fd5866d2580127142e46b58848da2471488f70c0","src/safety/policy.mjs","safety","1","ArrowFunctionExpression","<callback:map>","21","21","false","false"
"fd5866d2580127142e46b58848da2471488f70c0","src/safety/policy.mjs","safety","2","ArrowFunctionExpression","isPrintHotkey","19","23","false","false"
"fd5866d2580127142e46b58848da2471488f70c0","src/safety/policy.mjs","safety","3","FunctionDeclaration","classifyAction","25","50","false","false"
"fd5866d2580127142e46b58848da2471488f70c0","src/safety/policy.mjs","safety","4","FunctionDeclaration","classifyCapabilityBase","52","71","false","false"
"fd5866d2580127142e46b58848da2471488f70c0","src/sandbox/guest-runner.mjs","sandbox","1","ArrowFunctionExpression","python","12","12","false","false"
"fd5866d2580127142e46b58848da2471488f70c0","src/sandbox/guest-runner.mjs","sandbox","2","ArrowFunctionExpression","javascript","13","13","false","false"
"fd5866d2580127142e46b58848da2471488f70c0","src/sandbox/guest-runner.mjs","sandbox","3","ArrowFunctionExpression","powershell","14","14","false","false"
"fd5866d2580127142e46b58848da2471488f70c0","src/sandbox/guest-runner.mjs","sandbox","4","ArrowFunctionExpression","<callback:some>","19","19","false","false"
"fd5866d2580127142e46b58848da2471488f70c0","src/sandbox/guest-runner.mjs","sandbox","5","FunctionDeclaration","within","17","24","false","false"
"fd5866d2580127142e46b58848da2471488f70c0","src/sandbox/guest-runner.mjs","sandbox","6","FunctionDeclaration","hash","26","28","false","false"
"fd5866d2580127142e46b58848da2471488f70c0","src/sandbox/guest-runner.mjs","sandbox","7","FunctionDeclaration","cleanText","30","32","false","false"
"fd5866d2580127142e46b58848da2471488f70c0","src/sandbox/guest-runner.mjs","sandbox","8","ArrowFunctionExpression","<callback:map>","38","38","false","false"
"fd5866d2580127142e46b58848da2471488f70c0","src/sandbox/guest-runner.mjs","sandbox","9","FunctionDeclaration","memoryProbeDefault","34","41","true","false"
"fd5866d2580127142e46b58848da2471488f70c0","src/sandbox/guest-runner.mjs","sandbox","10","FunctionDeclaration","terminateDefault","43","49","false","false"
"fd5866d2580127142e46b58848da2471488f70c0","src/sandbox/guest-runner.mjs","sandbox","11","ArrowFunctionExpression","<anonymous>","55","55","false","false"
"fd5866d2580127142e46b58848da2471488f70c0","src/sandbox/guest-runner.mjs","sandbox","12","ArrowFunctionExpression","<callback:then>","68","68","false","false"
"fd5866d2580127142e46b58848da2471488f70c0","src/sandbox/guest-runner.mjs","sandbox","13","ArrowFunctionExpression","emit","65","69","false","false"
"fd5866d2580127142e46b58848da2471488f70c0","src/sandbox/guest-runner.mjs","sandbox","14","ArrowFunctionExpression","<callback:find>","90","90","false","false"
"fd5866d2580127142e46b58848da2471488f70c0","src/sandbox/guest-runner.mjs","sandbox","15","ArrowFunctionExpression","<callback:some>","95","95","false","false"
"fd5866d2580127142e46b58848da2471488f70c0","src/sandbox/guest-runner.mjs","sandbox","16","ArrowFunctionExpression","<anonymous>","106","116","false","false"
"fd5866d2580127142e46b58848da2471488f70c0","src/sandbox/guest-runner.mjs","sandbox","17","ArrowFunctionExpression","consume","106","116","false","false"
"fd5866d2580127142e46b58848da2471488f70c0","src/sandbox/guest-runner.mjs","sandbox","18","ArrowFunctionExpression","<callback:once>","121","121","false","false"
"fd5866d2580127142e46b58848da2471488f70c0","src/sandbox/guest-runner.mjs","sandbox","19","ArrowFunctionExpression","<anonymous>","119","122","false","false"
"fd5866d2580127142e46b58848da2471488f70c0","src/sandbox/guest-runner.mjs","sandbox","20","ArrowFunctionExpression","<callback:then>","124","130","false","false"
"fd5866d2580127142e46b58848da2471488f70c0","src/sandbox/guest-runner.mjs","sandbox","21","ArrowFunctionExpression","<callback:catch>","130","130","false","false"
"fd5866d2580127142e46b58848da2471488f70c0","src/sandbox/guest-runner.mjs","sandbox","22","ArrowFunctionExpression","<callback:setInterval>","123","131","false","false"
"fd5866d2580127142e46b58848da2471488f70c0","src/sandbox/guest-runner.mjs","sandbox","23","ArrowFunctionExpression","<callback:setTimeout>","135","139","false","false"
"fd5866d2580127142e46b58848da2471488f70c0","src/sandbox/guest-runner.mjs","sandbox","24","ArrowFunctionExpression","<anonymous>","134","141","false","false"
"fd5866d2580127142e46b58848da2471488f70c0","src/sandbox/guest-runner.mjs","sandbox","25","ArrowFunctionExpression","<callback:catch>","152","152","false","false"
"fd5866d2580127142e46b58848da2471488f70c0","src/sandbox/guest-runner.mjs","sandbox","26","FunctionDeclaration","runGuestJob","51","178","true","false"
"fd5866d2580127142e46b58848da2471488f70c0","src/sandbox/job-history.mjs","sandbox","1","FunctionDeclaration","applyJobHistoryMigration","8","29","false","false"
"fd5866d2580127142e46b58848da2471488f70c0","src/sandbox/job-history.mjs","sandbox","2","FunctionDeclaration","digest","31","33","false","false"
"fd5866d2580127142e46b58848da2471488f70c0","src/sandbox/job-history.mjs","sandbox","3","FunctionDeclaration","validRecord","35","40","false","false"
"fd5866d2580127142e46b58848da2471488f70c0","src/sandbox/job-history.mjs","sandbox","4","FunctionDeclaration","create","54","60","true","false"
"fd5866d2580127142e46b58848da2471488f70c0","src/sandbox/job-history.mjs","sandbox","5","FunctionDeclaration","appendEvent","62","80","true","false"
"fd5866d2580127142e46b58848da2471488f70c0","src/sandbox/job-history.mjs","sandbox","6","FunctionDeclaration","complete","82","98","true","false"
"fd5866d2580127142e46b58848da2471488f70c0","src/sandbox/job-history.mjs","sandbox","7","ArrowFunctionExpression","<callback:map>","105","107","false","false"
"fd5866d2580127142e46b58848da2471488f70c0","src/sandbox/job-history.mjs","sandbox","8","FunctionDeclaration","read","100","122","false","false"
"fd5866d2580127142e46b58848da2471488f70c0","src/sandbox/job-history.mjs","sandbox","9","FunctionDeclaration","createJobHistory","42","125","false","false"
"fd5866d2580127142e46b58848da2471488f70c0","src/sandbox/job-schema.mjs","sandbox","1","FunctionDeclaration","exactKeys","15","18","false","false"
"fd5866d2580127142e46b58848da2471488f70c0","src/sandbox/job-schema.mjs","sandbox","2","ArrowFunctionExpression","<callback:some>","23","23","false","false"
"fd5866d2580127142e46b58848da2471488f70c0","src/sandbox/job-schema.mjs","sandbox","3","FunctionDeclaration","safePath","20","27","false","false"
"fd5866d2580127142e46b58848da2471488f70c0","src/sandbox/job-schema.mjs","sandbox","4","ArrowFunctionExpression","<callback:map>","32","39","false","false"
"fd5866d2580127142e46b58848da2471488f70c0","src/sandbox/job-schema.mjs","sandbox","5","FunctionDeclaration","normalizedSources","29","41","false","false"
"fd5866d2580127142e46b58848da2471488f70c0","src/sandbox/job-schema.mjs","sandbox","6","ArrowFunctionExpression","<callback:sort>","46","46","false","false"
"fd5866d2580127142e46b58848da2471488f70c0","src/sandbox/job-schema.mjs","sandbox","7","FunctionDeclaration","createSandboxSourceDigest","43","50","false","false"
"fd5866d2580127142e46b58848da2471488f70c0","src/sandbox/job-schema.mjs","sandbox","8","ArrowFunctionExpression","<callback:some>","65","65","false","false"
"fd5866d2580127142e46b58848da2471488f70c0","src/sandbox/job-schema.mjs","sandbox","9","ArrowFunctionExpression","<callback:some>","68","68","false","false"
"fd5866d2580127142e46b58848da2471488f70c0","src/sandbox/job-schema.mjs","sandbox","10","ArrowFunctionExpression","<callback:map>","72","76","false","false"
"fd5866d2580127142e46b58848da2471488f70c0","src/sandbox/job-schema.mjs","sandbox","11","FunctionDeclaration","parseSandboxJob","52","98","false","false"
"fd5866d2580127142e46b58848da2471488f70c0","src/sandbox/job-workspace.mjs","sandbox","1","ArrowFunctionExpression","<callback:some>","10","10","false","false"
"fd5866d2580127142e46b58848da2471488f70c0","src/sandbox/job-workspace.mjs","sandbox","2","FunctionDeclaration","safePath","8","14","false","false"
"fd5866d2580127142e46b58848da2471488f70c0","src/sandbox/job-workspace.mjs","sandbox","3","FunctionDeclaration","within","16","21","false","false"
"fd5866d2580127142e46b58848da2471488f70c0","src/sandbox/job-workspace.mjs","sandbox","4","ArrowFunctionExpression","now","27","27","false","false"
"fd5866d2580127142e46b58848da2471488f70c0","src/sandbox/job-workspace.mjs","sandbox","5","FunctionDeclaration","prepare","29","65","true","false"
"fd5866d2580127142e46b58848da2471488f70c0","src/sandbox/job-workspace.mjs","sandbox","6","ArrowFunctionExpression","<callback:catch>","70","70","false","false"
"fd5866d2580127142e46b58848da2471488f70c0","src/sandbox/job-workspace.mjs","sandbox","7","FunctionDeclaration","cleanup","67","75","true","false"
"fd5866d2580127142e46b58848da2471488f70c0","src/sandbox/job-workspace.mjs","sandbox","8","FunctionDeclaration","cleanupOrphans","77","92","true","false"
"fd5866d2580127142e46b58848da2471488f70c0","src/sandbox/job-workspace.mjs","sandbox","9","FunctionDeclaration","createJobWorkspaceManager","23","95","false","false"
"fd5866d2580127142e46b58848da2471488f70c0","src/sandbox/runtime-manifest.mjs","sandbox","1","ArrowFunctionExpression","<callback:some>","11","11","false","false"
"fd5866d2580127142e46b58848da2471488f70c0","src/sandbox/runtime-manifest.mjs","sandbox","2","FunctionDeclaration","safeRuntimePath","9","14","false","false"
"fd5866d2580127142e46b58848da2471488f70c0","src/sandbox/runtime-manifest.mjs","sandbox","3","ArrowFunctionExpression","<callback:map>","32","32","false","false"
"fd5866d2580127142e46b58848da2471488f70c0","src/sandbox/runtime-manifest.mjs","sandbox","4","ArrowFunctionExpression","<callback:some>","34","34","false","false"
"fd5866d2580127142e46b58848da2471488f70c0","src/sandbox/runtime-manifest.mjs","sandbox","5","ArrowFunctionExpression","<callback:find>","39","39","false","false"
"fd5866d2580127142e46b58848da2471488f70c0","src/sandbox/runtime-manifest.mjs","sandbox","6","ArrowFunctionExpression","<callback:map>","60","60","false","false"
"fd5866d2580127142e46b58848da2471488f70c0","src/sandbox/runtime-manifest.mjs","sandbox","7","FunctionDeclaration","verify","20","62","true","false"
"fd5866d2580127142e46b58848da2471488f70c0","src/sandbox/runtime-manifest.mjs","sandbox","8","FunctionDeclaration","resolveRuntime","64","68","false","false"
"fd5866d2580127142e46b58848da2471488f70c0","src/sandbox/runtime-manifest.mjs","sandbox","9","FunctionDeclaration","createRuntimeManifest","16","71","false","false"
"fd5866d2580127142e46b58848da2471488f70c0","src/sandbox/runtime-provisioning.mjs","sandbox","1","FunctionDeclaration","decodeChecksumBytes","15","21","false","false"
"fd5866d2580127142e46b58848da2471488f70c0","src/sandbox/runtime-provisioning.mjs","sandbox","2","FunctionDeclaration","parseChecksumsFile","27","38","false","false"
"fd5866d2580127142e46b58848da2471488f70c0","src/sandbox/runtime-provisioning.mjs","sandbox","3","FunctionDeclaration","expectedChecksumFor","41","50","false","false"
"fd5866d2580127142e46b58848da2471488f70c0","src/sandbox/runtime-provisioning.mjs","sandbox","4","ArrowFunctionExpression","<callback:filter>","61","61","false","false"
"fd5866d2580127142e46b58848da2471488f70c0","src/sandbox/runtime-provisioning.mjs","sandbox","5","ArrowFunctionExpression","<callback:map>","62","62","false","false"
"fd5866d2580127142e46b58848da2471488f70c0","src/sandbox/runtime-provisioning.mjs","sandbox","6","FunctionDeclaration","selectLatestNodeLts","57","67","false","false"
"fd5866d2580127142e46b58848da2471488f70c0","src/sandbox/runtime-provisioning.mjs","sandbox","7","FunctionDeclaration","compareSemverDesc","70","77","false","false"
"fd5866d2580127142e46b58848da2471488f70c0","src/sandbox/runtime-provisioning.mjs","sandbox","8","ArrowFunctionExpression","<callback:some>","98","98","false","false"
"fd5866d2580127142e46b58848da2471488f70c0","src/sandbox/runtime-provisioning.mjs","sandbox","9","ArrowFunctionExpression","<callback:map>","103","103","false","false"
"fd5866d2580127142e46b58848da2471488f70c0","src/sandbox/runtime-provisioning.mjs","sandbox","10","FunctionDeclaration","buildRuntimeManifest","85","105","false","false"
"fd5866d2580127142e46b58848da2471488f70c0","src/sandbox/sandbox-runner.mjs","sandbox","1","FunctionDeclaration","within","8","13","false","false"
"fd5866d2580127142e46b58848da2471488f70c0","src/sandbox/sandbox-runner.mjs","sandbox","2","ArrowFunctionExpression","<anonymous>","20","20","true","false"
"fd5866d2580127142e46b58848da2471488f70c0","src/sandbox/sandbox-runner.mjs","sandbox","3","ArrowFunctionExpression","<callback:map>","38","46","false","false"
"fd5866d2580127142e46b58848da2471488f70c0","src/sandbox/sandbox-runner.mjs","sandbox","4","FunctionDeclaration","execute","27","53","true","false"
"fd5866d2580127142e46b58848da2471488f70c0","src/sandbox/sandbox-runner.mjs","sandbox","5","FunctionDeclaration","importArtifact","55","74","true","false"
"fd5866d2580127142e46b58848da2471488f70c0","src/sandbox/sandbox-runner.mjs","sandbox","6","FunctionDeclaration","createSandboxRunner","15","77","false","false"
"fd5866d2580127142e46b58848da2471488f70c0","src/sandbox/sandbox-ui-manager.mjs","sandbox","1","FunctionDeclaration","publicProposal","17","24","false","false"
"fd5866d2580127142e46b58848da2471488f70c0","src/sandbox/sandbox-ui-manager.mjs","sandbox","2","FunctionDeclaration","status","35","42","true","false"
"fd5866d2580127142e46b58848da2471488f70c0","src/sandbox/sandbox-ui-manager.mjs","sandbox","3","ArrowFunctionExpression","<callback:some>","48","48","false","false"
"fd5866d2580127142e46b58848da2471488f70c0","src/sandbox/sandbox-ui-manager.mjs","sandbox","4","FunctionDeclaration","registerProposal","44","54","false","false"
"fd5866d2580127142e46b58848da2471488f70c0","src/sandbox/sandbox-ui-manager.mjs","sandbox","5","ArrowFunctionExpression","<callback:map>","59","59","false","false"
"fd5866d2580127142e46b58848da2471488f70c0","src/sandbox/sandbox-ui-manager.mjs","sandbox","6","ArrowFunctionExpression","<callback:map>","60","60","false","false"
"fd5866d2580127142e46b58848da2471488f70c0","src/sandbox/sandbox-ui-manager.mjs","sandbox","7","FunctionDeclaration","list","56","62","false","false"
"fd5866d2580127142e46b58848da2471488f70c0","src/sandbox/sandbox-ui-manager.mjs","sandbox","8","FunctionDeclaration","executeProposal","64","84","true","false"
"fd5866d2580127142e46b58848da2471488f70c0","src/sandbox/sandbox-ui-manager.mjs","sandbox","9","FunctionDeclaration","cancel","86","92","true","false"
"fd5866d2580127142e46b58848da2471488f70c0","src/sandbox/sandbox-ui-manager.mjs","sandbox","10","ArrowFunctionExpression","<callback:map>","95","95","false","false"
"fd5866d2580127142e46b58848da2471488f70c0","src/sandbox/sandbox-ui-manager.mjs","sandbox","11","FunctionDeclaration","cancelAll","94","96","true","false"
"fd5866d2580127142e46b58848da2471488f70c0","src/sandbox/sandbox-ui-manager.mjs","sandbox","12","FunctionDeclaration","importArtifact","98","103","true","false"
"fd5866d2580127142e46b58848da2471488f70c0","src/sandbox/sandbox-ui-manager.mjs","sandbox","13","FunctionDeclaration","createSandboxUiManager","26","106","false","false"
"fd5866d2580127142e46b58848da2471488f70c0","src/sandbox/stream-parser.mjs","sandbox","1","FunctionDeclaration","cleanText","5","8","false","false"
"fd5866d2580127142e46b58848da2471488f70c0","src/sandbox/stream-parser.mjs","sandbox","2","FunctionDeclaration","validate","10","22","false","false"
"fd5866d2580127142e46b58848da2471488f70c0","src/sandbox/stream-parser.mjs","sandbox","3","ArrowFunctionExpression","<anonymous>","24","24","false","false"
"fd5866d2580127142e46b58848da2471488f70c0","src/sandbox/stream-parser.mjs","sandbox","4","FunctionDeclaration","parseLine","31","49","false","false"
"fd5866d2580127142e46b58848da2471488f70c0","src/sandbox/stream-parser.mjs","sandbox","5","FunctionDeclaration","push","51","63","false","false"
"fd5866d2580127142e46b58848da2471488f70c0","src/sandbox/stream-parser.mjs","sandbox","6","FunctionDeclaration","end","65","71","false","false"
"fd5866d2580127142e46b58848da2471488f70c0","src/sandbox/stream-parser.mjs","sandbox","7","FunctionDeclaration","createSandboxStreamParser","24","74","false","false"
"fd5866d2580127142e46b58848da2471488f70c0","src/sandbox/windows-sandbox-launcher.mjs","sandbox","1","ArrowFunctionExpression","startDefault","11","18","true","false"
"fd5866d2580127142e46b58848da2471488f70c0","src/sandbox/windows-sandbox-launcher.mjs","sandbox","2","ArrowFunctionExpression","stopDefault","20","27","true","false"
"fd5866d2580127142e46b58848da2471488f70c0","src/sandbox/windows-sandbox-launcher.mjs","sandbox","3","ArrowFunctionExpression","execDefault","29","39","true","false"
"fd5866d2580127142e46b58848da2471488f70c0","src/sandbox/windows-sandbox-launcher.mjs","sandbox","4","ArrowFunctionExpression","<anonymous>","46","46","false","false"
"fd5866d2580127142e46b58848da2471488f70c0","src/sandbox/windows-sandbox-launcher.mjs","sandbox","5","ArrowFunctionExpression","<anonymous>","46","46","false","false"
"fd5866d2580127142e46b58848da2471488f70c0","src/sandbox/windows-sandbox-launcher.mjs","sandbox","6","ArrowFunctionExpression","<callback:catch>","88","88","false","false"
"fd5866d2580127142e46b58848da2471488f70c0","src/sandbox/windows-sandbox-launcher.mjs","sandbox","7","FunctionDeclaration","launch","52","96","true","false"
"fd5866d2580127142e46b58848da2471488f70c0","src/sandbox/windows-sandbox-launcher.mjs","sandbox","8","FunctionDeclaration","cancel","98","104","true","false"
"fd5866d2580127142e46b58848da2471488f70c0","src/sandbox/windows-sandbox-launcher.mjs","sandbox","9","FunctionDeclaration","createWindowsSandboxLauncher","41","107","false","false"
"fd5866d2580127142e46b58848da2471488f70c0","src/sandbox/windows-sandbox.mjs","sandbox","1","FunctionDeclaration","powershell","9","16","true","false"
"fd5866d2580127142e46b58848da2471488f70c0","src/sandbox/windows-sandbox.mjs","sandbox","2","ArrowFunctionExpression","feature","20","20","true","false"
"fd5866d2580127142e46b58848da2471488f70c0","src/sandbox/windows-sandbox.mjs","sandbox","3","ArrowFunctionExpression","<callback:then>","21","21","false","false"
"fd5866d2580127142e46b58848da2471488f70c0","src/sandbox/windows-sandbox.mjs","sandbox","4","ArrowFunctionExpression","<callback:then>","21","21","false","false"
"fd5866d2580127142e46b58848da2471488f70c0","src/sandbox/windows-sandbox.mjs","sandbox","5","ArrowFunctionExpression","executable","21","21","true","false"
"fd5866d2580127142e46b58848da2471488f70c0","src/sandbox/windows-sandbox.mjs","sandbox","6","ArrowFunctionExpression","virtualization","22","22","true","false"
"fd5866d2580127142e46b58848da2471488f70c0","src/sandbox/windows-sandbox.mjs","sandbox","7","ArrowFunctionExpression","ntfs","23","32","true","false"
"fd5866d2580127142e46b58848da2471488f70c0","src/sandbox/windows-sandbox.mjs","sandbox","8","ArrowFunctionExpression","<callback:then>","33","33","false","false"
"fd5866d2580127142e46b58848da2471488f70c0","src/sandbox/windows-sandbox.mjs","sandbox","9","ArrowFunctionExpression","<callback:then>","33","33","false","false"
"fd5866d2580127142e46b58848da2471488f70c0","src/sandbox/windows-sandbox.mjs","sandbox","10","ArrowFunctionExpression","runtimes","33","33","true","false"
"fd5866d2580127142e46b58848da2471488f70c0","src/sandbox/windows-sandbox.mjs","sandbox","11","FunctionDeclaration","createDefaultWindowsSandboxProbes","18","35","false","false"
"fd5866d2580127142e46b58848da2471488f70c0","src/sandbox/windows-sandbox.mjs","sandbox","12","ArrowFunctionExpression","<callback:setTimeout>","41","44","false","false"
"fd5866d2580127142e46b58848da2471488f70c0","src/sandbox/windows-sandbox.mjs","sandbox","13","ArrowFunctionExpression","<callback:once>","46","49","false","false"
"fd5866d2580127142e46b58848da2471488f70c0","src/sandbox/windows-sandbox.mjs","sandbox","14","ArrowFunctionExpression","<callback:once>","50","54","false","false"
"fd5866d2580127142e46b58848da2471488f70c0","src/sandbox/windows-sandbox.mjs","sandbox","15","ArrowFunctionExpression","<anonymous>","38","55","false","false"
"fd5866d2580127142e46b58848da2471488f70c0","src/sandbox/windows-sandbox.mjs","sandbox","16","FunctionDeclaration","defaultLauncher","37","56","true","false"
"fd5866d2580127142e46b58848da2471488f70c0","src/sandbox/windows-sandbox.mjs","sandbox","17","FunctionDeclaration","detect","73","89","true","false"
"fd5866d2580127142e46b58848da2471488f70c0","src/sandbox/windows-sandbox.mjs","sandbox","18","FunctionDeclaration","execute","91","110","true","false"
"fd5866d2580127142e46b58848da2471488f70c0","src/sandbox/windows-sandbox.mjs","sandbox","19","FunctionDeclaration","createWindowsSandboxBackend","58","113","false","false"
"fd5866d2580127142e46b58848da2471488f70c0","src/sandbox/wsb-builder.mjs","sandbox","1","FunctionDeclaration","canonical","3","6","false","false"
"fd5866d2580127142e46b58848da2471488f70c0","src/sandbox/wsb-builder.mjs","sandbox","2","FunctionDeclaration","isWithin","8","10","false","false"
"fd5866d2580127142e46b58848da2471488f70c0","src/sandbox/wsb-builder.mjs","sandbox","3","FunctionDeclaration","escapeXml","12","15","false","false"
"fd5866d2580127142e46b58848da2471488f70c0","src/sandbox/wsb-builder.mjs","sandbox","4","FunctionDeclaration","mappedFolder","17","23","false","false"
"fd5866d2580127142e46b58848da2471488f70c0","src/sandbox/wsb-builder.mjs","sandbox","5","ArrowFunctionExpression","<callback:map>","30","30","false","false"
"fd5866d2580127142e46b58848da2471488f70c0","src/sandbox/wsb-builder.mjs","sandbox","6","ArrowFunctionExpression","<callback:some>","33","33","false","false"
"fd5866d2580127142e46b58848da2471488f70c0","src/sandbox/wsb-builder.mjs","sandbox","7","ArrowFunctionExpression","<callback:map>","52","52","false","false"
"fd5866d2580127142e46b58848da2471488f70c0","src/sandbox/wsb-builder.mjs","sandbox","8","FunctionDeclaration","buildWsbConfig","25","59","false","false"
"fd5866d2580127142e46b58848da2471488f70c0","src/security/credential-document.mjs","security","1","FunctionDeclaration","contentReason","21","28","false","false"
"fd5866d2580127142e46b58848da2471488f70c0","src/security/credential-document.mjs","security","2","ArrowFunctionExpression","<callback:some>","32","32","false","false"
"fd5866d2580127142e46b58848da2471488f70c0","src/security/credential-document.mjs","security","3","FunctionDeclaration","pathReason","30","38","false","false"
"fd5866d2580127142e46b58848da2471488f70c0","src/security/credential-document.mjs","security","4","FunctionDeclaration","classifyCredentialDocument","40","51","false","false"
"fd5866d2580127142e46b58848da2471488f70c0","src/security/local-path-permissions.mjs","security","1","ArrowFunctionExpression","<anonymous>","17","17","true","false"
"fd5866d2580127142e46b58848da2471488f70c0","src/security/local-path-permissions.mjs","security","2","ArrowFunctionExpression","<callback:some>","22","22","false","false"
"fd5866d2580127142e46b58848da2471488f70c0","src/security/local-path-permissions.mjs","security","3","FunctionDeclaration","assertTarget","20","26","false","false"
"fd5866d2580127142e46b58848da2471488f70c0","src/security/local-path-permissions.mjs","security","4","FunctionExpression","harden","30","39","true","false"
"fd5866d2580127142e46b58848da2471488f70c0","src/security/local-path-permissions.mjs","security","5","ArrowFunctionExpression","<callback:map>","48","48","false","false"
"fd5866d2580127142e46b58848da2471488f70c0","src/security/local-path-permissions.mjs","security","6","ArrowFunctionExpression","<callback:filter>","49","49","false","false"
"fd5866d2580127142e46b58848da2471488f70c0","src/security/local-path-permissions.mjs","security","7","FunctionExpression","inspect","43","54","true","false"
"fd5866d2580127142e46b58848da2471488f70c0","src/security/local-path-permissions.mjs","security","8","FunctionDeclaration","createLocalPathPermissions","16","56","false","false"
"fd5866d2580127142e46b58848da2471488f70c0","src/security/model-disclosure.mjs","security","1","ArrowFunctionExpression","now","7","7","false","false"
"fd5866d2580127142e46b58848da2471488f70c0","src/security/model-disclosure.mjs","security","2","ArrowFunctionExpression","<callback:map>","20","20","false","false"
"fd5866d2580127142e46b58848da2471488f70c0","src/security/model-disclosure.mjs","security","3","FunctionExpression","prepareDisclosure","14","30","false","false"
"fd5866d2580127142e46b58848da2471488f70c0","src/security/model-disclosure.mjs","security","4","FunctionExpression","confirm","34","40","false","false"
"fd5866d2580127142e46b58848da2471488f70c0","src/security/model-disclosure.mjs","security","5","FunctionDeclaration","createModelDisclosure","4","42","false","false"
"fd5866d2580127142e46b58848da2471488f70c0","src/security/provider-secret-store.mjs","security","1","FunctionDeclaration","provider","12","16","false","false"
"fd5866d2580127142e46b58848da2471488f70c0","src/security/provider-secret-store.mjs","security","2","FunctionExpression","set","23","27","true","false"
"fd5866d2580127142e46b58848da2471488f70c0","src/security/provider-secret-store.mjs","security","3","FunctionExpression","has","28","30","false","false"
"fd5866d2580127142e46b58848da2471488f70c0","src/security/provider-secret-store.mjs","security","4","FunctionExpression","getForProvider","31","36","true","false"
"fd5866d2580127142e46b58848da2471488f70c0","src/security/provider-secret-store.mjs","security","5","FunctionExpression","revoke","37","40","true","false"
"fd5866d2580127142e46b58848da2471488f70c0","src/security/provider-secret-store.mjs","security","6","ArrowFunctionExpression","<callback:map>","42","45","true","false"
"fd5866d2580127142e46b58848da2471488f70c0","src/security/provider-secret-store.mjs","security","7","FunctionExpression","listStatus","41","46","true","false"
"fd5866d2580127142e46b58848da2471488f70c0","src/security/provider-secret-store.mjs","security","8","FunctionDeclaration","createProviderSecretStore","18","48","false","false"
"fd5866d2580127142e46b58848da2471488f70c0","src/security/redactor.mjs","security","1","FunctionDeclaration","maskFor","11","13","false","false"
"fd5866d2580127142e46b58848da2471488f70c0","src/security/redactor.mjs","security","2","ArrowFunctionExpression","now","17","17","false","false"
"fd5866d2580127142e46b58848da2471488f70c0","src/security/redactor.mjs","security","3","ArrowFunctionExpression","<callback:map>","24","32","false","false"
"fd5866d2580127142e46b58848da2471488f70c0","src/security/redactor.mjs","security","4","FunctionExpression","plan","21","34","false","false"
"fd5866d2580127142e46b58848da2471488f70c0","src/security/redactor.mjs","security","5","ArrowFunctionExpression","<callback:sort>","40","40","false","false"
"fd5866d2580127142e46b58848da2471488f70c0","src/security/redactor.mjs","security","6","FunctionExpression","applyPlan","37","56","false","false"
"fd5866d2580127142e46b58848da2471488f70c0","src/security/redactor.mjs","security","7","FunctionDeclaration","createRedactor","15","58","false","false"
"fd5866d2580127142e46b58848da2471488f70c0","src/security/secret-classifier.mjs","security","1","FunctionDeclaration","detectOtp","9","22","false","false"
"fd5866d2580127142e46b58848da2471488f70c0","src/security/secret-classifier.mjs","security","2","ArrowFunctionExpression","<callback:map>","29","29","false","false"
"fd5866d2580127142e46b58848da2471488f70c0","src/security/secret-classifier.mjs","security","3","FunctionDeclaration","ibanChecksumValid","27","35","false","false"
"fd5866d2580127142e46b58848da2471488f70c0","src/security/secret-classifier.mjs","security","4","FunctionDeclaration","detectIban","37","46","false","false"
"fd5866d2580127142e46b58848da2471488f70c0","src/security/secret-classifier.mjs","security","5","FunctionDeclaration","luhnValid","49","60","false","false"
"fd5866d2580127142e46b58848da2471488f70c0","src/security/secret-classifier.mjs","security","6","FunctionDeclaration","detectCard","62","71","false","false"
"fd5866d2580127142e46b58848da2471488f70c0","src/security/secret-classifier.mjs","security","7","ArrowFunctionExpression","<callback:sort>","76","76","false","false"
"fd5866d2580127142e46b58848da2471488f70c0","src/security/secret-classifier.mjs","security","8","ArrowFunctionExpression","<callback:some>","79","79","false","false"
"fd5866d2580127142e46b58848da2471488f70c0","src/security/secret-classifier.mjs","security","9","FunctionDeclaration","dedupeOverlaps","75","82","false","false"
"fd5866d2580127142e46b58848da2471488f70c0","src/security/secret-classifier.mjs","security","10","FunctionDeclaration","classifySecrets","84","97","false","false"
"fd5866d2580127142e46b58848da2471488f70c0","src/sessions/session-manager.mjs","sessions","1","FunctionDeclaration","snapshot","7","9","false","false"
"fd5866d2580127142e46b58848da2471488f70c0","src/sessions/session-manager.mjs","sessions","2","ArrowFunctionExpression","<anonymous>","14","14","false","false"
"fd5866d2580127142e46b58848da2471488f70c0","src/sessions/session-manager.mjs","sessions","3","ArrowFunctionExpression","now","23","23","false","false"
"fd5866d2580127142e46b58848da2471488f70c0","src/sessions/session-manager.mjs","sessions","4","ArrowFunctionExpression","nextId","24","24","false","false"
"fd5866d2580127142e46b58848da2471488f70c0","src/sessions/session-manager.mjs","sessions","5","FunctionDeclaration","publish","29","48","true","false"
"fd5866d2580127142e46b58848da2471488f70c0","src/sessions/session-manager.mjs","sessions","6","FunctionDeclaration","requireRuntime","50","53","false","false"
"fd5866d2580127142e46b58848da2471488f70c0","src/sessions/session-manager.mjs","sessions","7","ArrowFunctionExpression","<callback:filter>","56","56","false","false"
"fd5866d2580127142e46b58848da2471488f70c0","src/sessions/session-manager.mjs","sessions","8","FunctionDeclaration","requireWork","55","61","false","false"
"fd5866d2580127142e46b58848da2471488f70c0","src/sessions/session-manager.mjs","sessions","9","FunctionDeclaration","startRuntime","63","81","true","false"
"fd5866d2580127142e46b58848da2471488f70c0","src/sessions/session-manager.mjs","sessions","10","FunctionDeclaration","ready","83","92","true","false"
"fd5866d2580127142e46b58848da2471488f70c0","src/sessions/session-manager.mjs","sessions","11","FunctionDeclaration","startWork","94","137","true","false"
"fd5866d2580127142e46b58848da2471488f70c0","src/sessions/session-manager.mjs","sessions","12","FunctionDeclaration","expireTelegramIfNeeded","139","143","true","false"
"fd5866d2580127142e46b58848da2471488f70c0","src/sessions/session-manager.mjs","sessions","13","FunctionDeclaration","beforeTurn","145","157","true","false"
"fd5866d2580127142e46b58848da2471488f70c0","src/sessions/session-manager.mjs","sessions","14","FunctionDeclaration","afterTurn","159","176","true","false"
"fd5866d2580127142e46b58848da2471488f70c0","src/sessions/session-manager.mjs","sessions","15","FunctionDeclaration","beforeTool","178","188","true","false"
"fd5866d2580127142e46b58848da2471488f70c0","src/sessions/session-manager.mjs","sessions","16","FunctionDeclaration","afterTool","190","200","true","false"
"fd5866d2580127142e46b58848da2471488f70c0","src/sessions/session-manager.mjs","sessions","17","FunctionDeclaration","checkpoint","202","213","true","false"
"fd5866d2580127142e46b58848da2471488f70c0","src/sessions/session-manager.mjs","sessions","18","FunctionDeclaration","endWork","215","229","true","false"
"fd5866d2580127142e46b58848da2471488f70c0","src/sessions/session-manager.mjs","sessions","19","FunctionDeclaration","endRuntime","231","247","true","false"
"fd5866d2580127142e46b58848da2471488f70c0","src/sessions/session-manager.mjs","sessions","20","FunctionDeclaration","recover","249","285","true","false"
"fd5866d2580127142e46b58848da2471488f70c0","src/sessions/session-manager.mjs","sessions","21","FunctionDeclaration","createSessionManager","11","300","false","false"
"fd5866d2580127142e46b58848da2471488f70c0","src/sessions/session-store.mjs","sessions","1","ArrowFunctionExpression","<callback:map>","4","4","false","false"
"fd5866d2580127142e46b58848da2471488f70c0","src/sessions/session-store.mjs","sessions","2","FunctionExpression","append","7","11","false","false"
"fd5866d2580127142e46b58848da2471488f70c0","src/sessions/session-store.mjs","sessions","3","FunctionExpression","list","12","14","false","false"
"fd5866d2580127142e46b58848da2471488f70c0","src/sessions/session-store.mjs","sessions","4","FunctionDeclaration","createSessionStore","3","16","false","false"
"fd5866d2580127142e46b58848da2471488f70c0","src/skills/composite-runtime.mjs","skills","1","ArrowFunctionExpression","<callback:sort>","28","28","false","false"
"fd5866d2580127142e46b58848da2471488f70c0","src/skills/composite-runtime.mjs","skills","2","FunctionDeclaration","refresh","14","31","true","false"
"fd5866d2580127142e46b58848da2471488f70c0","src/skills/composite-runtime.mjs","skills","3","ArrowFunctionExpression","list","34","34","false","false"
"fd5866d2580127142e46b58848da2471488f70c0","src/skills/composite-runtime.mjs","skills","4","ArrowFunctionExpression","<callback:find>","35","35","false","false"
"fd5866d2580127142e46b58848da2471488f70c0","src/skills/composite-runtime.mjs","skills","5","ArrowFunctionExpression","get","35","35","false","false"
"fd5866d2580127142e46b58848da2471488f70c0","src/skills/composite-runtime.mjs","skills","6","ArrowFunctionExpression","load","38","42","false","false"
"fd5866d2580127142e46b58848da2471488f70c0","src/skills/composite-runtime.mjs","skills","7","FunctionDeclaration","createCompositeSkillRuntime","1","46","false","false"
"fd5866d2580127142e46b58848da2471488f70c0","src/skills/skill-auditor.mjs","skills","1","FunctionDeclaration","extension","9","12","false","false"
"fd5866d2580127142e46b58848da2471488f70c0","src/skills/skill-auditor.mjs","skills","2","ArrowFunctionExpression","<callback:filter>","20","20","false","false"
"fd5866d2580127142e46b58848da2471488f70c0","src/skills/skill-auditor.mjs","skills","3","ArrowFunctionExpression","<callback:map>","20","20","false","false"
"fd5866d2580127142e46b58848da2471488f70c0","src/skills/skill-auditor.mjs","skills","4","ArrowFunctionExpression","<callback:filter>","21","21","false","false"
"fd5866d2580127142e46b58848da2471488f70c0","src/skills/skill-auditor.mjs","skills","5","ArrowFunctionExpression","<callback:filter>","22","22","false","false"
"fd5866d2580127142e46b58848da2471488f70c0","src/skills/skill-auditor.mjs","skills","6","ArrowFunctionExpression","<callback:map>","22","22","false","false"
"fd5866d2580127142e46b58848da2471488f70c0","src/skills/skill-auditor.mjs","skills","7","ArrowFunctionExpression","<callback:filter>","24","24","false","false"
"fd5866d2580127142e46b58848da2471488f70c0","src/skills/skill-auditor.mjs","skills","8","ArrowFunctionExpression","<callback:map>","25","25","false","false"
"fd5866d2580127142e46b58848da2471488f70c0","src/skills/skill-auditor.mjs","skills","9","ArrowFunctionExpression","<callback:filter>","27","27","false","false"
"fd5866d2580127142e46b58848da2471488f70c0","src/skills/skill-auditor.mjs","skills","10","ArrowFunctionExpression","<callback:reduce>","59","59","false","false"
"fd5866d2580127142e46b58848da2471488f70c0","src/skills/skill-auditor.mjs","skills","11","FunctionDeclaration","auditSkillPackage","14","61","true","false"
"fd5866d2580127142e46b58848da2471488f70c0","src/skills/skill-installer.mjs","skills","1","ArrowFunctionExpression","<callback:some>","19","19","false","false"
"fd5866d2580127142e46b58848da2471488f70c0","src/skills/skill-installer.mjs","skills","2","FunctionDeclaration","safeRelative","17","23","false","false"
"fd5866d2580127142e46b58848da2471488f70c0","src/skills/skill-installer.mjs","skills","3","FunctionDeclaration","ensureWithin","25","30","false","false"
"fd5866d2580127142e46b58848da2471488f70c0","src/skills/skill-installer.mjs","skills","4","ArrowFunctionExpression","<callback:reduce>","47","47","false","false"
"fd5866d2580127142e46b58848da2471488f70c0","src/skills/skill-installer.mjs","skills","5","FunctionDeclaration","listFolder","32","50","true","false"
"fd5866d2580127142e46b58848da2471488f70c0","src/skills/skill-installer.mjs","skills","6","FunctionDeclaration","copyFolder","52","63","true","false"
"fd5866d2580127142e46b58848da2471488f70c0","src/skills/skill-installer.mjs","skills","7","FunctionDeclaration","zipEntryPath","65","69","false","false"
"fd5866d2580127142e46b58848da2471488f70c0","src/skills/skill-installer.mjs","skills","8","FunctionDeclaration","isZipSymlink","71","74","false","false"
"fd5866d2580127142e46b58848da2471488f70c0","src/skills/skill-installer.mjs","skills","9","ArrowFunctionExpression","<callback:reduce>","99","99","false","false"
"fd5866d2580127142e46b58848da2471488f70c0","src/skills/skill-installer.mjs","skills","10","ArrowFunctionExpression","<callback:some>","102","102","false","false"
"fd5866d2580127142e46b58848da2471488f70c0","src/skills/skill-installer.mjs","skills","11","ArrowFunctionExpression","<callback:some>","104","104","false","false"
"fd5866d2580127142e46b58848da2471488f70c0","src/skills/skill-installer.mjs","skills","12","ArrowFunctionExpression","<callback:some>","105","105","false","false"
"fd5866d2580127142e46b58848da2471488f70c0","src/skills/skill-installer.mjs","skills","13","FunctionDeclaration","extractZip","76","119","true","false"
"fd5866d2580127142e46b58848da2471488f70c0","src/skills/skill-installer.mjs","skills","14","ArrowFunctionExpression","nextId","133","133","false","false"
"fd5866d2580127142e46b58848da2471488f70c0","src/skills/skill-installer.mjs","skills","15","FunctionDeclaration","stage","135","155","true","false"
"fd5866d2580127142e46b58848da2471488f70c0","src/skills/skill-installer.mjs","skills","16","FunctionDeclaration","confirmed","157","163","true","false"
"fd5866d2580127142e46b58848da2471488f70c0","src/skills/skill-installer.mjs","skills","17","ArrowFunctionExpression","<callback:catch>","181","181","false","false"
"fd5866d2580127142e46b58848da2471488f70c0","src/skills/skill-installer.mjs","skills","18","ArrowFunctionExpression","<callback:catch>","197","197","false","false"
"fd5866d2580127142e46b58848da2471488f70c0","src/skills/skill-installer.mjs","skills","19","ArrowFunctionExpression","<callback:catch>","198","198","false","false"
"fd5866d2580127142e46b58848da2471488f70c0","src/skills/skill-installer.mjs","skills","20","ArrowFunctionExpression","<callback:catch>","199","199","false","false"
"fd5866d2580127142e46b58848da2471488f70c0","src/skills/skill-installer.mjs","skills","21","FunctionDeclaration","install","165","202","true","false"
"fd5866d2580127142e46b58848da2471488f70c0","src/skills/skill-installer.mjs","skills","22","ArrowFunctionExpression","<callback:catch>","220","220","false","false"
"fd5866d2580127142e46b58848da2471488f70c0","src/skills/skill-installer.mjs","skills","23","ArrowFunctionExpression","<callback:catch>","221","221","false","false"
"fd5866d2580127142e46b58848da2471488f70c0","src/skills/skill-installer.mjs","skills","24","FunctionDeclaration","rollback","204","224","true","false"
"fd5866d2580127142e46b58848da2471488f70c0","src/skills/skill-installer.mjs","skills","25","FunctionDeclaration","createSkillInstaller","121","227","false","false"
"fd5866d2580127142e46b58848da2471488f70c0","src/skills/skill-loader.mjs","skills","1","FunctionDeclaration","safeSlug","11","14","false","false"
"fd5866d2580127142e46b58848da2471488f70c0","src/skills/skill-loader.mjs","skills","2","FunctionDeclaration","safeSkillDirectory","16","26","true","false"
"fd5866d2580127142e46b58848da2471488f70c0","src/skills/skill-loader.mjs","skills","3","ArrowFunctionExpression","<callback:reduce>","41","41","false","false"
"fd5866d2580127142e46b58848da2471488f70c0","src/skills/skill-loader.mjs","skills","4","FunctionDeclaration","walk","28","47","true","false"
"fd5866d2580127142e46b58848da2471488f70c0","src/skills/skill-loader.mjs","skills","5","FunctionDeclaration","normalizedManifestBytes","49","55","false","false"
"fd5866d2580127142e46b58848da2471488f70c0","src/skills/skill-loader.mjs","skills","6","ArrowFunctionExpression","<callback:sort>","61","61","false","false"
"fd5866d2580127142e46b58848da2471488f70c0","src/skills/skill-loader.mjs","skills","7","ArrowFunctionExpression","<callback:some>","62","62","false","false"
"fd5866d2580127142e46b58848da2471488f70c0","src/skills/skill-loader.mjs","skills","8","ArrowFunctionExpression","<callback:map>","70","70","false","false"
"fd5866d2580127142e46b58848da2471488f70c0","src/skills/skill-loader.mjs","skills","9","FunctionDeclaration","computeSkillManifest","57","72","true","false"
"fd5866d2580127142e46b58848da2471488f70c0","src/skills/skill-loader.mjs","skills","10","FunctionDeclaration","readSkillMetadata","74","88","true","false"
"fd5866d2580127142e46b58848da2471488f70c0","src/skills/skill-loader.mjs","skills","11","ArrowFunctionExpression","<callback:find>","100","100","false","false"
"fd5866d2580127142e46b58848da2471488f70c0","src/skills/skill-loader.mjs","skills","12","ArrowFunctionExpression","<callback:find>","110","110","false","false"
"fd5866d2580127142e46b58848da2471488f70c0","src/skills/skill-loader.mjs","skills","13","ArrowFunctionExpression","<callback:map>","109","113","false","false"
"fd5866d2580127142e46b58848da2471488f70c0","src/skills/skill-loader.mjs","skills","14","FunctionDeclaration","load","92","122","true","false"
"fd5866d2580127142e46b58848da2471488f70c0","src/skills/skill-loader.mjs","skills","15","FunctionDeclaration","createSkillLoader","90","124","false","false"
"fd5866d2580127142e46b58848da2471488f70c0","src/skills/skill-registry.mjs","skills","1","ArrowFunctionExpression","<callback:sort>","14","14","false","false"
"fd5866d2580127142e46b58848da2471488f70c0","src/skills/skill-registry.mjs","skills","2","FunctionDeclaration","scan","10","50","true","false"
"fd5866d2580127142e46b58848da2471488f70c0","src/skills/skill-registry.mjs","skills","3","FunctionDeclaration","get","52","54","false","false"
"fd5866d2580127142e46b58848da2471488f70c0","src/skills/skill-registry.mjs","skills","4","ArrowFunctionExpression","list","56","56","false","false"
"fd5866d2580127142e46b58848da2471488f70c0","src/skills/skill-registry.mjs","skills","5","FunctionDeclaration","createSkillRegistry","6","57","false","false"
"fd5866d2580127142e46b58848da2471488f70c0","src/skills/skill-router.mjs","skills","1","FunctionDeclaration","normalized","3","10","false","false"
"fd5866d2580127142e46b58848da2471488f70c0","src/skills/skill-router.mjs","skills","2","FunctionDeclaration","tokens","12","14","false","false"
"fd5866d2580127142e46b58848da2471488f70c0","src/skills/skill-router.mjs","skills","3","ArrowFunctionExpression","<callback:filter>","23","23","false","false"
"fd5866d2580127142e46b58848da2471488f70c0","src/skills/skill-router.mjs","skills","4","FunctionDeclaration","triggerScore","16","26","false","false"
"fd5866d2580127142e46b58848da2471488f70c0","src/skills/skill-router.mjs","skills","5","ArrowFunctionExpression","<callback:map>","29","29","false","false"
"fd5866d2580127142e46b58848da2471488f70c0","src/skills/skill-router.mjs","skills","6","FunctionDeclaration","score","28","30","false","false"
"fd5866d2580127142e46b58848da2471488f70c0","src/skills/skill-router.mjs","skills","7","ArrowFunctionExpression","<callback:some>","36","36","false","false"
"fd5866d2580127142e46b58848da2471488f70c0","src/skills/skill-router.mjs","skills","8","FunctionDeclaration","requireBudget","32","40","false","false"
"fd5866d2580127142e46b58848da2471488f70c0","src/skills/skill-router.mjs","skills","9","ArrowFunctionExpression","<callback:map>","63","63","false","false"
"fd5866d2580127142e46b58848da2471488f70c0","src/skills/skill-router.mjs","skills","10","ArrowFunctionExpression","<callback:filter>","64","64","false","false"
"fd5866d2580127142e46b58848da2471488f70c0","src/skills/skill-router.mjs","skills","11","ArrowFunctionExpression","<callback:sort>","65","65","false","false"
"fd5866d2580127142e46b58848da2471488f70c0","src/skills/skill-router.mjs","skills","12","ArrowFunctionExpression","<callback:filter>","67","67","false","false"
"fd5866d2580127142e46b58848da2471488f70c0","src/skills/skill-router.mjs","skills","13","ArrowFunctionExpression","<callback:map>","73","73","false","false"
"fd5866d2580127142e46b58848da2471488f70c0","src/skills/skill-router.mjs","skills","14","FunctionDeclaration","resolveEntry","54","77","false","false"
"fd5866d2580127142e46b58848da2471488f70c0","src/skills/skill-router.mjs","skills","15","FunctionDeclaration","activate","79","107","true","false"
"fd5866d2580127142e46b58848da2471488f70c0","src/skills/skill-router.mjs","skills","16","FunctionDeclaration","createSkillRouter","42","110","false","false"
"fd5866d2580127142e46b58848da2471488f70c0","src/skills/skill-schema.mjs","skills","1","FunctionDeclaration","exactKeys","19","24","false","false"
"fd5866d2580127142e46b58848da2471488f70c0","src/skills/skill-schema.mjs","skills","2","FunctionDeclaration","string","26","29","false","false"
"fd5866d2580127142e46b58848da2471488f70c0","src/skills/skill-schema.mjs","skills","3","ArrowFunctionExpression","<callback:some>","32","32","false","false"
"fd5866d2580127142e46b58848da2471488f70c0","src/skills/skill-schema.mjs","skills","4","FunctionDeclaration","stringArray","31","37","false","false"
"fd5866d2580127142e46b58848da2471488f70c0","src/skills/skill-schema.mjs","skills","5","ArrowFunctionExpression","<callback:some>","42","42","false","false"
"fd5866d2580127142e46b58848da2471488f70c0","src/skills/skill-schema.mjs","skills","6","FunctionDeclaration","validateSkillRelativePath","39","46","false","false"
"fd5866d2580127142e46b58848da2471488f70c0","src/skills/skill-schema.mjs","skills","7","FunctionDeclaration","frontmatterOf","48","54","false","false"
"fd5866d2580127142e46b58848da2471488f70c0","src/skills/skill-schema.mjs","skills","8","ArrowFunctionExpression","<callback:some>","85","85","false","false"
"fd5866d2580127142e46b58848da2471488f70c0","src/skills/skill-schema.mjs","skills","9","ArrowFunctionExpression","<callback:map>","88","88","false","false"
"fd5866d2580127142e46b58848da2471488f70c0","src/skills/skill-schema.mjs","skills","10","ArrowFunctionExpression","<callback:map>","89","89","false","false"
"fd5866d2580127142e46b58848da2471488f70c0","src/skills/skill-schema.mjs","skills","11","ArrowFunctionExpression","<callback:some>","95","95","false","false"
"fd5866d2580127142e46b58848da2471488f70c0","src/skills/skill-schema.mjs","skills","12","ArrowFunctionExpression","<callback:some>","96","97","false","false"
"fd5866d2580127142e46b58848da2471488f70c0","src/skills/skill-schema.mjs","skills","13","ArrowFunctionExpression","<callback:map>","105","105","false","false"
"fd5866d2580127142e46b58848da2471488f70c0","src/skills/skill-schema.mjs","skills","14","FunctionDeclaration","parseSkillDocument","56","115","false","false"
"fd5866d2580127142e46b58848da2471488f70c0","src/skills/skill-session.mjs","skills","1","FunctionDeclaration","snapshot","3","9","false","false"
"fd5866d2580127142e46b58848da2471488f70c0","src/skills/skill-session.mjs","skills","2","ArrowFunctionExpression","now","13","13","false","false"
"fd5866d2580127142e46b58848da2471488f70c0","src/skills/skill-session.mjs","skills","3","ArrowFunctionExpression","nextId","14","14","false","false"
"fd5866d2580127142e46b58848da2471488f70c0","src/skills/skill-session.mjs","skills","4","FunctionDeclaration","start","16","37","false","false"
"fd5866d2580127142e46b58848da2471488f70c0","src/skills/skill-session.mjs","skills","5","FunctionDeclaration","close","39","47","false","false"
"fd5866d2580127142e46b58848da2471488f70c0","src/skills/skill-session.mjs","skills","6","ArrowFunctionExpression","<callback:filter>","50","50","false","false"
"fd5866d2580127142e46b58848da2471488f70c0","src/skills/skill-session.mjs","skills","7","ArrowFunctionExpression","<callback:map>","51","51","false","false"
"fd5866d2580127142e46b58848da2471488f70c0","src/skills/skill-session.mjs","skills","8","FunctionDeclaration","closeForWorkSession","49","52","false","false"
"fd5866d2580127142e46b58848da2471488f70c0","src/skills/skill-session.mjs","skills","9","ArrowFunctionExpression","<callback:filter>","56","56","false","false"
"fd5866d2580127142e46b58848da2471488f70c0","src/skills/skill-session.mjs","skills","10","FunctionDeclaration","list","54","58","false","false"
"fd5866d2580127142e46b58848da2471488f70c0","src/skills/skill-session.mjs","skills","11","FunctionDeclaration","createSkillSessionManager","11","61","false","false"
"fd5866d2580127142e46b58848da2471488f70c0","src/system/startup-manager.mjs","system","1","ArrowFunctionExpression","options","21","23","false","false"
"fd5866d2580127142e46b58848da2471488f70c0","src/system/startup-manager.mjs","system","2","FunctionExpression","status","26","33","false","false"
"fd5866d2580127142e46b58848da2471488f70c0","src/system/startup-manager.mjs","system","3","FunctionExpression","set","36","51","false","false"
"fd5866d2580127142e46b58848da2471488f70c0","src/system/startup-manager.mjs","system","4","ArrowFunctionExpression","launchedByStartup","54","54","false","false"
"fd5866d2580127142e46b58848da2471488f70c0","src/system/startup-manager.mjs","system","5","FunctionDeclaration","createStartupManager","8","56","false","false"
"fd5866d2580127142e46b58848da2471488f70c0","src/system/storage-roots.mjs","system","1","ArrowFunctionExpression","fromEnv","13","16","false","false"
"fd5866d2580127142e46b58848da2471488f70c0","src/system/storage-roots.mjs","system","2","ArrowFunctionExpression","<callback:map>","33","33","false","false"
"fd5866d2580127142e46b58848da2471488f70c0","src/system/storage-roots.mjs","system","3","FunctionDeclaration","resolveStorageRoots","9","37","false","false"
"fd5866d2580127142e46b58848da2471488f70c0","src/telephony/call-policy.mjs","telephony","1","FunctionDeclaration","normalizeCallNumber","29","37","false","false"
"fd5866d2580127142e46b58848da2471488f70c0","src/telephony/call-policy.mjs","telephony","2","FunctionDeclaration","callDigest","40","42","false","false"
"fd5866d2580127142e46b58848da2471488f70c0","src/telephony/call-policy.mjs","telephony","3","ArrowFunctionExpression","<anonymous>","52","52","false","false"
"fd5866d2580127142e46b58848da2471488f70c0","src/telephony/call-policy.mjs","telephony","4","FunctionDeclaration","withinQuietHours","60","66","false","false"
"fd5866d2580127142e46b58848da2471488f70c0","src/telephony/call-policy.mjs","telephony","5","ArrowFunctionExpression","<callback:filter>","69","69","false","false"
"fd5866d2580127142e46b58848da2471488f70c0","src/telephony/call-policy.mjs","telephony","6","ArrowFunctionExpression","<callback:filter>","70","70","false","false"
"fd5866d2580127142e46b58848da2471488f70c0","src/telephony/call-policy.mjs","telephony","7","ArrowFunctionExpression","<callback:filter>","71","71","false","false"
"fd5866d2580127142e46b58848da2471488f70c0","src/telephony/call-policy.mjs","telephony","8","FunctionDeclaration","underBudget","68","73","false","false"
"fd5866d2580127142e46b58848da2471488f70c0","src/telephony/call-policy.mjs","telephony","9","FunctionExpression","mode","77","77","false","false"
"fd5866d2580127142e46b58848da2471488f70c0","src/telephony/call-policy.mjs","telephony","10","FunctionExpression","decide","78","95","false","false"
"fd5866d2580127142e46b58848da2471488f70c0","src/telephony/call-policy.mjs","telephony","11","FunctionExpression","recordPlaced","96","96","false","false"
"fd5866d2580127142e46b58848da2471488f70c0","src/telephony/call-policy.mjs","telephony","12","FunctionExpression","revokeAutomation","97","97","false","false"
"fd5866d2580127142e46b58848da2471488f70c0","src/telephony/call-policy.mjs","telephony","13","FunctionExpression","reactivate","98","98","false","false"
"fd5866d2580127142e46b58848da2471488f70c0","src/telephony/call-policy.mjs","telephony","14","FunctionDeclaration","createCallPolicy","44","100","false","false"
"fd5866d2580127142e46b58848da2471488f70c0","src/ui/code/code-context-panel.mjs","ui","1","ArrowFunctionExpression","row","10","13","false","false"
"fd5866d2580127142e46b58848da2471488f70c0","src/ui/code/code-context-panel.mjs","ui","2","ArrowFunctionExpression","<callback:filter>","26","26","false","false"
"fd5866d2580127142e46b58848da2471488f70c0","src/ui/code/code-context-panel.mjs","ui","3","ArrowFunctionExpression","<callback:map>","27","27","false","false"
"fd5866d2580127142e46b58848da2471488f70c0","src/ui/code/code-context-panel.mjs","ui","4","FunctionExpression","render","16","36","false","false"
"fd5866d2580127142e46b58848da2471488f70c0","src/ui/code/code-context-panel.mjs","ui","5","FunctionDeclaration","createCodeContextPanel","6","38","false","false"
"fd5866d2580127142e46b58848da2471488f70c0","src/ui/code/code-diff-viewer.mjs","ui","1","ArrowFunctionExpression","lineClass","8","14","false","false"
"fd5866d2580127142e46b58848da2471488f70c0","src/ui/code/code-diff-viewer.mjs","ui","2","FunctionExpression","render","21","39","false","false"
"fd5866d2580127142e46b58848da2471488f70c0","src/ui/code/code-diff-viewer.mjs","ui","3","FunctionDeclaration","createCodeDiffViewer","16","41","false","false"
"fd5866d2580127142e46b58848da2471488f70c0","src/ui/code/code-git-panel.mjs","ui","1","ArrowFunctionExpression","<callback:map>","17","17","false","false"
"fd5866d2580127142e46b58848da2471488f70c0","src/ui/code/code-git-panel.mjs","ui","2","ArrowFunctionExpression","fileList","13","19","false","false"
"fd5866d2580127142e46b58848da2471488f70c0","src/ui/code/code-git-panel.mjs","ui","3","FunctionExpression","render","22","56","false","false"
"fd5866d2580127142e46b58848da2471488f70c0","src/ui/code/code-git-panel.mjs","ui","4","FunctionDeclaration","createCodeGitPanel","9","58","false","false"
"fd5866d2580127142e46b58848da2471488f70c0","src/ui/code/code-ipc.mjs","ui","1","ArrowFunctionExpression","<anonymous>","18","18","false","false"
"fd5866d2580127142e46b58848da2471488f70c0","src/ui/code/code-ipc.mjs","ui","2","ArrowFunctionExpression","services","23","26","false","false"
"fd5866d2580127142e46b58848da2471488f70c0","src/ui/code/code-ipc.mjs","ui","3","ArrowFunctionExpression","<callback:handle>","29","39","true","false"
"fd5866d2580127142e46b58848da2471488f70c0","src/ui/code/code-ipc.mjs","ui","4","ArrowFunctionExpression","guard","28","40","false","false"
"fd5866d2580127142e46b58848da2471488f70c0","src/ui/code/code-ipc.mjs","ui","5","ArrowFunctionExpression","<callback:guard>","42","42","false","false"
"fd5866d2580127142e46b58848da2471488f70c0","src/ui/code/code-ipc.mjs","ui","6","ArrowFunctionExpression","<callback:guard>","43","47","true","false"
"fd5866d2580127142e46b58848da2471488f70c0","src/ui/code/code-ipc.mjs","ui","7","ArrowFunctionExpression","<callback:guard>","48","50","false","false"
"fd5866d2580127142e46b58848da2471488f70c0","src/ui/code/code-ipc.mjs","ui","8","ArrowFunctionExpression","<callback:guard>","51","51","false","false"
"fd5866d2580127142e46b58848da2471488f70c0","src/ui/code/code-ipc.mjs","ui","9","ArrowFunctionExpression","<callback:guard>","52","55","true","false"
"fd5866d2580127142e46b58848da2471488f70c0","src/ui/code/code-ipc.mjs","ui","10","ArrowFunctionExpression","<callback:guard>","56","59","true","false"
"fd5866d2580127142e46b58848da2471488f70c0","src/ui/code/code-ipc.mjs","ui","11","ArrowFunctionExpression","<callback:guard>","60","63","true","false"
"fd5866d2580127142e46b58848da2471488f70c0","src/ui/code/code-ipc.mjs","ui","12","ArrowFunctionExpression","<callback:guard>","64","70","true","false"
"fd5866d2580127142e46b58848da2471488f70c0","src/ui/code/code-ipc.mjs","ui","13","ArrowFunctionExpression","<callback:guard>","71","75","false","false"
"fd5866d2580127142e46b58848da2471488f70c0","src/ui/code/code-ipc.mjs","ui","14","ArrowFunctionExpression","<callback:guard>","76","76","false","false"
"fd5866d2580127142e46b58848da2471488f70c0","src/ui/code/code-ipc.mjs","ui","15","FunctionDeclaration","registerCodeIpc","18","79","false","false"
"fd5866d2580127142e46b58848da2471488f70c0","src/ui/code/code-plan-board.mjs","ui","1","ArrowFunctionExpression","<callback:filter>","33","33","false","false"
"fd5866d2580127142e46b58848da2471488f70c0","src/ui/code/code-plan-board.mjs","ui","2","ArrowFunctionExpression","<callback:forEach>","42","50","false","false"
"fd5866d2580127142e46b58848da2471488f70c0","src/ui/code/code-plan-board.mjs","ui","3","FunctionExpression","render","27","62","false","false"
"fd5866d2580127142e46b58848da2471488f70c0","src/ui/code/code-plan-board.mjs","ui","4","FunctionDeclaration","createCodePlanBoard","22","64","false","false"
"fd5866d2580127142e46b58848da2471488f70c0","src/ui/code/code-terminal.mjs","ui","1","FunctionExpression","append","15","24","false","false"
"fd5866d2580127142e46b58848da2471488f70c0","src/ui/code/code-terminal.mjs","ui","2","FunctionExpression","clear","26","28","false","false"
"fd5866d2580127142e46b58848da2471488f70c0","src/ui/code/code-terminal.mjs","ui","3","ArrowFunctionExpression","lineCount","30","30","false","false"
"fd5866d2580127142e46b58848da2471488f70c0","src/ui/code/code-terminal.mjs","ui","4","FunctionDeclaration","createCodeTerminal","9","32","false","false"
"fd5866d2580127142e46b58848da2471488f70c0","src/ui/code/code-test-panel.mjs","ui","1","FunctionExpression","render","12","33","false","false"
"fd5866d2580127142e46b58848da2471488f70c0","src/ui/code/code-test-panel.mjs","ui","2","FunctionDeclaration","createCodeTestPanel","7","35","false","false"
"fd5866d2580127142e46b58848da2471488f70c0","src/ui/code/dom-kit.mjs","ui","1","FunctionDeclaration","el","10","22","false","false"
"fd5866d2580127142e46b58848da2471488f70c0","src/ui/code/dom-kit.mjs","ui","2","FunctionDeclaration","clear","24","30","false","false"
"fd5866d2580127142e46b58848da2471488f70c0","src/ui/code/dom-kit.mjs","ui","3","FunctionDeclaration","createDomKit","5","33","false","false"
"fd5866d2580127142e46b58848da2471488f70c0","src/ui/controller.mjs","ui","1","FunctionDeclaration","formatGroundingLabel","13","15","false","false"
"fd5866d2580127142e46b58848da2471488f70c0","src/ui/controller.mjs","ui","2","FunctionDeclaration","applyEnvironmentSelection","17","22","false","false"
"fd5866d2580127142e46b58848da2471488f70c0","src/ui/controller.mjs","ui","3","FunctionDeclaration","validateMissionRequest","24","30","false","false"
"fd5866d2580127142e46b58848da2471488f70c0","src/ui/controller.mjs","ui","4","ArrowFunctionExpression","<anonymous>","33","33","false","false"
"fd5866d2580127142e46b58848da2471488f70c0","src/ui/controller.mjs","ui","5","ArrowFunctionExpression","<anonymous>","34","34","false","false"
"fd5866d2580127142e46b58848da2471488f70c0","src/ui/controller.mjs","ui","6","ArrowFunctionExpression","<anonymous>","35","35","false","false"
"fd5866d2580127142e46b58848da2471488f70c0","src/ui/controller.mjs","ui","7","ArrowFunctionExpression","push","40","65","false","false"
"fd5866d2580127142e46b58848da2471488f70c0","src/ui/controller.mjs","ui","8","FunctionDeclaration","createVoiceCommandRouter","32","67","false","false"
"fd5866d2580127142e46b58848da2471488f70c0","src/ui/controller.mjs","ui","9","FunctionDeclaration","computeVoiceStartTime","77","80","false","false"
"fd5866d2580127142e46b58848da2471488f70c0","src/ui/controller.mjs","ui","10","ArrowFunctionExpression","start","87","87","false","false"
"fd5866d2580127142e46b58848da2471488f70c0","src/ui/controller.mjs","ui","11","ArrowFunctionExpression","pushAudio","88","88","false","false"
"fd5866d2580127142e46b58848da2471488f70c0","src/ui/controller.mjs","ui","12","ArrowFunctionExpression","stop","89","89","false","false"
"fd5866d2580127142e46b58848da2471488f70c0","src/ui/controller.mjs","ui","13","ArrowFunctionExpression","emergencyStop","90","90","false","false"
"fd5866d2580127142e46b58848da2471488f70c0","src/ui/controller.mjs","ui","14","FunctionDeclaration","createVoiceIpcController","82","92","false","false"
"fd5866d2580127142e46b58848da2471488f70c0","src/ui/desktop-cursor-overlay.mjs","ui","1","ArrowFunctionExpression","<callback:map>","8","8","false","false"
"fd5866d2580127142e46b58848da2471488f70c0","src/ui/desktop-cursor-overlay.mjs","ui","2","ArrowFunctionExpression","<callback:map>","9","9","false","false"
"fd5866d2580127142e46b58848da2471488f70c0","src/ui/desktop-cursor-overlay.mjs","ui","3","ArrowFunctionExpression","<callback:map>","10","10","false","false"
"fd5866d2580127142e46b58848da2471488f70c0","src/ui/desktop-cursor-overlay.mjs","ui","4","ArrowFunctionExpression","<callback:map>","11","11","false","false"
"fd5866d2580127142e46b58848da2471488f70c0","src/ui/desktop-cursor-overlay.mjs","ui","5","FunctionDeclaration","displayUnion","6","13","false","false"
"fd5866d2580127142e46b58848da2471488f70c0","src/ui/desktop-cursor-overlay.mjs","ui","6","FunctionDeclaration","ensureWindow","24","43","true","false"
"fd5866d2580127142e46b58848da2471488f70c0","src/ui/desktop-cursor-overlay.mjs","ui","7","FunctionDeclaration","previewAction","45","59","true","false"
"fd5866d2580127142e46b58848da2471488f70c0","src/ui/desktop-cursor-overlay.mjs","ui","8","FunctionDeclaration","hide","61","64","true","false"
"fd5866d2580127142e46b58848da2471488f70c0","src/ui/desktop-cursor-overlay.mjs","ui","9","FunctionDeclaration","close","66","70","false","false"
"fd5866d2580127142e46b58848da2471488f70c0","src/ui/desktop-cursor-overlay.mjs","ui","10","FunctionDeclaration","createDesktopCursorOverlay","15","73","false","false"
"fd5866d2580127142e46b58848da2471488f70c0","src/ui/ipc/analytics-ipc.mjs","ui","1","FunctionDeclaration","payload","1","4","false","false"
"fd5866d2580127142e46b58848da2471488f70c0","src/ui/ipc/analytics-ipc.mjs","ui","2","ArrowFunctionExpression","<anonymous>","11","11","true","false"
"fd5866d2580127142e46b58848da2471488f70c0","src/ui/ipc/analytics-ipc.mjs","ui","3","ArrowFunctionExpression","<anonymous>","12","12","true","false"
"fd5866d2580127142e46b58848da2471488f70c0","src/ui/ipc/analytics-ipc.mjs","ui","4","ArrowFunctionExpression","<anonymous>","13","13","true","false"
"fd5866d2580127142e46b58848da2471488f70c0","src/ui/ipc/analytics-ipc.mjs","ui","5","FunctionExpression","dispose","17","19","false","false"
"fd5866d2580127142e46b58848da2471488f70c0","src/ui/ipc/analytics-ipc.mjs","ui","6","FunctionDeclaration","registerAnalyticsIpc","6","21","false","false"
"fd5866d2580127142e46b58848da2471488f70c0","src/ui/ipc/approval-ipc.mjs","ui","1","ArrowFunctionExpression","<callback:handle>","3","3","false","false"
"fd5866d2580127142e46b58848da2471488f70c0","src/ui/ipc/approval-ipc.mjs","ui","2","ArrowFunctionExpression","<callback:handle>","4","4","false","false"
"fd5866d2580127142e46b58848da2471488f70c0","src/ui/ipc/approval-ipc.mjs","ui","3","ArrowFunctionExpression","<callback:handle>","5","5","false","false"
"fd5866d2580127142e46b58848da2471488f70c0","src/ui/ipc/approval-ipc.mjs","ui","4","ArrowFunctionExpression","<callback:handle>","6","6","false","false"
"fd5866d2580127142e46b58848da2471488f70c0","src/ui/ipc/approval-ipc.mjs","ui","5","ArrowFunctionExpression","<callback:handle>","7","7","false","false"
"fd5866d2580127142e46b58848da2471488f70c0","src/ui/ipc/approval-ipc.mjs","ui","6","FunctionDeclaration","registerApprovalIpc","1","8","false","false"
"fd5866d2580127142e46b58848da2471488f70c0","src/ui/ipc/automation-ipc.mjs","ui","1","ArrowFunctionExpression","<callback:handle>","3","3","false","false"
"fd5866d2580127142e46b58848da2471488f70c0","src/ui/ipc/automation-ipc.mjs","ui","2","ArrowFunctionExpression","<callback:handle>","4","4","false","false"
"fd5866d2580127142e46b58848da2471488f70c0","src/ui/ipc/automation-ipc.mjs","ui","3","ArrowFunctionExpression","<callback:handle>","5","5","false","false"
"fd5866d2580127142e46b58848da2471488f70c0","src/ui/ipc/automation-ipc.mjs","ui","4","ArrowFunctionExpression","<callback:handle>","6","6","false","false"
"fd5866d2580127142e46b58848da2471488f70c0","src/ui/ipc/automation-ipc.mjs","ui","5","ArrowFunctionExpression","<callback:handle>","7","7","false","false"
"fd5866d2580127142e46b58848da2471488f70c0","src/ui/ipc/automation-ipc.mjs","ui","6","ArrowFunctionExpression","<callback:handle>","8","8","false","false"
"fd5866d2580127142e46b58848da2471488f70c0","src/ui/ipc/automation-ipc.mjs","ui","7","ArrowFunctionExpression","<callback:handle>","9","9","false","false"
"fd5866d2580127142e46b58848da2471488f70c0","src/ui/ipc/automation-ipc.mjs","ui","8","ArrowFunctionExpression","<callback:handle>","10","10","false","false"
"fd5866d2580127142e46b58848da2471488f70c0","src/ui/ipc/automation-ipc.mjs","ui","9","ArrowFunctionExpression","<callback:handle>","11","11","false","false"
"fd5866d2580127142e46b58848da2471488f70c0","src/ui/ipc/automation-ipc.mjs","ui","10","ArrowFunctionExpression","<callback:handle>","12","12","false","false"
"fd5866d2580127142e46b58848da2471488f70c0","src/ui/ipc/automation-ipc.mjs","ui","11","FunctionDeclaration","registerAutomationIpc","1","13","false","false"
"fd5866d2580127142e46b58848da2471488f70c0","src/ui/ipc/camera-ipc.mjs","ui","1","ArrowFunctionExpression","<callback:handle>","3","3","false","false"
"fd5866d2580127142e46b58848da2471488f70c0","src/ui/ipc/camera-ipc.mjs","ui","2","ArrowFunctionExpression","<callback:handle>","4","4","false","false"
"fd5866d2580127142e46b58848da2471488f70c0","src/ui/ipc/camera-ipc.mjs","ui","3","ArrowFunctionExpression","<callback:handle>","5","5","false","false"
"fd5866d2580127142e46b58848da2471488f70c0","src/ui/ipc/camera-ipc.mjs","ui","4","ArrowFunctionExpression","<callback:handle>","6","6","false","false"
"fd5866d2580127142e46b58848da2471488f70c0","src/ui/ipc/camera-ipc.mjs","ui","5","ArrowFunctionExpression","<callback:handle>","7","7","false","false"
"fd5866d2580127142e46b58848da2471488f70c0","src/ui/ipc/camera-ipc.mjs","ui","6","ArrowFunctionExpression","<callback:handle>","8","8","false","false"
"fd5866d2580127142e46b58848da2471488f70c0","src/ui/ipc/camera-ipc.mjs","ui","7","ArrowFunctionExpression","<callback:handle>","9","9","false","false"
"fd5866d2580127142e46b58848da2471488f70c0","src/ui/ipc/camera-ipc.mjs","ui","8","FunctionDeclaration","registerCameraIpc","1","10","false","false"
"fd5866d2580127142e46b58848da2471488f70c0","src/ui/ipc/connector-ipc.mjs","ui","1","ArrowFunctionExpression","<callback:handle>","3","3","false","false"
"fd5866d2580127142e46b58848da2471488f70c0","src/ui/ipc/connector-ipc.mjs","ui","2","ArrowFunctionExpression","<callback:handle>","4","4","false","false"
"fd5866d2580127142e46b58848da2471488f70c0","src/ui/ipc/connector-ipc.mjs","ui","3","ArrowFunctionExpression","<callback:handle>","5","5","false","false"
"fd5866d2580127142e46b58848da2471488f70c0","src/ui/ipc/connector-ipc.mjs","ui","4","ArrowFunctionExpression","<callback:handle>","6","6","false","false"
"fd5866d2580127142e46b58848da2471488f70c0","src/ui/ipc/connector-ipc.mjs","ui","5","ArrowFunctionExpression","<callback:handle>","7","7","false","false"
"fd5866d2580127142e46b58848da2471488f70c0","src/ui/ipc/connector-ipc.mjs","ui","6","ArrowFunctionExpression","<callback:handle>","8","8","false","false"
"fd5866d2580127142e46b58848da2471488f70c0","src/ui/ipc/connector-ipc.mjs","ui","7","ArrowFunctionExpression","<callback:handle>","9","9","false","false"
"fd5866d2580127142e46b58848da2471488f70c0","src/ui/ipc/connector-ipc.mjs","ui","8","ArrowFunctionExpression","<callback:handle>","10","10","false","false"
"fd5866d2580127142e46b58848da2471488f70c0","src/ui/ipc/connector-ipc.mjs","ui","9","ArrowFunctionExpression","<callback:handle>","11","11","false","false"
"fd5866d2580127142e46b58848da2471488f70c0","src/ui/ipc/connector-ipc.mjs","ui","10","ArrowFunctionExpression","<callback:handle>","12","12","false","false"
"fd5866d2580127142e46b58848da2471488f70c0","src/ui/ipc/connector-ipc.mjs","ui","11","ArrowFunctionExpression","<callback:handle>","13","13","false","false"
"fd5866d2580127142e46b58848da2471488f70c0","src/ui/ipc/connector-ipc.mjs","ui","12","FunctionDeclaration","registerConnectorIpc","1","14","false","false"
"fd5866d2580127142e46b58848da2471488f70c0","src/ui/ipc/document-ipc.mjs","ui","1","ArrowFunctionExpression","<callback:handle>","3","3","false","false"
"fd5866d2580127142e46b58848da2471488f70c0","src/ui/ipc/document-ipc.mjs","ui","2","ArrowFunctionExpression","<callback:handle>","4","4","false","false"
"fd5866d2580127142e46b58848da2471488f70c0","src/ui/ipc/document-ipc.mjs","ui","3","ArrowFunctionExpression","<callback:handle>","5","5","false","false"
"fd5866d2580127142e46b58848da2471488f70c0","src/ui/ipc/document-ipc.mjs","ui","4","ArrowFunctionExpression","<callback:handle>","6","6","false","false"
"fd5866d2580127142e46b58848da2471488f70c0","src/ui/ipc/document-ipc.mjs","ui","5","ArrowFunctionExpression","<callback:handle>","7","7","false","false"
"fd5866d2580127142e46b58848da2471488f70c0","src/ui/ipc/document-ipc.mjs","ui","6","ArrowFunctionExpression","<callback:handle>","8","8","false","false"
"fd5866d2580127142e46b58848da2471488f70c0","src/ui/ipc/document-ipc.mjs","ui","7","ArrowFunctionExpression","<callback:handle>","9","9","false","false"
"fd5866d2580127142e46b58848da2471488f70c0","src/ui/ipc/document-ipc.mjs","ui","8","ArrowFunctionExpression","<callback:handle>","10","10","false","false"
"fd5866d2580127142e46b58848da2471488f70c0","src/ui/ipc/document-ipc.mjs","ui","9","ArrowFunctionExpression","<callback:handle>","11","11","false","false"
"fd5866d2580127142e46b58848da2471488f70c0","src/ui/ipc/document-ipc.mjs","ui","10","ArrowFunctionExpression","<callback:handle>","12","12","false","false"
"fd5866d2580127142e46b58848da2471488f70c0","src/ui/ipc/document-ipc.mjs","ui","11","ArrowFunctionExpression","<callback:handle>","13","13","false","false"
"fd5866d2580127142e46b58848da2471488f70c0","src/ui/ipc/document-ipc.mjs","ui","12","ArrowFunctionExpression","<callback:handle>","14","14","false","false"
"fd5866d2580127142e46b58848da2471488f70c0","src/ui/ipc/document-ipc.mjs","ui","13","ArrowFunctionExpression","<callback:handle>","15","15","false","false"
"fd5866d2580127142e46b58848da2471488f70c0","src/ui/ipc/document-ipc.mjs","ui","14","ArrowFunctionExpression","<callback:handle>","21","21","false","false"
"fd5866d2580127142e46b58848da2471488f70c0","src/ui/ipc/document-ipc.mjs","ui","15","ArrowFunctionExpression","<callback:handle>","22","22","false","false"
"fd5866d2580127142e46b58848da2471488f70c0","src/ui/ipc/document-ipc.mjs","ui","16","ArrowFunctionExpression","<callback:handle>","23","23","false","false"
"fd5866d2580127142e46b58848da2471488f70c0","src/ui/ipc/document-ipc.mjs","ui","17","ArrowFunctionExpression","<callback:handle>","24","24","false","false"
"fd5866d2580127142e46b58848da2471488f70c0","src/ui/ipc/document-ipc.mjs","ui","18","ArrowFunctionExpression","<callback:handle>","25","25","false","false"
"fd5866d2580127142e46b58848da2471488f70c0","src/ui/ipc/document-ipc.mjs","ui","19","FunctionDeclaration","registerDocumentIpc","1","27","false","false"
"fd5866d2580127142e46b58848da2471488f70c0","src/ui/ipc/emergency-ipc.mjs","ui","1","ArrowFunctionExpression","<callback:handle>","3","3","false","false"
"fd5866d2580127142e46b58848da2471488f70c0","src/ui/ipc/emergency-ipc.mjs","ui","2","ArrowFunctionExpression","<callback:handle>","4","4","false","false"
"fd5866d2580127142e46b58848da2471488f70c0","src/ui/ipc/emergency-ipc.mjs","ui","3","ArrowFunctionExpression","<callback:handle>","5","5","false","false"
"fd5866d2580127142e46b58848da2471488f70c0","src/ui/ipc/emergency-ipc.mjs","ui","4","ArrowFunctionExpression","<callback:handle>","6","6","false","false"
"fd5866d2580127142e46b58848da2471488f70c0","src/ui/ipc/emergency-ipc.mjs","ui","5","ArrowFunctionExpression","<callback:handle>","7","7","false","false"
"fd5866d2580127142e46b58848da2471488f70c0","src/ui/ipc/emergency-ipc.mjs","ui","6","ArrowFunctionExpression","<callback:handle>","8","8","false","false"
"fd5866d2580127142e46b58848da2471488f70c0","src/ui/ipc/emergency-ipc.mjs","ui","7","FunctionDeclaration","registerEmergencyIpc","1","9","false","false"
"fd5866d2580127142e46b58848da2471488f70c0","src/ui/ipc/evaluation-ipc.mjs","ui","1","ArrowFunctionExpression","<callback:handle>","3","3","false","false"
"fd5866d2580127142e46b58848da2471488f70c0","src/ui/ipc/evaluation-ipc.mjs","ui","2","ArrowFunctionExpression","<callback:handle>","4","4","false","false"
"fd5866d2580127142e46b58848da2471488f70c0","src/ui/ipc/evaluation-ipc.mjs","ui","3","FunctionDeclaration","registerEvaluationIpc","1","5","false","false"
"fd5866d2580127142e46b58848da2471488f70c0","src/ui/ipc/home-ipc.mjs","ui","1","FunctionDeclaration","exact","1","5","false","false"
"fd5866d2580127142e46b58848da2471488f70c0","src/ui/ipc/home-ipc.mjs","ui","2","ArrowFunctionExpression","<callback:handle>","9","9","true","false"
"fd5866d2580127142e46b58848da2471488f70c0","src/ui/ipc/home-ipc.mjs","ui","3","ArrowFunctionExpression","<callback:handle>","10","12","true","false"
"fd5866d2580127142e46b58848da2471488f70c0","src/ui/ipc/home-ipc.mjs","ui","4","ArrowFunctionExpression","<callback:handle>","13","15","true","false"
"fd5866d2580127142e46b58848da2471488f70c0","src/ui/ipc/home-ipc.mjs","ui","5","ArrowFunctionExpression","<callback:handle>","16","16","true","false"
"fd5866d2580127142e46b58848da2471488f70c0","src/ui/ipc/home-ipc.mjs","ui","6","ArrowFunctionExpression","<callback:handle>","17","17","true","false"
"fd5866d2580127142e46b58848da2471488f70c0","src/ui/ipc/home-ipc.mjs","ui","7","ArrowFunctionExpression","<callback:handle>","18","20","true","false"
"fd5866d2580127142e46b58848da2471488f70c0","src/ui/ipc/home-ipc.mjs","ui","8","ArrowFunctionExpression","<callback:handle>","21","21","true","false"
"fd5866d2580127142e46b58848da2471488f70c0","src/ui/ipc/home-ipc.mjs","ui","9","ArrowFunctionExpression","<callback:handle>","22","24","true","false"
"fd5866d2580127142e46b58848da2471488f70c0","src/ui/ipc/home-ipc.mjs","ui","10","FunctionDeclaration","registerHomeIpc","7","25","false","false"
"fd5866d2580127142e46b58848da2471488f70c0","src/ui/ipc/mail-ipc.mjs","ui","1","FunctionDeclaration","exact","1","5","false","false"
"fd5866d2580127142e46b58848da2471488f70c0","src/ui/ipc/mail-ipc.mjs","ui","2","ArrowFunctionExpression","<callback:handle>","9","9","false","false"
"fd5866d2580127142e46b58848da2471488f70c0","src/ui/ipc/mail-ipc.mjs","ui","3","ArrowFunctionExpression","<callback:handle>","10","12","true","false"
"fd5866d2580127142e46b58848da2471488f70c0","src/ui/ipc/mail-ipc.mjs","ui","4","ArrowFunctionExpression","<callback:handle>","13","15","true","false"
"fd5866d2580127142e46b58848da2471488f70c0","src/ui/ipc/mail-ipc.mjs","ui","5","ArrowFunctionExpression","<callback:handle>","16","18","true","false"
"fd5866d2580127142e46b58848da2471488f70c0","src/ui/ipc/mail-ipc.mjs","ui","6","ArrowFunctionExpression","<callback:handle>","19","19","true","false"
"fd5866d2580127142e46b58848da2471488f70c0","src/ui/ipc/mail-ipc.mjs","ui","7","ArrowFunctionExpression","<callback:handle>","20","20","true","false"
"fd5866d2580127142e46b58848da2471488f70c0","src/ui/ipc/mail-ipc.mjs","ui","8","ArrowFunctionExpression","<callback:handle>","21","23","true","false"
"fd5866d2580127142e46b58848da2471488f70c0","src/ui/ipc/mail-ipc.mjs","ui","9","FunctionDeclaration","registerMailIpc","7","24","false","false"
"fd5866d2580127142e46b58848da2471488f70c0","src/ui/ipc/personal-ipc.mjs","ui","1","ArrowFunctionExpression","<callback:handle>","6","6","false","false"
"fd5866d2580127142e46b58848da2471488f70c0","src/ui/ipc/personal-ipc.mjs","ui","2","ArrowFunctionExpression","<callback:handle>","7","7","false","false"
"fd5866d2580127142e46b58848da2471488f70c0","src/ui/ipc/personal-ipc.mjs","ui","3","ArrowFunctionExpression","<callback:handle>","8","8","false","false"
"fd5866d2580127142e46b58848da2471488f70c0","src/ui/ipc/personal-ipc.mjs","ui","4","ArrowFunctionExpression","<callback:handle>","9","9","false","false"
"fd5866d2580127142e46b58848da2471488f70c0","src/ui/ipc/personal-ipc.mjs","ui","5","ArrowFunctionExpression","<callback:handle>","10","10","false","false"
"fd5866d2580127142e46b58848da2471488f70c0","src/ui/ipc/personal-ipc.mjs","ui","6","ArrowFunctionExpression","<callback:handle>","14","14","false","false"
"fd5866d2580127142e46b58848da2471488f70c0","src/ui/ipc/personal-ipc.mjs","ui","7","ArrowFunctionExpression","<callback:handle>","15","15","false","false"
"fd5866d2580127142e46b58848da2471488f70c0","src/ui/ipc/personal-ipc.mjs","ui","8","ArrowFunctionExpression","<callback:handle>","16","16","false","false"
"fd5866d2580127142e46b58848da2471488f70c0","src/ui/ipc/personal-ipc.mjs","ui","9","ArrowFunctionExpression","<callback:handle>","17","17","false","false"
"fd5866d2580127142e46b58848da2471488f70c0","src/ui/ipc/personal-ipc.mjs","ui","10","ArrowFunctionExpression","<callback:handle>","18","18","false","false"
"fd5866d2580127142e46b58848da2471488f70c0","src/ui/ipc/personal-ipc.mjs","ui","11","ArrowFunctionExpression","<callback:handle>","19","19","false","false"
"fd5866d2580127142e46b58848da2471488f70c0","src/ui/ipc/personal-ipc.mjs","ui","12","ArrowFunctionExpression","<callback:handle>","20","20","false","false"
"fd5866d2580127142e46b58848da2471488f70c0","src/ui/ipc/personal-ipc.mjs","ui","13","ArrowFunctionExpression","<callback:handle>","21","21","false","false"
"fd5866d2580127142e46b58848da2471488f70c0","src/ui/ipc/personal-ipc.mjs","ui","14","ArrowFunctionExpression","<callback:handle>","22","22","false","false"
"fd5866d2580127142e46b58848da2471488f70c0","src/ui/ipc/personal-ipc.mjs","ui","15","FunctionDeclaration","registerPersonalIpc","1","24","false","false"
"fd5866d2580127142e46b58848da2471488f70c0","src/ui/ipc/personality-ipc.mjs","ui","1","ArrowFunctionExpression","<callback:handle>","3","3","false","false"
"fd5866d2580127142e46b58848da2471488f70c0","src/ui/ipc/personality-ipc.mjs","ui","2","ArrowFunctionExpression","<callback:handle>","4","4","false","false"
"fd5866d2580127142e46b58848da2471488f70c0","src/ui/ipc/personality-ipc.mjs","ui","3","ArrowFunctionExpression","<callback:handle>","5","5","false","false"
"fd5866d2580127142e46b58848da2471488f70c0","src/ui/ipc/personality-ipc.mjs","ui","4","ArrowFunctionExpression","<callback:handle>","6","6","false","false"
"fd5866d2580127142e46b58848da2471488f70c0","src/ui/ipc/personality-ipc.mjs","ui","5","ArrowFunctionExpression","<callback:handle>","7","7","false","false"
"fd5866d2580127142e46b58848da2471488f70c0","src/ui/ipc/personality-ipc.mjs","ui","6","FunctionDeclaration","registerPersonalityIpc","1","8","false","false"
"fd5866d2580127142e46b58848da2471488f70c0","src/ui/ipc/recovery-ipc.mjs","ui","1","ArrowFunctionExpression","<callback:handle>","3","3","false","false"
"fd5866d2580127142e46b58848da2471488f70c0","src/ui/ipc/recovery-ipc.mjs","ui","2","ArrowFunctionExpression","<callback:handle>","4","4","false","false"
"fd5866d2580127142e46b58848da2471488f70c0","src/ui/ipc/recovery-ipc.mjs","ui","3","ArrowFunctionExpression","<callback:handle>","5","5","false","false"
"fd5866d2580127142e46b58848da2471488f70c0","src/ui/ipc/recovery-ipc.mjs","ui","4","ArrowFunctionExpression","<callback:handle>","6","6","false","false"
"fd5866d2580127142e46b58848da2471488f70c0","src/ui/ipc/recovery-ipc.mjs","ui","5","FunctionDeclaration","registerRecoveryIpc","1","7","false","false"
"fd5866d2580127142e46b58848da2471488f70c0","src/ui/ipc/register-ipc.mjs","ui","1","FunctionDeclaration","assertValidChannel","50","55","false","false"
"fd5866d2580127142e46b58848da2471488f70c0","src/ui/ipc/register-ipc.mjs","ui","2","ArrowFunctionExpression","<anonymous>","59","59","false","false"
"fd5866d2580127142e46b58848da2471488f70c0","src/ui/ipc/register-ipc.mjs","ui","3","ArrowFunctionExpression","<anonymous>","73","81","true","false"
"fd5866d2580127142e46b58848da2471488f70c0","src/ui/ipc/register-ipc.mjs","ui","4","FunctionDeclaration","guarded","72","82","false","false"
"fd5866d2580127142e46b58848da2471488f70c0","src/ui/ipc/register-ipc.mjs","ui","5","ArrowFunctionExpression","handle","90","94","false","false"
"fd5866d2580127142e46b58848da2471488f70c0","src/ui/ipc/register-ipc.mjs","ui","6","ArrowFunctionExpression","on","95","99","false","false"
"fd5866d2580127142e46b58848da2471488f70c0","src/ui/ipc/register-ipc.mjs","ui","7","FunctionDeclaration","registerMinaIpc","57","109","false","false"
"fd5866d2580127142e46b58848da2471488f70c0","src/ui/ipc/settings-ipc.mjs","ui","1","FunctionDeclaration","requireObject","3","6","false","false"
"fd5866d2580127142e46b58848da2471488f70c0","src/ui/ipc/settings-ipc.mjs","ui","2","FunctionDeclaration","providerRequest","8","12","false","false"
"fd5866d2580127142e46b58848da2471488f70c0","src/ui/ipc/settings-ipc.mjs","ui","3","ArrowFunctionExpression","<callback:handle>","16","16","false","false"
"fd5866d2580127142e46b58848da2471488f70c0","src/ui/ipc/settings-ipc.mjs","ui","4","ArrowFunctionExpression","<callback:handle>","17","17","false","false"
"fd5866d2580127142e46b58848da2471488f70c0","src/ui/ipc/settings-ipc.mjs","ui","5","ArrowFunctionExpression","<callback:some>","20","20","false","false"
"fd5866d2580127142e46b58848da2471488f70c0","src/ui/ipc/settings-ipc.mjs","ui","6","ArrowFunctionExpression","<callback:handle>","18","24","true","false"
"fd5866d2580127142e46b58848da2471488f70c0","src/ui/ipc/settings-ipc.mjs","ui","7","ArrowFunctionExpression","<callback:handle>","25","31","true","false"
"fd5866d2580127142e46b58848da2471488f70c0","src/ui/ipc/settings-ipc.mjs","ui","8","ArrowFunctionExpression","<callback:handle>","32","32","false","false"
"fd5866d2580127142e46b58848da2471488f70c0","src/ui/ipc/settings-ipc.mjs","ui","9","ArrowFunctionExpression","<callback:handle>","33","33","false","false"
"fd5866d2580127142e46b58848da2471488f70c0","src/ui/ipc/settings-ipc.mjs","ui","10","FunctionDeclaration","registerSettingsIpc","14","34","false","false"
"fd5866d2580127142e46b58848da2471488f70c0","src/ui/ipc/skills-sandbox-ipc.mjs","ui","1","FunctionDeclaration","exact","1","5","false","false"
"fd5866d2580127142e46b58848da2471488f70c0","src/ui/ipc/skills-sandbox-ipc.mjs","ui","2","ArrowFunctionExpression","<callback:handle>","9","9","false","false"
"fd5866d2580127142e46b58848da2471488f70c0","src/ui/ipc/skills-sandbox-ipc.mjs","ui","3","ArrowFunctionExpression","<callback:handle>","10","10","false","false"
"fd5866d2580127142e46b58848da2471488f70c0","src/ui/ipc/skills-sandbox-ipc.mjs","ui","4","ArrowFunctionExpression","<callback:handle>","11","13","true","false"
"fd5866d2580127142e46b58848da2471488f70c0","src/ui/ipc/skills-sandbox-ipc.mjs","ui","5","ArrowFunctionExpression","<callback:handle>","14","16","true","false"
"fd5866d2580127142e46b58848da2471488f70c0","src/ui/ipc/skills-sandbox-ipc.mjs","ui","6","ArrowFunctionExpression","<callback:handle>","17","19","true","false"
"fd5866d2580127142e46b58848da2471488f70c0","src/ui/ipc/skills-sandbox-ipc.mjs","ui","7","ArrowFunctionExpression","<callback:handle>","20","22","true","false"
"fd5866d2580127142e46b58848da2471488f70c0","src/ui/ipc/skills-sandbox-ipc.mjs","ui","8","FunctionDeclaration","registerSkillsSandboxIpc","7","23","false","false"
"fd5866d2580127142e46b58848da2471488f70c0","src/ui/ipc/voice-ipc.mjs","ui","1","FunctionDeclaration","bytesFrom","5","14","false","false"
"fd5866d2580127142e46b58848da2471488f70c0","src/ui/ipc/voice-ipc.mjs","ui","2","ArrowFunctionExpression","<anonymous>","16","16","false","false"
"fd5866d2580127142e46b58848da2471488f70c0","src/ui/ipc/voice-ipc.mjs","ui","3","ArrowFunctionExpression","start","23","29","true","false"
"fd5866d2580127142e46b58848da2471488f70c0","src/ui/ipc/voice-ipc.mjs","ui","4","ArrowFunctionExpression","stop","31","38","true","false"
"fd5866d2580127142e46b58848da2471488f70c0","src/ui/ipc/voice-ipc.mjs","ui","5","ArrowFunctionExpression","input","40","52","true","false"
"fd5866d2580127142e46b58848da2471488f70c0","src/ui/ipc/voice-ipc.mjs","ui","6","ArrowFunctionExpression","activeSessionId","59","59","false","false"
"fd5866d2580127142e46b58848da2471488f70c0","src/ui/ipc/voice-ipc.mjs","ui","7","ArrowFunctionExpression","dispose","60","65","false","false"
"fd5866d2580127142e46b58848da2471488f70c0","src/ui/ipc/voice-ipc.mjs","ui","8","FunctionDeclaration","registerVoiceIpc","16","67","false","false"
"fd5866d2580127142e46b58848da2471488f70c0","src/ui/main.mjs","ui","1","ArrowFunctionExpression","<callback:catch>","198","198","false","false"
"fd5866d2580127142e46b58848da2471488f70c0","src/ui/main.mjs","ui","2","FunctionDeclaration","showMainWindow","196","204","false","false"
"fd5866d2580127142e46b58848da2471488f70c0","src/ui/main.mjs","ui","3","ArrowFunctionExpression","click","216","216","false","false"
"fd5866d2580127142e46b58848da2471488f70c0","src/ui/main.mjs","ui","4","FunctionDeclaration","ensureTray","207","220","false","false"
"fd5866d2580127142e46b58848da2471488f70c0","src/ui/main.mjs","ui","5","ArrowFunctionExpression","getSmsSendPolicy","273","282","false","false"
"fd5866d2580127142e46b58848da2471488f70c0","src/ui/main.mjs","ui","6","ArrowFunctionExpression","getLoginItemSettings","319","319","false","false"
"fd5866d2580127142e46b58848da2471488f70c0","src/ui/main.mjs","ui","7","ArrowFunctionExpression","setLoginItemSettings","320","320","false","false"
"fd5866d2580127142e46b58848da2471488f70c0","src/ui/main.mjs","ui","8","ArrowFunctionExpression","<callback:catch>","361","361","false","false"
"fd5866d2580127142e46b58848da2471488f70c0","src/ui/main.mjs","ui","9","ArrowFunctionExpression","<callback:on>","356","367","false","false"
"fd5866d2580127142e46b58848da2471488f70c0","src/ui/main.mjs","ui","10","ArrowFunctionExpression","sendRaw","369","371","false","false"
"fd5866d2580127142e46b58848da2471488f70c0","src/ui/main.mjs","ui","11","ArrowFunctionExpression","persistLessons","386","386","false","false"
"fd5866d2580127142e46b58848da2471488f70c0","src/ui/main.mjs","ui","12","ArrowFunctionExpression","onEntry","388","401","false","false"
"fd5866d2580127142e46b58848da2471488f70c0","src/ui/main.mjs","ui","13","ArrowFunctionExpression","<callback:rawIpcHandle>","412","424","true","false"
"fd5866d2580127142e46b58848da2471488f70c0","src/ui/main.mjs","ui","14","ArrowFunctionExpression","handle","412","424","false","false"
"fd5866d2580127142e46b58848da2471488f70c0","src/ui/main.mjs","ui","15","ArrowFunctionExpression","<callback:catch>","449","449","false","false"
"fd5866d2580127142e46b58848da2471488f70c0","src/ui/main.mjs","ui","16","ArrowFunctionExpression","<callback:catch>","459","459","false","false"
"fd5866d2580127142e46b58848da2471488f70c0","src/ui/main.mjs","ui","17","ArrowFunctionExpression","handleVoiceControlWords","444","468","false","false"
"fd5866d2580127142e46b58848da2471488f70c0","src/ui/main.mjs","ui","18","ArrowFunctionExpression","getCodeServices","472","479","false","false"
"fd5866d2580127142e46b58848da2471488f70c0","src/ui/main.mjs","ui","19","ArrowFunctionExpression","getDocumentGenerator","483","489","false","false"
"fd5866d2580127142e46b58848da2471488f70c0","src/ui/main.mjs","ui","20","ArrowFunctionExpression","send","492","504","false","false"
"fd5866d2580127142e46b58848da2471488f70c0","src/ui/main.mjs","ui","21","ArrowFunctionExpression","<callback:on>","509","515","false","false"
"fd5866d2580127142e46b58848da2471488f70c0","src/ui/main.mjs","ui","22","ArrowFunctionExpression","<callback:on>","516","522","false","false"
"fd5866d2580127142e46b58848da2471488f70c0","src/ui/main.mjs","ui","23","ArrowFunctionExpression","currentConfig","524","524","false","false"
"fd5866d2580127142e46b58848da2471488f70c0","src/ui/main.mjs","ui","24","ArrowFunctionExpression","onAudioChunk","531","531","false","false"
"fd5866d2580127142e46b58848da2471488f70c0","src/ui/main.mjs","ui","25","ArrowFunctionExpression","getLocalVoice","529","535","false","false"
"fd5866d2580127142e46b58848da2471488f70c0","src/ui/main.mjs","ui","26","ArrowFunctionExpression","getWebAnswerService","542","553","false","false"
"fd5866d2580127142e46b58848da2471488f70c0","src/ui/main.mjs","ui","27","ArrowFunctionExpression","providerSecret","555","563","true","false"
"fd5866d2580127142e46b58848da2471488f70c0","src/ui/main.mjs","ui","28","ArrowFunctionExpression","openAiBaseUrl","565","568","false","false"
"fd5866d2580127142e46b58848da2471488f70c0","src/ui/main.mjs","ui","29","ArrowFunctionExpression","apiKeyProvider","580","580","true","false"
"fd5866d2580127142e46b58848da2471488f70c0","src/ui/main.mjs","ui","30","ArrowFunctionExpression","onFailure","616","619","false","false"
"fd5866d2580127142e46b58848da2471488f70c0","src/ui/main.mjs","ui","31","ArrowFunctionExpression","telegramTextGenerator","570","622","true","false"
"fd5866d2580127142e46b58848da2471488f70c0","src/ui/main.mjs","ui","32","ArrowFunctionExpression","requireRotatedCredentials","624","630","false","false"
"fd5866d2580127142e46b58848da2471488f70c0","src/ui/main.mjs","ui","33","ArrowFunctionExpression","<callback:map>","639","639","false","false"
"fd5866d2580127142e46b58848da2471488f70c0","src/ui/main.mjs","ui","34","ArrowFunctionExpression","<callback:filter>","640","640","false","false"
"fd5866d2580127142e46b58848da2471488f70c0","src/ui/main.mjs","ui","35","ArrowFunctionExpression","<callback:map>","643","645","false","false"
"fd5866d2580127142e46b58848da2471488f70c0","src/ui/main.mjs","ui","36","ArrowFunctionExpression","<callback:catch>","647","647","false","false"
"fd5866d2580127142e46b58848da2471488f70c0","src/ui/main.mjs","ui","37","ArrowFunctionExpression","<callback:map>","648","652","false","false"
"fd5866d2580127142e46b58848da2471488f70c0","src/ui/main.mjs","ui","38","ArrowFunctionExpression","readJournalWithSensitiveText","636","653","true","false"
"fd5866d2580127142e46b58848da2471488f70c0","src/ui/main.mjs","ui","39","ArrowFunctionExpression","confirmSensitiveAction","655","667","true","false"
"fd5866d2580127142e46b58848da2471488f70c0","src/ui/main.mjs","ui","40","ArrowFunctionExpression","getPhoneBridge","669","675","false","false"
"fd5866d2580127142e46b58848da2471488f70c0","src/ui/main.mjs","ui","41","ArrowFunctionExpression","getMessageDeliveryLedger","680","685","false","false"
"fd5866d2580127142e46b58848da2471488f70c0","src/ui/main.mjs","ui","42","ArrowFunctionExpression","send","695","698","true","false"
"fd5866d2580127142e46b58848da2471488f70c0","src/ui/main.mjs","ui","43","ArrowFunctionExpression","getSmsRouter","690","715","true","false"
"fd5866d2580127142e46b58848da2471488f70c0","src/ui/main.mjs","ui","44","ArrowFunctionExpression","isTelegramOwner","721","726","true","false"
"fd5866d2580127142e46b58848da2471488f70c0","src/ui/main.mjs","ui","45","ArrowFunctionExpression","generate","731","731","true","false"
"fd5866d2580127142e46b58848da2471488f70c0","src/ui/main.mjs","ui","46","ArrowFunctionExpression","audit","739","739","false","false"
"fd5866d2580127142e46b58848da2471488f70c0","src/ui/main.mjs","ui","47","ArrowFunctionExpression","searchMessages","743","743","true","false"
"fd5866d2580127142e46b58848da2471488f70c0","src/ui/main.mjs","ui","48","ArrowFunctionExpression","audit","744","744","false","false"
"fd5866d2580127142e46b58848da2471488f70c0","src/ui/main.mjs","ui","49","ArrowFunctionExpression","notifyPc","745","745","true","false"
"fd5866d2580127142e46b58848da2471488f70c0","src/ui/main.mjs","ui","50","ArrowFunctionExpression","reply","754","754","true","false"
"fd5866d2580127142e46b58848da2471488f70c0","src/ui/main.mjs","ui","51","ArrowFunctionExpression","getPhoneMessageSync","728","758","false","false"
"fd5866d2580127142e46b58848da2471488f70c0","src/ui/main.mjs","ui","52","ArrowFunctionExpression","stopLiveCamera","760","763","true","false"
"fd5866d2580127142e46b58848da2471488f70c0","src/ui/main.mjs","ui","53","ArrowFunctionExpression","startLiveCamera","765","772","true","false"
"fd5866d2580127142e46b58848da2471488f70c0","src/ui/main.mjs","ui","54","ArrowFunctionExpression","analyzeLiveCamera","774","789","true","false"
"fd5866d2580127142e46b58848da2471488f70c0","src/ui/main.mjs","ui","55","ArrowFunctionExpression","syncPhoneMessages","791","796","true","false"
"fd5866d2580127142e46b58848da2471488f70c0","src/ui/main.mjs","ui","56","ArrowFunctionExpression","<callback:then>","817","817","false","false"
"fd5866d2580127142e46b58848da2471488f70c0","src/ui/main.mjs","ui","57","ArrowFunctionExpression","<callback:catch>","818","829","false","false"
"fd5866d2580127142e46b58848da2471488f70c0","src/ui/main.mjs","ui","58","ArrowFunctionExpression","tick","807","830","false","false"
"fd5866d2580127142e46b58848da2471488f70c0","src/ui/main.mjs","ui","59","ArrowFunctionExpression","startPhoneMessageSyncLoop","805","834","false","false"
"fd5866d2580127142e46b58848da2471488f70c0","src/ui/main.mjs","ui","60","ArrowFunctionExpression","<callback:catch>","851","851","false","false"
"fd5866d2580127142e46b58848da2471488f70c0","src/ui/main.mjs","ui","61","ArrowFunctionExpression","onInboundMessage","850","857","true","false"
"fd5866d2580127142e46b58848da2471488f70c0","src/ui/main.mjs","ui","62","ArrowFunctionExpression","startHttpsmsWebhookServer","840","863","true","false"
"fd5866d2580127142e46b58848da2471488f70c0","src/ui/main.mjs","ui","63","ArrowFunctionExpression","confirmDigestAction","865","881","true","false"
"fd5866d2580127142e46b58848da2471488f70c0","src/ui/main.mjs","ui","64","ArrowFunctionExpression","executorDead","887","888","false","false"
"fd5866d2580127142e46b58848da2471488f70c0","src/ui/main.mjs","ui","65","ArrowFunctionExpression","retireExecutor","889","889","true","false"
"fd5866d2580127142e46b58848da2471488f70c0","src/ui/main.mjs","ui","66","ArrowFunctionExpression","getBrowserExecutor","891","899","true","false"
"fd5866d2580127142e46b58848da2471488f70c0","src/ui/main.mjs","ui","67","ArrowFunctionExpression","getResearchBrowser","904","913","true","false"
"fd5866d2580127142e46b58848da2471488f70c0","src/ui/main.mjs","ui","68","ArrowFunctionExpression","closeBrowserExecutor","918","924","true","false"
"fd5866d2580127142e46b58848da2471488f70c0","src/ui/main.mjs","ui","69","ArrowFunctionExpression","openGoogleBrowserLogin","926","932","true","false"
"fd5866d2580127142e46b58848da2471488f70c0","src/ui/main.mjs","ui","70","ArrowFunctionExpression","getYouTubeDataClient","934","940","true","false"
"fd5866d2580127142e46b58848da2471488f70c0","src/ui/main.mjs","ui","71","ArrowFunctionExpression","onEvent","948","948","false","false"
"fd5866d2580127142e46b58848da2471488f70c0","src/ui/main.mjs","ui","72","ArrowFunctionExpression","previewAction","950","950","false","false"
"fd5866d2580127142e46b58848da2471488f70c0","src/ui/main.mjs","ui","73","ArrowFunctionExpression","hideCursor","951","951","false","false"
"fd5866d2580127142e46b58848da2471488f70c0","src/ui/main.mjs","ui","74","ArrowFunctionExpression","close","961","966","true","false"
"fd5866d2580127142e46b58848da2471488f70c0","src/ui/main.mjs","ui","75","ArrowFunctionExpression","getRuntime","942","969","true","false"
"fd5866d2580127142e46b58848da2471488f70c0","src/ui/main.mjs","ui","76","ArrowFunctionExpression","<callback:catch>","985","985","false","false"
"fd5866d2580127142e46b58848da2471488f70c0","src/ui/main.mjs","ui","77","ArrowFunctionExpression","stopEverything","975","990","true","false"
"fd5866d2580127142e46b58848da2471488f70c0","src/ui/main.mjs","ui","78","ArrowFunctionExpression","onEvent","1035","1035","false","false"
"fd5866d2580127142e46b58848da2471488f70c0","src/ui/main.mjs","ui","79","ArrowFunctionExpression","run","1018","1058","true","false"
"fd5866d2580127142e46b58848da2471488f70c0","src/ui/main.mjs","ui","80","ArrowFunctionExpression","startMission","992","1060","true","false"
"fd5866d2580127142e46b58848da2471488f70c0","src/ui/main.mjs","ui","81","ArrowFunctionExpression","confirm","1093","1096","false","false"
"fd5866d2580127142e46b58848da2471488f70c0","src/ui/main.mjs","ui","82","ArrowFunctionExpression","onProgress","1097","1103","false","false"
"fd5866d2580127142e46b58848da2471488f70c0","src/ui/main.mjs","ui","83","ArrowFunctionExpression","runDentalMission","1062","1105","true","false"
"fd5866d2580127142e46b58848da2471488f70c0","src/ui/main.mjs","ui","84","ArrowFunctionExpression","<callback:then>","1115","1118","false","false"
"fd5866d2580127142e46b58848da2471488f70c0","src/ui/main.mjs","ui","85","ArrowFunctionExpression","<callback:setTimeout>","1120","1120","false","false"
"fd5866d2580127142e46b58848da2471488f70c0","src/ui/main.mjs","ui","86","ArrowFunctionExpression","<anonymous>","1119","1122","false","false"
"fd5866d2580127142e46b58848da2471488f70c0","src/ui/main.mjs","ui","87","ArrowFunctionExpression","<callback:catch>","1125","1125","false","false"
"fd5866d2580127142e46b58848da2471488f70c0","src/ui/main.mjs","ui","88","ArrowFunctionExpression","capabilitySnapshot","1114","1138","true","false"
"fd5866d2580127142e46b58848da2471488f70c0","src/ui/main.mjs","ui","89","ArrowFunctionExpression","<callback:catch>","1141","1141","false","false"
"fd5866d2580127142e46b58848da2471488f70c0","src/ui/main.mjs","ui","90","ArrowFunctionExpression","<callback:catch>","1142","1142","false","false"
"fd5866d2580127142e46b58848da2471488f70c0","src/ui/main.mjs","ui","91","ArrowFunctionExpression","<callback:catch>","1143","1143","false","false"
"fd5866d2580127142e46b58848da2471488f70c0","src/ui/main.mjs","ui","92","ArrowFunctionExpression","<callback:then>","1144","1144","false","false"
"fd5866d2580127142e46b58848da2471488f70c0","src/ui/main.mjs","ui","93","ArrowFunctionExpression","<callback:catch>","1144","1144","false","false"
"fd5866d2580127142e46b58848da2471488f70c0","src/ui/main.mjs","ui","94","ArrowFunctionExpression","<callback:catch>","1145","1145","false","false"
"fd5866d2580127142e46b58848da2471488f70c0","src/ui/main.mjs","ui","95","ArrowFunctionExpression","<callback:some>","1147","1147","false","false"
"fd5866d2580127142e46b58848da2471488f70c0","src/ui/main.mjs","ui","96","ArrowFunctionExpression","<callback:map>","1152","1152","false","false"
"fd5866d2580127142e46b58848da2471488f70c0","src/ui/main.mjs","ui","97","ArrowFunctionExpression","<callback:map>","1160","1160","false","false"
"fd5866d2580127142e46b58848da2471488f70c0","src/ui/main.mjs","ui","98","ArrowFunctionExpression","capabilitySnapshotFresh","1139","1179","true","false"
"fd5866d2580127142e46b58848da2471488f70c0","src/ui/main.mjs","ui","99","ArrowFunctionExpression","operationDigest","1181","1181","false","false"
"fd5866d2580127142e46b58848da2471488f70c0","src/ui/main.mjs","ui","100","ArrowFunctionExpression","createGoogleTaskFromVoice","1183","1195","true","false"
"fd5866d2580127142e46b58848da2471488f70c0","src/ui/main.mjs","ui","101","ArrowFunctionExpression","createCalendarEventFromVoice","1197","1208","true","false"
"fd5866d2580127142e46b58848da2471488f70c0","src/ui/main.mjs","ui","102","ArrowFunctionExpression","<callback:filter>","1218","1218","false","false"
"fd5866d2580127142e46b58848da2471488f70c0","src/ui/main.mjs","ui","103","ArrowFunctionExpression","<callback:map>","1223","1223","false","false"
"fd5866d2580127142e46b58848da2471488f70c0","src/ui/main.mjs","ui","104","ArrowFunctionExpression","lookupContactFromVoice","1212","1226","true","false"
"fd5866d2580127142e46b58848da2471488f70c0","src/ui/main.mjs","ui","105","ArrowFunctionExpression","sendEmailFromVoice","1228","1244","true","false"
"fd5866d2580127142e46b58848da2471488f70c0","src/ui/main.mjs","ui","106","ArrowFunctionExpression","<anonymous>","1411","1414","false","false"
"fd5866d2580127142e46b58848da2471488f70c0","src/ui/main.mjs","ui","107","ArrowFunctionExpression","workerDiagnostic","1411","1414","false","false"
"fd5866d2580127142e46b58848da2471488f70c0","src/ui/main.mjs","ui","108","ArrowFunctionExpression","<callback:catch>","1419","1419","false","false"
"fd5866d2580127142e46b58848da2471488f70c0","src/ui/main.mjs","ui","109","ArrowFunctionExpression","rememberSpokenTurn","1418","1420","false","false"
"fd5866d2580127142e46b58848da2471488f70c0","src/ui/main.mjs","ui","110","ArrowFunctionExpression","onWake","1432","1432","false","false"
"fd5866d2580127142e46b58848da2471488f70c0","src/ui/main.mjs","ui","111","ArrowFunctionExpression","onCommand","1433","1433","false","false"
"fd5866d2580127142e46b58848da2471488f70c0","src/ui/main.mjs","ui","112","ArrowFunctionExpression","onStop","1434","1434","false","false"
"fd5866d2580127142e46b58848da2471488f70c0","src/ui/main.mjs","ui","113","ArrowFunctionExpression","<anonymous>","1436","1449","false","false"
"fd5866d2580127142e46b58848da2471488f70c0","src/ui/main.mjs","ui","114","ArrowFunctionExpression","buildUtteranceRoute","1430","1450","false","false"
"fd5866d2580127142e46b58848da2471488f70c0","src/ui/main.mjs","ui","115","ArrowFunctionExpression","onError","1464","1467","false","false"
"fd5866d2580127142e46b58848da2471488f70c0","src/ui/main.mjs","ui","116","ArrowFunctionExpression","startDeepgramFallback","1456","1472","true","false"
"fd5866d2580127142e46b58848da2471488f70c0","src/ui/main.mjs","ui","117","ArrowFunctionExpression","<callback:catch>","1483","1483","false","false"
"fd5866d2580127142e46b58848da2471488f70c0","src/ui/main.mjs","ui","118","ArrowFunctionExpression","startVoice","1474","1491","true","false"
"fd5866d2580127142e46b58848da2471488f70c0","src/ui/main.mjs","ui","119","ArrowFunctionExpression","<callback:catch>","1504","1504","false","false"
"fd5866d2580127142e46b58848da2471488f70c0","src/ui/main.mjs","ui","120","ArrowFunctionExpression","<callback:map>","1510","1510","false","false"
"fd5866d2580127142e46b58848da2471488f70c0","src/ui/main.mjs","ui","121","ArrowFunctionExpression","<callback:then>","1508","1511","false","false"
"fd5866d2580127142e46b58848da2471488f70c0","src/ui/main.mjs","ui","122","ArrowFunctionExpression","<callback:catch>","1512","1512","false","false"
"fd5866d2580127142e46b58848da2471488f70c0","src/ui/main.mjs","ui","123","ArrowFunctionExpression","<callback:then>","1518","1520","false","false"
"fd5866d2580127142e46b58848da2471488f70c0","src/ui/main.mjs","ui","124","ArrowFunctionExpression","<callback:catch>","1521","1521","false","false"
"fd5866d2580127142e46b58848da2471488f70c0","src/ui/main.mjs","ui","125","ArrowFunctionExpression","<callback:catch>","1559","1559","false","false"
"fd5866d2580127142e46b58848da2471488f70c0","src/ui/main.mjs","ui","126","ArrowFunctionExpression","<callback:setTimeout>","1558","1560","false","false"
"fd5866d2580127142e46b58848da2471488f70c0","src/ui/main.mjs","ui","127","ArrowFunctionExpression","onEvent","1548","1563","false","false"
"fd5866d2580127142e46b58848da2471488f70c0","src/ui/main.mjs","ui","128","ArrowFunctionExpression","<callback:catch>","1567","1567","false","false"
"fd5866d2580127142e46b58848da2471488f70c0","src/ui/main.mjs","ui","129","ArrowFunctionExpression","<callback:then>","1572","1576","false","false"
"fd5866d2580127142e46b58848da2471488f70c0","src/ui/main.mjs","ui","130","ArrowFunctionExpression","<callback:catch>","1577","1584","false","false"
"fd5866d2580127142e46b58848da2471488f70c0","src/ui/main.mjs","ui","131","ArrowFunctionExpression","<callback:catch>","1585","1585","false","false"
"fd5866d2580127142e46b58848da2471488f70c0","src/ui/main.mjs","ui","132","ArrowFunctionExpression","<callback:then>","1597","1597","false","false"
"fd5866d2580127142e46b58848da2471488f70c0","src/ui/main.mjs","ui","133","ArrowFunctionExpression","<callback:catch>","1598","1601","false","false"
"fd5866d2580127142e46b58848da2471488f70c0","src/ui/main.mjs","ui","134","ArrowFunctionExpression","<callback:catch>","1602","1602","false","false"
"fd5866d2580127142e46b58848da2471488f70c0","src/ui/main.mjs","ui","135","ArrowFunctionExpression","<callback:catch>","1612","1612","false","false"
"fd5866d2580127142e46b58848da2471488f70c0","src/ui/main.mjs","ui","136","ArrowFunctionExpression","<callback:map>","1621","1625","false","false"
"fd5866d2580127142e46b58848da2471488f70c0","src/ui/main.mjs","ui","137","ArrowFunctionExpression","<callback:then>","1617","1627","false","false"
"fd5866d2580127142e46b58848da2471488f70c0","src/ui/main.mjs","ui","138","ArrowFunctionExpression","<callback:catch>","1628","1628","false","false"
"fd5866d2580127142e46b58848da2471488f70c0","src/ui/main.mjs","ui","139","ArrowFunctionExpression","<callback:catch>","1629","1629","false","false"
"fd5866d2580127142e46b58848da2471488f70c0","src/ui/main.mjs","ui","140","ArrowFunctionExpression","<callback:catch>","1633","1633","false","false"
"fd5866d2580127142e46b58848da2471488f70c0","src/ui/main.mjs","ui","141","ArrowFunctionExpression","respond","1633","1633","false","false"
"fd5866d2580127142e46b58848da2471488f70c0","src/ui/main.mjs","ui","142","ArrowFunctionExpression","<callback:then>","1639","1642","false","false"
"fd5866d2580127142e46b58848da2471488f70c0","src/ui/main.mjs","ui","143","ArrowFunctionExpression","<callback:catch>","1643","1643","false","false"
"fd5866d2580127142e46b58848da2471488f70c0","src/ui/main.mjs","ui","144","ArrowFunctionExpression","<callback:catch>","1648","1648","false","false"
"fd5866d2580127142e46b58848da2471488f70c0","src/ui/main.mjs","ui","145","ArrowFunctionExpression","respond","1648","1648","false","false"
"fd5866d2580127142e46b58848da2471488f70c0","src/ui/main.mjs","ui","146","ArrowFunctionExpression","<callback:map>","1658","1658","false","false"
"fd5866d2580127142e46b58848da2471488f70c0","src/ui/main.mjs","ui","147","ArrowFunctionExpression","<callback:map>","1676","1676","false","false"
"fd5866d2580127142e46b58848da2471488f70c0","src/ui/main.mjs","ui","148","ArrowFunctionExpression","<callback:call>","1649","1678","true","false"
"fd5866d2580127142e46b58848da2471488f70c0","src/ui/main.mjs","ui","149","ArrowFunctionExpression","<callback:then>","1679","1679","false","false"
"fd5866d2580127142e46b58848da2471488f70c0","src/ui/main.mjs","ui","150","ArrowFunctionExpression","<callback:catch>","1680","1680","false","false"
"fd5866d2580127142e46b58848da2471488f70c0","src/ui/main.mjs","ui","151","ArrowFunctionExpression","<callback:catch>","1685","1685","false","false"
"fd5866d2580127142e46b58848da2471488f70c0","src/ui/main.mjs","ui","152","ArrowFunctionExpression","<callback:map>","1699","1699","false","false"
"fd5866d2580127142e46b58848da2471488f70c0","src/ui/main.mjs","ui","153","ArrowFunctionExpression","<callback:then>","1696","1710","false","false"
"fd5866d2580127142e46b58848da2471488f70c0","src/ui/main.mjs","ui","154","ArrowFunctionExpression","<callback:catch>","1710","1712","false","false"
"fd5866d2580127142e46b58848da2471488f70c0","src/ui/main.mjs","ui","155","ArrowFunctionExpression","<callback:catch>","1712","1712","false","false"
"fd5866d2580127142e46b58848da2471488f70c0","src/ui/main.mjs","ui","156","ArrowFunctionExpression","<callback:catch>","1723","1723","false","false"
"fd5866d2580127142e46b58848da2471488f70c0","src/ui/main.mjs","ui","157","ArrowFunctionExpression","<callback:catch>","1727","1727","false","false"
"fd5866d2580127142e46b58848da2471488f70c0","src/ui/main.mjs","ui","158","ArrowFunctionExpression","onToolCall","1564","1728","false","false"
"fd5866d2580127142e46b58848da2471488f70c0","src/ui/main.mjs","ui","159","ArrowFunctionExpression","onTranscript","1729","1734","false","false"
"fd5866d2580127142e46b58848da2471488f70c0","src/ui/main.mjs","ui","160","ArrowFunctionExpression","onModelTranscript","1737","1748","false","false"
"fd5866d2580127142e46b58848da2471488f70c0","src/ui/main.mjs","ui","161","ArrowFunctionExpression","onAudio","1749","1754","false","false"
"fd5866d2580127142e46b58848da2471488f70c0","src/ui/main.mjs","ui","162","ArrowFunctionExpression","onInterrupted","1755","1755","false","false"
"fd5866d2580127142e46b58848da2471488f70c0","src/ui/main.mjs","ui","163","ArrowFunctionExpression","onError","1756","1756","false","false"
"fd5866d2580127142e46b58848da2471488f70c0","src/ui/main.mjs","ui","164","ArrowFunctionExpression","startGeminiVoice","1493","1761","true","false"
"fd5866d2580127142e46b58848da2471488f70c0","src/ui/main.mjs","ui","165","ArrowFunctionExpression","<callback:setWindowOpenHandler>","1782","1782","false","false"
"fd5866d2580127142e46b58848da2471488f70c0","src/ui/main.mjs","ui","166","ArrowFunctionExpression","<callback:on>","1783","1785","false","false"
"fd5866d2580127142e46b58848da2471488f70c0","src/ui/main.mjs","ui","167","ArrowFunctionExpression","<callback:on>","1786","1786","false","false"
"fd5866d2580127142e46b58848da2471488f70c0","src/ui/main.mjs","ui","168","ArrowFunctionExpression","openHelpWindow","1765","1790","true","false"
"fd5866d2580127142e46b58848da2471488f70c0","src/ui/main.mjs","ui","169","ArrowFunctionExpression","<callback:handle>","1793","1793","false","false"
"fd5866d2580127142e46b58848da2471488f70c0","src/ui/main.mjs","ui","170","ArrowFunctionExpression","<callback:handle>","1794","1794","false","false"
"fd5866d2580127142e46b58848da2471488f70c0","src/ui/main.mjs","ui","171","ArrowFunctionExpression","<callback:handle>","1795","1795","false","false"
"fd5866d2580127142e46b58848da2471488f70c0","src/ui/main.mjs","ui","172","ArrowFunctionExpression","<callback:handle>","1796","1803","false","false"
"fd5866d2580127142e46b58848da2471488f70c0","src/ui/main.mjs","ui","173","ArrowFunctionExpression","<callback:handle>","1804","1804","false","false"
"fd5866d2580127142e46b58848da2471488f70c0","src/ui/main.mjs","ui","174","ArrowFunctionExpression","<callback:handle>","1805","1805","false","false"
"fd5866d2580127142e46b58848da2471488f70c0","src/ui/main.mjs","ui","175","ArrowFunctionExpression","<callback:handle>","1806","1806","false","false"
"fd5866d2580127142e46b58848da2471488f70c0","src/ui/main.mjs","ui","176","ArrowFunctionExpression","<callback:handle>","1807","1814","true","false"
"fd5866d2580127142e46b58848da2471488f70c0","src/ui/main.mjs","ui","177","ArrowFunctionExpression","<callback:handle>","1815","1822","true","false"
"fd5866d2580127142e46b58848da2471488f70c0","src/ui/main.mjs","ui","178","ArrowFunctionExpression","<callback:handle>","1823","1823","false","false"
"fd5866d2580127142e46b58848da2471488f70c0","src/ui/main.mjs","ui","179","ArrowFunctionExpression","<callback:handle>","1826","1831","false","false"
"fd5866d2580127142e46b58848da2471488f70c0","src/ui/main.mjs","ui","180","ArrowFunctionExpression","<callback:handle>","1832","1832","false","false"
"fd5866d2580127142e46b58848da2471488f70c0","src/ui/main.mjs","ui","181","ArrowFunctionExpression","<callback:handle>","1833","1833","false","false"
"fd5866d2580127142e46b58848da2471488f70c0","src/ui/main.mjs","ui","182","ArrowFunctionExpression","<callback:catch>","1840","1840","false","false"
"fd5866d2580127142e46b58848da2471488f70c0","src/ui/main.mjs","ui","183","ArrowFunctionExpression","<callback:handle>","1834","1843","true","false"
"fd5866d2580127142e46b58848da2471488f70c0","src/ui/main.mjs","ui","184","ArrowFunctionExpression","<callback:handle>","1844","1846","true","false"
"fd5866d2580127142e46b58848da2471488f70c0","src/ui/main.mjs","ui","185","ArrowFunctionExpression","<callback:handle>","1847","1847","false","false"
"fd5866d2580127142e46b58848da2471488f70c0","src/ui/main.mjs","ui","186","ArrowFunctionExpression","<callback:handle>","1852","1880","true","false"
"fd5866d2580127142e46b58848da2471488f70c0","src/ui/main.mjs","ui","187","ArrowFunctionExpression","<callback:handle>","1885","1907","true","false"
"fd5866d2580127142e46b58848da2471488f70c0","src/ui/main.mjs","ui","188","ArrowFunctionExpression","<callback:handle>","1908","1929","true","false"
"fd5866d2580127142e46b58848da2471488f70c0","src/ui/main.mjs","ui","189","ArrowFunctionExpression","<callback:handle>","1930","1930","false","false"
"fd5866d2580127142e46b58848da2471488f70c0","src/ui/main.mjs","ui","190","ArrowFunctionExpression","<callback:handle>","1931","1931","false","false"
"fd5866d2580127142e46b58848da2471488f70c0","src/ui/main.mjs","ui","191","ArrowFunctionExpression","<callback:handle>","1933","1949","true","false"
"fd5866d2580127142e46b58848da2471488f70c0","src/ui/main.mjs","ui","192","ArrowFunctionExpression","<callback:handle>","1951","1951","false","false"
"fd5866d2580127142e46b58848da2471488f70c0","src/ui/main.mjs","ui","193","ArrowFunctionExpression","<callback:handle>","1952","1952","false","false"
"fd5866d2580127142e46b58848da2471488f70c0","src/ui/main.mjs","ui","194","ArrowFunctionExpression","<callback:handle>","1953","1953","false","false"
"fd5866d2580127142e46b58848da2471488f70c0","src/ui/main.mjs","ui","195","ArrowFunctionExpression","<callback:handle>","1956","1956","false","false"
"fd5866d2580127142e46b58848da2471488f70c0","src/ui/main.mjs","ui","196","ArrowFunctionExpression","<callback:catch>","1961","1961","false","false"
"fd5866d2580127142e46b58848da2471488f70c0","src/ui/main.mjs","ui","197","ArrowFunctionExpression","<callback:handle>","1959","1966","true","false"
"fd5866d2580127142e46b58848da2471488f70c0","src/ui/main.mjs","ui","198","ArrowFunctionExpression","<callback:handle>","1969","1969","true","false"
"fd5866d2580127142e46b58848da2471488f70c0","src/ui/main.mjs","ui","199","ArrowFunctionExpression","<callback:handle>","1973","1975","true","false"
"fd5866d2580127142e46b58848da2471488f70c0","src/ui/main.mjs","ui","200","ArrowFunctionExpression","onEvent","1983","1983","false","false"
"fd5866d2580127142e46b58848da2471488f70c0","src/ui/main.mjs","ui","201","ArrowFunctionExpression","<callback:handle>","1985","1992","true","false"
"fd5866d2580127142e46b58848da2471488f70c0","src/ui/main.mjs","ui","202","ArrowFunctionExpression","<callback:handle>","1993","2004","true","false"
"fd5866d2580127142e46b58848da2471488f70c0","src/ui/main.mjs","ui","203","ArrowFunctionExpression","<callback:handle>","2005","2011","false","false"
"fd5866d2580127142e46b58848da2471488f70c0","src/ui/main.mjs","ui","204","ArrowFunctionExpression","<callback:handle>","2012","2012","false","false"
"fd5866d2580127142e46b58848da2471488f70c0","src/ui/main.mjs","ui","205","ArrowFunctionExpression","<callback:handle>","2013","2013","false","false"
"fd5866d2580127142e46b58848da2471488f70c0","src/ui/main.mjs","ui","206","ArrowFunctionExpression","<callback:handle>","2014","2014","false","false"
"fd5866d2580127142e46b58848da2471488f70c0","src/ui/main.mjs","ui","207","ArrowFunctionExpression","<callback:handle>","2015","2017","false","false"
"fd5866d2580127142e46b58848da2471488f70c0","src/ui/main.mjs","ui","208","ArrowFunctionExpression","<callback:handle>","2018","2018","false","false"
"fd5866d2580127142e46b58848da2471488f70c0","src/ui/main.mjs","ui","209","ArrowFunctionExpression","<callback:handle>","2019","2019","false","false"
"fd5866d2580127142e46b58848da2471488f70c0","src/ui/main.mjs","ui","210","ArrowFunctionExpression","<callback:handle>","2022","2024","true","false"
"fd5866d2580127142e46b58848da2471488f70c0","src/ui/main.mjs","ui","211","ArrowFunctionExpression","<callback:handle>","2028","2046","true","false"
"fd5866d2580127142e46b58848da2471488f70c0","src/ui/main.mjs","ui","212","ArrowFunctionExpression","<callback:handle>","2047","2054","false","false"
"fd5866d2580127142e46b58848da2471488f70c0","src/ui/main.mjs","ui","213","ArrowFunctionExpression","<callback:handle>","2058","2061","false","false"
"fd5866d2580127142e46b58848da2471488f70c0","src/ui/main.mjs","ui","214","ArrowFunctionExpression","<callback:handle>","2062","2066","false","false"
"fd5866d2580127142e46b58848da2471488f70c0","src/ui/main.mjs","ui","215","ArrowFunctionExpression","<callback:handle>","2067","2070","false","false"
"fd5866d2580127142e46b58848da2471488f70c0","src/ui/main.mjs","ui","216","ArrowFunctionExpression","<callback:handle>","2071","2076","true","false"
"fd5866d2580127142e46b58848da2471488f70c0","src/ui/main.mjs","ui","217","ArrowFunctionExpression","<callback:handle>","2080","2102","true","false"
"fd5866d2580127142e46b58848da2471488f70c0","src/ui/main.mjs","ui","218","ArrowFunctionExpression","<callback:handle>","2106","2130","true","false"
"fd5866d2580127142e46b58848da2471488f70c0","src/ui/main.mjs","ui","219","ArrowFunctionExpression","<callback:handle>","2132","2132","false","false"
"fd5866d2580127142e46b58848da2471488f70c0","src/ui/main.mjs","ui","220","ArrowFunctionExpression","<callback:handle>","2133","2133","false","false"
"fd5866d2580127142e46b58848da2471488f70c0","src/ui/main.mjs","ui","221","ArrowFunctionExpression","<callback:handle>","2134","2134","false","false"
"fd5866d2580127142e46b58848da2471488f70c0","src/ui/main.mjs","ui","222","ArrowFunctionExpression","<callback:handle>","2135","2135","false","false"
"fd5866d2580127142e46b58848da2471488f70c0","src/ui/main.mjs","ui","223","ArrowFunctionExpression","<callback:handle>","2136","2136","false","false"
"fd5866d2580127142e46b58848da2471488f70c0","src/ui/main.mjs","ui","224","ArrowFunctionExpression","<callback:handle>","2137","2137","false","false"
"fd5866d2580127142e46b58848da2471488f70c0","src/ui/main.mjs","ui","225","ArrowFunctionExpression","<callback:handle>","2138","2150","true","false"
"fd5866d2580127142e46b58848da2471488f70c0","src/ui/main.mjs","ui","226","ArrowFunctionExpression","<callback:handle>","2151","2161","true","false"
"fd5866d2580127142e46b58848da2471488f70c0","src/ui/main.mjs","ui","227","ArrowFunctionExpression","<callback:handle>","2162","2162","false","false"
"fd5866d2580127142e46b58848da2471488f70c0","src/ui/main.mjs","ui","228","ArrowFunctionExpression","<callback:handle>","2163","2170","true","false"
"fd5866d2580127142e46b58848da2471488f70c0","src/ui/main.mjs","ui","229","ArrowFunctionExpression","<callback:handle>","2171","2187","true","false"
"fd5866d2580127142e46b58848da2471488f70c0","src/ui/main.mjs","ui","230","ArrowFunctionExpression","isValidSender","2205","2208","false","false"
"fd5866d2580127142e46b58848da2471488f70c0","src/ui/main.mjs","ui","231","ArrowFunctionExpression","<callback:handle>","2213","2213","false","false"
"fd5866d2580127142e46b58848da2471488f70c0","src/ui/main.mjs","ui","232","ArrowFunctionExpression","<callback:handle>","2215","2215","false","false"
"fd5866d2580127142e46b58848da2471488f70c0","src/ui/main.mjs","ui","233","ArrowFunctionExpression","<callback:handle>","2216","2216","false","false"
"fd5866d2580127142e46b58848da2471488f70c0","src/ui/main.mjs","ui","234","ArrowFunctionExpression","<callback:catch>","2221","2221","false","false"
"fd5866d2580127142e46b58848da2471488f70c0","src/ui/main.mjs","ui","235","ArrowFunctionExpression","<callback:on>","2217","2227","false","false"
"fd5866d2580127142e46b58848da2471488f70c0","src/ui/main.mjs","ui","236","ArrowFunctionExpression","registerIpc","1792","2228","false","false"
"fd5866d2580127142e46b58848da2471488f70c0","src/ui/main.mjs","ui","237","ArrowFunctionExpression","<callback:on>","2253","2264","false","false"
"fd5866d2580127142e46b58848da2471488f70c0","src/ui/main.mjs","ui","238","ArrowFunctionExpression","<callback:setWindowOpenHandler>","2268","2268","false","false"
"fd5866d2580127142e46b58848da2471488f70c0","src/ui/main.mjs","ui","239","ArrowFunctionExpression","<callback:on>","2269","2271","false","false"
"fd5866d2580127142e46b58848da2471488f70c0","src/ui/main.mjs","ui","240","ArrowFunctionExpression","<callback:setTimeout>","2273","2273","false","false"
"fd5866d2580127142e46b58848da2471488f70c0","src/ui/main.mjs","ui","241","ArrowFunctionExpression","createWindow","2230","2274","true","false"
"fd5866d2580127142e46b58848da2471488f70c0","src/ui/main.mjs","ui","242","ArrowFunctionExpression","<callback:then>","2291","2295","false","false"
"fd5866d2580127142e46b58848da2471488f70c0","src/ui/main.mjs","ui","243","ArrowFunctionExpression","<callback:catch>","2296","2296","false","false"
"fd5866d2580127142e46b58848da2471488f70c0","src/ui/main.mjs","ui","244","ArrowFunctionExpression","<callback:setPermissionRequestHandler>","2314","2316","false","false"
"fd5866d2580127142e46b58848da2471488f70c0","src/ui/main.mjs","ui","245","ArrowFunctionExpression","<callback:map>","2321","2321","false","false"
"fd5866d2580127142e46b58848da2471488f70c0","src/ui/main.mjs","ui","246","ArrowFunctionExpression","<callback:find>","2322","2322","false","false"
"fd5866d2580127142e46b58848da2471488f70c0","src/ui/main.mjs","ui","247","ArrowFunctionExpression","<callback:map>","2332","2332","false","false"
"fd5866d2580127142e46b58848da2471488f70c0","src/ui/main.mjs","ui","248","ArrowFunctionExpression","<callback:filter>","2341","2341","false","false"
"fd5866d2580127142e46b58848da2471488f70c0","src/ui/main.mjs","ui","249","ArrowFunctionExpression","verify","2352","2352","true","false"
"fd5866d2580127142e46b58848da2471488f70c0","src/ui/main.mjs","ui","250","ArrowFunctionExpression","makeId","2393","2393","false","false"
"fd5866d2580127142e46b58848da2471488f70c0","src/ui/main.mjs","ui","251","ArrowFunctionExpression","readText","2399","2401","true","false"
"fd5866d2580127142e46b58848da2471488f70c0","src/ui/main.mjs","ui","252","ArrowFunctionExpression","<callback:catch>","2408","2408","false","false"
"fd5866d2580127142e46b58848da2471488f70c0","src/ui/main.mjs","ui","253","ArrowFunctionExpression","writeAtomic","2402","2410","true","false"
"fd5866d2580127142e46b58848da2471488f70c0","src/ui/main.mjs","ui","254","ArrowFunctionExpression","snapshot","2414","2414","false","false"
"fd5866d2580127142e46b58848da2471488f70c0","src/ui/main.mjs","ui","255","ArrowFunctionExpression","validateProvider","2415","2415","false","false"
"fd5866d2580127142e46b58848da2471488f70c0","src/ui/main.mjs","ui","256","ArrowFunctionExpression","updateNonSensitive","2416","2423","true","false"
"fd5866d2580127142e46b58848da2471488f70c0","src/ui/main.mjs","ui","257","ArrowFunctionExpression","providerTester","2428","2440","true","false"
"fd5866d2580127142e46b58848da2471488f70c0","src/ui/main.mjs","ui","258","ArrowFunctionExpression","securePermissions","2454","2454","false","false"
"fd5866d2580127142e46b58848da2471488f70c0","src/ui/main.mjs","ui","259","ArrowFunctionExpression","selectExportPath","2463","2470","true","false"
"fd5866d2580127142e46b58848da2471488f70c0","src/ui/main.mjs","ui","260","ArrowFunctionExpression","<callback:catch>","2480","2480","false","false"
"fd5866d2580127142e46b58848da2471488f70c0","src/ui/main.mjs","ui","261","ArrowFunctionExpression","writeAtomic","2472","2482","true","false"
"fd5866d2580127142e46b58848da2471488f70c0","src/ui/main.mjs","ui","262","ArrowFunctionExpression","<callback:then>","2505","2505","false","false"
"fd5866d2580127142e46b58848da2471488f70c0","src/ui/main.mjs","ui","263","ArrowFunctionExpression","<callback:catch>","2505","2505","false","false"
"fd5866d2580127142e46b58848da2471488f70c0","src/ui/main.mjs","ui","264","ArrowFunctionExpression","localAuthTokenProvider","2530","2536","true","false"
"fd5866d2580127142e46b58848da2471488f70c0","src/ui/main.mjs","ui","265","ArrowFunctionExpression","<anonymous>","2539","2539","true","false"
"fd5866d2580127142e46b58848da2471488f70c0","src/ui/main.mjs","ui","266","ArrowFunctionExpression","<anonymous>","2544","2548","true","false"
"fd5866d2580127142e46b58848da2471488f70c0","src/ui/main.mjs","ui","267","ArrowFunctionExpression","<callback:then>","2553","2556","false","false"
"fd5866d2580127142e46b58848da2471488f70c0","src/ui/main.mjs","ui","268","ArrowFunctionExpression","<callback:catch>","2556","2558","false","false"
"fd5866d2580127142e46b58848da2471488f70c0","src/ui/main.mjs","ui","269","ArrowFunctionExpression","getWebPage","2563","2563","true","false"
"fd5866d2580127142e46b58848da2471488f70c0","src/ui/main.mjs","ui","270","ArrowFunctionExpression","buildServices","2488","2568","false","false"
"fd5866d2580127142e46b58848da2471488f70c0","src/ui/main.mjs","ui","271","ArrowFunctionExpression","<callback:then>","2574","2574","false","false"
"fd5866d2580127142e46b58848da2471488f70c0","src/ui/main.mjs","ui","272","ArrowFunctionExpression","<callback:catch>","2575","2579","false","false"
"fd5866d2580127142e46b58848da2471488f70c0","src/ui/main.mjs","ui","273","ArrowFunctionExpression","<callback:setTimeout>","2623","2623","false","false"
"fd5866d2580127142e46b58848da2471488f70c0","src/ui/main.mjs","ui","274","ArrowFunctionExpression","onReply","2624","2630","false","false"
"fd5866d2580127142e46b58848da2471488f70c0","src/ui/main.mjs","ui","275","ArrowFunctionExpression","<anonymous>","2621","2635","false","false"
"fd5866d2580127142e46b58848da2471488f70c0","src/ui/main.mjs","ui","276","ArrowFunctionExpression","decodeAudioViaRenderer","2621","2635","false","false"
"fd5866d2580127142e46b58848da2471488f70c0","src/ui/main.mjs","ui","277","ArrowFunctionExpression","<anonymous>","2644","2644","true","false"
"fd5866d2580127142e46b58848da2471488f70c0","src/ui/main.mjs","ui","278","ArrowFunctionExpression","loadPipeline","2641","2645","true","false"
"fd5866d2580127142e46b58848da2471488f70c0","src/ui/main.mjs","ui","279","ArrowFunctionExpression","append","2646","2646","false","false"
"fd5866d2580127142e46b58848da2471488f70c0","src/ui/main.mjs","ui","280","ArrowFunctionExpression","loadMedia","2653","2653","false","false"
"fd5866d2580127142e46b58848da2471488f70c0","src/ui/main.mjs","ui","281","ArrowFunctionExpression","rememberExchange","2654","2654","false","false"
"fd5866d2580127142e46b58848da2471488f70c0","src/ui/main.mjs","ui","282","ArrowFunctionExpression","visionAnalyze","2655","2661","true","false"
"fd5866d2580127142e46b58848da2471488f70c0","src/ui/main.mjs","ui","283","ArrowFunctionExpression","notify","2663","2663","false","false"
"fd5866d2580127142e46b58848da2471488f70c0","src/ui/main.mjs","ui","284","ArrowFunctionExpression","append","2664","2664","false","false"
"fd5866d2580127142e46b58848da2471488f70c0","src/ui/main.mjs","ui","285","ArrowFunctionExpression","masterKey","2668","2668","false","false"
"fd5866d2580127142e46b58848da2471488f70c0","src/ui/main.mjs","ui","286","ArrowFunctionExpression","publicKeyFromSpki","2671","2673","false","false"
"fd5866d2580127142e46b58848da2471488f70c0","src/ui/main.mjs","ui","287","ArrowFunctionExpression","generate","2691","2691","true","false"
"fd5866d2580127142e46b58848da2471488f70c0","src/ui/main.mjs","ui","288","ArrowFunctionExpression","append","2693","2693","false","false"
"fd5866d2580127142e46b58848da2471488f70c0","src/ui/main.mjs","ui","289","ArrowFunctionExpression","onComplete","2701","2701","false","false"
"fd5866d2580127142e46b58848da2471488f70c0","src/ui/main.mjs","ui","290","ArrowFunctionExpression","append","2702","2702","false","false"
"fd5866d2580127142e46b58848da2471488f70c0","src/ui/main.mjs","ui","291","ArrowFunctionExpression","append","2706","2706","false","false"
"fd5866d2580127142e46b58848da2471488f70c0","src/ui/main.mjs","ui","292","ArrowFunctionExpression","rm","2722","2722","false","false"
"fd5866d2580127142e46b58848da2471488f70c0","src/ui/main.mjs","ui","293","ArrowFunctionExpression","append","2723","2723","false","false"
"fd5866d2580127142e46b58848da2471488f70c0","src/ui/main.mjs","ui","294","ArrowFunctionExpression","<callback:catch>","2725","2725","false","false"
"fd5866d2580127142e46b58848da2471488f70c0","src/ui/main.mjs","ui","295","ArrowFunctionExpression","<callback:catch>","2726","2726","false","false"
"fd5866d2580127142e46b58848da2471488f70c0","src/ui/main.mjs","ui","296","ArrowFunctionExpression","<callback:setInterval>","2726","2726","false","false"
"fd5866d2580127142e46b58848da2471488f70c0","src/ui/main.mjs","ui","297","ArrowFunctionExpression","writeWsb","2772","2778","true","false"
"fd5866d2580127142e46b58848da2471488f70c0","src/ui/main.mjs","ui","298","ArrowFunctionExpression","<callback:catch>","2792","2792","false","false"
"fd5866d2580127142e46b58848da2471488f70c0","src/ui/main.mjs","ui","299","ArrowFunctionExpression","<callback:map>","2793","2793","false","false"
"fd5866d2580127142e46b58848da2471488f70c0","src/ui/main.mjs","ui","300","ArrowFunctionExpression","listSkills","2791","2794","true","false"
"fd5866d2580127142e46b58848da2471488f70c0","src/ui/main.mjs","ui","301","ArrowFunctionExpression","<callback:catch>","2796","2796","false","false"
"fd5866d2580127142e46b58848da2471488f70c0","src/ui/main.mjs","ui","302","ArrowFunctionExpression","<callback:map>","2797","2797","false","false"
"fd5866d2580127142e46b58848da2471488f70c0","src/ui/main.mjs","ui","303","ArrowFunctionExpression","listBundledSkills","2795","2798","true","false"
"fd5866d2580127142e46b58848da2471488f70c0","src/ui/main.mjs","ui","304","ArrowFunctionExpression","sandboxDetect","2799","2799","false","false"
"fd5866d2580127142e46b58848da2471488f70c0","src/ui/main.mjs","ui","305","ArrowFunctionExpression","revalidateProposal","2803","2803","true","false"
"fd5866d2580127142e46b58848da2471488f70c0","src/ui/main.mjs","ui","306","ArrowFunctionExpression","loadInstructions","2808","2808","false","false"
"fd5866d2580127142e46b58848da2471488f70c0","src/ui/main.mjs","ui","307","ArrowFunctionExpression","selectSkillPackage","2812","2819","true","false"
"fd5866d2580127142e46b58848da2471488f70c0","src/ui/main.mjs","ui","308","ArrowFunctionExpression","securePermissions","2835","2835","false","false"
"fd5866d2580127142e46b58848da2471488f70c0","src/ui/main.mjs","ui","309","ArrowFunctionExpression","getClientConfig","2849","2854","true","false"
"fd5866d2580127142e46b58848da2471488f70c0","src/ui/main.mjs","ui","310","ArrowFunctionExpression","getCredentials","2855","2855","false","false"
"fd5866d2580127142e46b58848da2471488f70c0","src/ui/main.mjs","ui","311","ArrowFunctionExpression","searchMessages","2862","2862","true","false"
"fd5866d2580127142e46b58848da2471488f70c0","src/ui/main.mjs","ui","312","ArrowFunctionExpression","confirm","2868","2868","true","false"
"fd5866d2580127142e46b58848da2471488f70c0","src/ui/main.mjs","ui","313","ArrowFunctionExpression","verify","2869","2869","true","false"
"fd5866d2580127142e46b58848da2471488f70c0","src/ui/main.mjs","ui","314","ArrowFunctionExpression","authorize","2876","2876","true","false"
"fd5866d2580127142e46b58848da2471488f70c0","src/ui/main.mjs","ui","315","ArrowFunctionExpression","authorize","2886","2886","true","false"
"fd5866d2580127142e46b58848da2471488f70c0","src/ui/main.mjs","ui","316","ArrowFunctionExpression","audit","2920","2920","false","false"
"fd5866d2580127142e46b58848da2471488f70c0","src/ui/main.mjs","ui","317","ArrowFunctionExpression","onFrame","2949","2959","false","false"
"fd5866d2580127142e46b58848da2471488f70c0","src/ui/main.mjs","ui","318","ArrowFunctionExpression","onStatus","2960","2960","false","false"
"fd5866d2580127142e46b58848da2471488f70c0","src/ui/main.mjs","ui","319","ArrowFunctionExpression","reportCapability","2974","2978","false","false"
"fd5866d2580127142e46b58848da2471488f70c0","src/ui/main.mjs","ui","320","ArrowFunctionExpression","resolve","3020","3020","false","false"
"fd5866d2580127142e46b58848da2471488f70c0","src/ui/main.mjs","ui","321","ArrowFunctionExpression","append","3068","3068","false","false"
"fd5866d2580127142e46b58848da2471488f70c0","src/ui/main.mjs","ui","322","ArrowFunctionExpression","<callback:catch>","3070","3070","false","false"
"fd5866d2580127142e46b58848da2471488f70c0","src/ui/main.mjs","ui","323","ArrowFunctionExpression","<callback:catch>","3072","3072","false","false"
"fd5866d2580127142e46b58848da2471488f70c0","src/ui/main.mjs","ui","324","ArrowFunctionExpression","openAutomationDatabase","3076","3076","false","false"
"fd5866d2580127142e46b58848da2471488f70c0","src/ui/main.mjs","ui","325","ArrowFunctionExpression","simulate","3088","3088","true","false"
"fd5866d2580127142e46b58848da2471488f70c0","src/ui/main.mjs","ui","326","ArrowFunctionExpression","invoke","3089","3092","true","false"
"fd5866d2580127142e46b58848da2471488f70c0","src/ui/main.mjs","ui","327","ArrowFunctionExpression","simulate","3099","3099","true","false"
"fd5866d2580127142e46b58848da2471488f70c0","src/ui/main.mjs","ui","328","ArrowFunctionExpression","invoke","3100","3103","true","false"
"fd5866d2580127142e46b58848da2471488f70c0","src/ui/main.mjs","ui","329","ArrowFunctionExpression","invoke","3113","3116","true","false"
"fd5866d2580127142e46b58848da2471488f70c0","src/ui/main.mjs","ui","330","ArrowFunctionExpression","generate","3120","3120","true","false"
"fd5866d2580127142e46b58848da2471488f70c0","src/ui/main.mjs","ui","331","ArrowFunctionExpression","disable","3124","3124","true","false"
"fd5866d2580127142e46b58848da2471488f70c0","src/ui/main.mjs","ui","332","ArrowFunctionExpression","restore","3125","3125","true","false"
"fd5866d2580127142e46b58848da2471488f70c0","src/ui/main.mjs","ui","333","ArrowFunctionExpression","disable","3129","3129","true","false"
"fd5866d2580127142e46b58848da2471488f70c0","src/ui/main.mjs","ui","334","ArrowFunctionExpression","restore","3130","3130","true","false"
"fd5866d2580127142e46b58848da2471488f70c0","src/ui/main.mjs","ui","335","ArrowFunctionExpression","open","3138","3138","true","false"
"fd5866d2580127142e46b58848da2471488f70c0","src/ui/main.mjs","ui","336","ArrowFunctionExpression","<callback:map>","3144","3148","false","false"
"fd5866d2580127142e46b58848da2471488f70c0","src/ui/main.mjs","ui","337","ArrowFunctionExpression","<callback:filter>","3149","3149","false","false"
"fd5866d2580127142e46b58848da2471488f70c0","src/ui/main.mjs","ui","338","ArrowFunctionExpression","export","3142","3150","true","false"
"fd5866d2580127142e46b58848da2471488f70c0","src/ui/main.mjs","ui","339","ArrowFunctionExpression","readFile","3153","3153","false","false"
"fd5866d2580127142e46b58848da2471488f70c0","src/ui/main.mjs","ui","340","ArrowFunctionExpression","writeFile","3154","3154","false","false"
"fd5866d2580127142e46b58848da2471488f70c0","src/ui/main.mjs","ui","341","ArrowFunctionExpression","readFile","3157","3157","false","false"
"fd5866d2580127142e46b58848da2471488f70c0","src/ui/main.mjs","ui","342","ArrowFunctionExpression","writeFile","3158","3162","true","false"
"fd5866d2580127142e46b58848da2471488f70c0","src/ui/main.mjs","ui","343","ArrowFunctionExpression","evidenceProvider","3194","3194","false","false"
"fd5866d2580127142e46b58848da2471488f70c0","src/ui/main.mjs","ui","344","ArrowFunctionExpression","<anonymous>","3196","3196","false","false"
"fd5866d2580127142e46b58848da2471488f70c0","src/ui/main.mjs","ui","345","ArrowFunctionExpression","<callback:catch>","3199","3199","false","false"
"fd5866d2580127142e46b58848da2471488f70c0","src/ui/main.mjs","ui","346","ArrowFunctionExpression","<callback:catch>","3200","3200","false","false"
"fd5866d2580127142e46b58848da2471488f70c0","src/ui/main.mjs","ui","347","ArrowFunctionExpression","<callback:map>","3200","3200","false","false"
"fd5866d2580127142e46b58848da2471488f70c0","src/ui/main.mjs","ui","348","ArrowFunctionExpression","<anonymous>","3197","3201","true","false"
"fd5866d2580127142e46b58848da2471488f70c0","src/ui/main.mjs","ui","349","ArrowFunctionExpression","readText","3209","3209","false","false"
"fd5866d2580127142e46b58848da2471488f70c0","src/ui/main.mjs","ui","350","ArrowFunctionExpression","<callback:catch>","3216","3216","false","false"
"fd5866d2580127142e46b58848da2471488f70c0","src/ui/main.mjs","ui","351","ArrowFunctionExpression","writeAtomic","3210","3218","true","false"
"fd5866d2580127142e46b58848da2471488f70c0","src/ui/main.mjs","ui","352","ArrowFunctionExpression","<anonymous>","3227","3234","false","false"
"fd5866d2580127142e46b58848da2471488f70c0","src/ui/main.mjs","ui","353","ArrowFunctionExpression","makeAdbWifiStatusLogger","3225","3235","false","false"
"fd5866d2580127142e46b58848da2471488f70c0","src/ui/main.mjs","ui","354","ArrowFunctionExpression","onStatus","3242","3245","false","false"
"fd5866d2580127142e46b58848da2471488f70c0","src/ui/main.mjs","ui","355","ArrowFunctionExpression","migrateLegacy","3261","3261","false","false"
"fd5866d2580127142e46b58848da2471488f70c0","src/ui/main.mjs","ui","356","ArrowFunctionExpression","recallEndpoint","3267","3270","true","false"
"fd5866d2580127142e46b58848da2471488f70c0","src/ui/main.mjs","ui","357","ArrowFunctionExpression","rememberEndpoint","3271","3273","true","false"
"fd5866d2580127142e46b58848da2471488f70c0","src/ui/main.mjs","ui","358","ArrowFunctionExpression","onStatus","3274","3277","false","false"
"fd5866d2580127142e46b58848da2471488f70c0","src/ui/main.mjs","ui","359","ArrowFunctionExpression","<callback:catch>","3283","3286","false","false"
"fd5866d2580127142e46b58848da2471488f70c0","src/ui/main.mjs","ui","360","ArrowFunctionExpression","<callback:register>","3287","3287","false","false"
"fd5866d2580127142e46b58848da2471488f70c0","src/ui/main.mjs","ui","361","ArrowFunctionExpression","<callback:then>","2276","3289","true","false"
"fd5866d2580127142e46b58848da2471488f70c0","src/ui/main.mjs","ui","362","ArrowFunctionExpression","<callback:on>","3293","3293","false","false"
"fd5866d2580127142e46b58848da2471488f70c0","src/ui/main.mjs","ui","363","ArrowFunctionExpression","<callback:on>","3294","3301","false","false"
"fd5866d2580127142e46b58848da2471488f70c0","src/ui/main.mjs","ui","364","ArrowFunctionExpression","<callback:call>","3313","3326","true","false"
"fd5866d2580127142e46b58848da2471488f70c0","src/ui/main.mjs","ui","365","ArrowFunctionExpression","<callback:finally>","3326","3326","false","false"
"fd5866d2580127142e46b58848da2471488f70c0","src/ui/main.mjs","ui","366","ArrowFunctionExpression","<callback:on>","3302","3327","false","false"
"fd5866d2580127142e46b58848da2471488f70c0","src/ui/pages/analytics-controller.mjs","ui","1","FunctionDeclaration","requireObject","11","14","false","false"
"fd5866d2580127142e46b58848da2471488f70c0","src/ui/pages/analytics-controller.mjs","ui","2","FunctionDeclaration","validateQuery","16","37","false","false"
"fd5866d2580127142e46b58848da2471488f70c0","src/ui/pages/analytics-controller.mjs","ui","3","FunctionDeclaration","validateBudgetScope","39","46","false","false"
"fd5866d2580127142e46b58848da2471488f70c0","src/ui/pages/analytics-controller.mjs","ui","4","ArrowFunctionExpression","<callback:map>","49","49","false","false"
"fd5866d2580127142e46b58848da2471488f70c0","src/ui/pages/analytics-controller.mjs","ui","5","FunctionDeclaration","safeRow","48","50","false","false"
"fd5866d2580127142e46b58848da2471488f70c0","src/ui/pages/analytics-controller.mjs","ui","6","FunctionDeclaration","csvCell","52","58","false","false"
"fd5866d2580127142e46b58848da2471488f70c0","src/ui/pages/analytics-controller.mjs","ui","7","ArrowFunctionExpression","<callback:map>","64","64","false","false"
"fd5866d2580127142e46b58848da2471488f70c0","src/ui/pages/analytics-controller.mjs","ui","8","ArrowFunctionExpression","<callback:map>","64","64","false","false"
"fd5866d2580127142e46b58848da2471488f70c0","src/ui/pages/analytics-controller.mjs","ui","9","FunctionDeclaration","serialize","60","65","false","false"
"fd5866d2580127142e46b58848da2471488f70c0","src/ui/pages/analytics-controller.mjs","ui","10","FunctionDeclaration","query","79","81","true","false"
"fd5866d2580127142e46b58848da2471488f70c0","src/ui/pages/analytics-controller.mjs","ui","11","FunctionDeclaration","budgetSnapshot","83","85","true","false"
"fd5866d2580127142e46b58848da2471488f70c0","src/ui/pages/analytics-controller.mjs","ui","12","FunctionDeclaration","exportAnalytics","87","110","true","false"
"fd5866d2580127142e46b58848da2471488f70c0","src/ui/pages/analytics-controller.mjs","ui","13","FunctionDeclaration","createAnalyticsController","67","113","false","false"
"fd5866d2580127142e46b58848da2471488f70c0","src/ui/pages/approval-controller.mjs","ui","1","FunctionExpression","remoteApprove","12","22","true","false"
"fd5866d2580127142e46b58848da2471488f70c0","src/ui/pages/approval-controller.mjs","ui","2","ArrowFunctionExpression","approve","24","24","false","false"
"fd5866d2580127142e46b58848da2471488f70c0","src/ui/pages/approval-controller.mjs","ui","3","ArrowFunctionExpression","deny","25","25","false","false"
"fd5866d2580127142e46b58848da2471488f70c0","src/ui/pages/approval-controller.mjs","ui","4","ArrowFunctionExpression","consume","26","26","false","false"
"fd5866d2580127142e46b58848da2471488f70c0","src/ui/pages/approval-controller.mjs","ui","5","ArrowFunctionExpression","get","27","27","false","false"
"fd5866d2580127142e46b58848da2471488f70c0","src/ui/pages/approval-controller.mjs","ui","6","FunctionDeclaration","createApprovalController","1","29","false","false"
"fd5866d2580127142e46b58848da2471488f70c0","src/ui/pages/automation-controller.mjs","ui","1","FunctionDeclaration","redactStep","3","13","false","false"
"fd5866d2580127142e46b58848da2471488f70c0","src/ui/pages/automation-controller.mjs","ui","2","FunctionDeclaration","redactRun","15","28","false","false"
"fd5866d2580127142e46b58848da2471488f70c0","src/ui/pages/automation-controller.mjs","ui","3","ArrowFunctionExpression","listDefinitions","44","44","false","false"
"fd5866d2580127142e46b58848da2471488f70c0","src/ui/pages/automation-controller.mjs","ui","4","ArrowFunctionExpression","getDefinition","45","45","false","false"
"fd5866d2580127142e46b58848da2471488f70c0","src/ui/pages/automation-controller.mjs","ui","5","ArrowFunctionExpression","createDefinition","46","46","false","false"
"fd5866d2580127142e46b58848da2471488f70c0","src/ui/pages/automation-controller.mjs","ui","6","ArrowFunctionExpression","transitionDefinition","47","49","false","false"
"fd5866d2580127142e46b58848da2471488f70c0","src/ui/pages/automation-controller.mjs","ui","7","ArrowFunctionExpression","createGrant","50","50","false","false"
"fd5866d2580127142e46b58848da2471488f70c0","src/ui/pages/automation-controller.mjs","ui","8","FunctionExpression","simulate","52","56","true","false"
"fd5866d2580127142e46b58848da2471488f70c0","src/ui/pages/automation-controller.mjs","ui","9","FunctionExpression","evaluate","58","63","true","false"
"fd5866d2580127142e46b58848da2471488f70c0","src/ui/pages/automation-controller.mjs","ui","10","FunctionExpression","getRun","65","67","true","false"
"fd5866d2580127142e46b58848da2471488f70c0","src/ui/pages/automation-controller.mjs","ui","11","FunctionExpression","listRuns","69","71","true","false"
"fd5866d2580127142e46b58848da2471488f70c0","src/ui/pages/automation-controller.mjs","ui","12","FunctionExpression","healthSnapshot","73","75","true","false"
"fd5866d2580127142e46b58848da2471488f70c0","src/ui/pages/automation-controller.mjs","ui","13","FunctionDeclaration","createAutomationController","30","77","false","false"
"fd5866d2580127142e46b58848da2471488f70c0","src/ui/pages/camera-controller.mjs","ui","1","FunctionDeclaration","exactShape","7","13","false","false"
"fd5866d2580127142e46b58848da2471488f70c0","src/ui/pages/camera-controller.mjs","ui","2","FunctionDeclaration","decodeSample","15","21","false","false"
"fd5866d2580127142e46b58848da2471488f70c0","src/ui/pages/camera-controller.mjs","ui","3","FunctionDeclaration","status","34","51","true","false"
"fd5866d2580127142e46b58848da2471488f70c0","src/ui/pages/camera-controller.mjs","ui","4","FunctionDeclaration","start","53","61","true","false"
"fd5866d2580127142e46b58848da2471488f70c0","src/ui/pages/camera-controller.mjs","ui","5","FunctionDeclaration","stop","63","69","true","false"
"fd5866d2580127142e46b58848da2471488f70c0","src/ui/pages/camera-controller.mjs","ui","6","FunctionDeclaration","switchLens","71","79","true","false"
"fd5866d2580127142e46b58848da2471488f70c0","src/ui/pages/camera-controller.mjs","ui","7","FunctionDeclaration","nextPreviewFrame","81","88","true","false"
"fd5866d2580127142e46b58848da2471488f70c0","src/ui/pages/camera-controller.mjs","ui","8","FunctionDeclaration","enroll","90","94","true","false"
"fd5866d2580127142e46b58848da2471488f70c0","src/ui/pages/camera-controller.mjs","ui","9","FunctionDeclaration","deleteProfile","96","100","true","false"
"fd5866d2580127142e46b58848da2471488f70c0","src/ui/pages/camera-controller.mjs","ui","10","FunctionDeclaration","createCameraController","23","103","false","false"
"fd5866d2580127142e46b58848da2471488f70c0","src/ui/pages/connector-controller.mjs","ui","1","FunctionDeclaration","redactConnector","4","16","false","false"
"fd5866d2580127142e46b58848da2471488f70c0","src/ui/pages/connector-controller.mjs","ui","2","FunctionDeclaration","redactPublisherTrust","18","24","false","false"
"fd5866d2580127142e46b58848da2471488f70c0","src/ui/pages/connector-controller.mjs","ui","3","ArrowFunctionExpression","importPackage","34","34","false","false"
"fd5866d2580127142e46b58848da2471488f70c0","src/ui/pages/connector-controller.mjs","ui","4","ArrowFunctionExpression","inspectJob","35","35","false","false"
"fd5866d2580127142e46b58848da2471488f70c0","src/ui/pages/connector-controller.mjs","ui","5","ArrowFunctionExpression","install","36","36","false","false"
"fd5866d2580127142e46b58848da2471488f70c0","src/ui/pages/connector-controller.mjs","ui","6","ArrowFunctionExpression","approvePublisher","37","37","false","false"
"fd5866d2580127142e46b58848da2471488f70c0","src/ui/pages/connector-controller.mjs","ui","7","ArrowFunctionExpression","<callback:map>","44","44","false","false"
"fd5866d2580127142e46b58848da2471488f70c0","src/ui/pages/connector-controller.mjs","ui","8","FunctionExpression","list","42","45","true","false"
"fd5866d2580127142e46b58848da2471488f70c0","src/ui/pages/connector-controller.mjs","ui","9","FunctionExpression","publisherTrust","48","50","true","false"
"fd5866d2580127142e46b58848da2471488f70c0","src/ui/pages/connector-controller.mjs","ui","10","ArrowFunctionExpression","stageUpdate","52","55","false","false"
"fd5866d2580127142e46b58848da2471488f70c0","src/ui/pages/connector-controller.mjs","ui","11","ArrowFunctionExpression","permissionDiff","56","59","false","false"
"fd5866d2580127142e46b58848da2471488f70c0","src/ui/pages/connector-controller.mjs","ui","12","ArrowFunctionExpression","activateVersion","63","66","false","false"
"fd5866d2580127142e46b58848da2471488f70c0","src/ui/pages/connector-controller.mjs","ui","13","ArrowFunctionExpression","rollbackVersion","67","70","false","false"
"fd5866d2580127142e46b58848da2471488f70c0","src/ui/pages/connector-controller.mjs","ui","14","ArrowFunctionExpression","revokePublisher","72","75","false","false"
"fd5866d2580127142e46b58848da2471488f70c0","src/ui/pages/connector-controller.mjs","ui","15","FunctionDeclaration","createConnectorController","26","77","false","false"
"fd5866d2580127142e46b58848da2471488f70c0","src/ui/pages/document-controller.mjs","ui","1","ArrowFunctionExpression","intakeDocument","8","8","false","false"
"fd5866d2580127142e46b58848da2471488f70c0","src/ui/pages/document-controller.mjs","ui","2","ArrowFunctionExpression","getDocument","9","9","false","false"
"fd5866d2580127142e46b58848da2471488f70c0","src/ui/pages/document-controller.mjs","ui","3","ArrowFunctionExpression","promoteDocument","10","10","false","false"
"fd5866d2580127142e46b58848da2471488f70c0","src/ui/pages/document-controller.mjs","ui","4","FunctionExpression","parseDocument","12","17","true","false"
"fd5866d2580127142e46b58848da2471488f70c0","src/ui/pages/document-controller.mjs","ui","5","ArrowFunctionExpression","proposeClassification","19","19","false","false"
"fd5866d2580127142e46b58848da2471488f70c0","src/ui/pages/document-controller.mjs","ui","6","ArrowFunctionExpression","confirmClassification","20","20","false","false"
"fd5866d2580127142e46b58848da2471488f70c0","src/ui/pages/document-controller.mjs","ui","7","ArrowFunctionExpression","indexSelection","21","21","false","false"
"fd5866d2580127142e46b58848da2471488f70c0","src/ui/pages/document-controller.mjs","ui","8","ArrowFunctionExpression","forgetDocument","22","22","false","false"
"fd5866d2580127142e46b58848da2471488f70c0","src/ui/pages/document-controller.mjs","ui","9","ArrowFunctionExpression","proposeFill","24","24","false","false"
"fd5866d2580127142e46b58848da2471488f70c0","src/ui/pages/document-controller.mjs","ui","10","ArrowFunctionExpression","renderFormPreview","25","25","false","false"
"fd5866d2580127142e46b58848da2471488f70c0","src/ui/pages/document-controller.mjs","ui","11","ArrowFunctionExpression","commitFormCopy","26","26","false","false"
"fd5866d2580127142e46b58848da2471488f70c0","src/ui/pages/document-controller.mjs","ui","12","ArrowFunctionExpression","convertDocument","28","28","false","false"
"fd5866d2580127142e46b58848da2471488f70c0","src/ui/pages/document-controller.mjs","ui","13","ArrowFunctionExpression","downloadDocument","29","29","false","false"
"fd5866d2580127142e46b58848da2471488f70c0","src/ui/pages/document-controller.mjs","ui","14","ArrowFunctionExpression","discoverPrinters","31","31","false","false"
"fd5866d2580127142e46b58848da2471488f70c0","src/ui/pages/document-controller.mjs","ui","15","ArrowFunctionExpression","approvePrinter","32","32","false","false"
"fd5866d2580127142e46b58848da2471488f70c0","src/ui/pages/document-controller.mjs","ui","16","ArrowFunctionExpression","proposePrint","33","33","false","false"
"fd5866d2580127142e46b58848da2471488f70c0","src/ui/pages/document-controller.mjs","ui","17","ArrowFunctionExpression","submitPrint","34","34","false","false"
"fd5866d2580127142e46b58848da2471488f70c0","src/ui/pages/document-controller.mjs","ui","18","ArrowFunctionExpression","reconcilePrint","35","35","false","false"
"fd5866d2580127142e46b58848da2471488f70c0","src/ui/pages/document-controller.mjs","ui","19","FunctionDeclaration","createDocumentController","1","37","false","false"
"fd5866d2580127142e46b58848da2471488f70c0","src/ui/pages/emergency-controller.mjs","ui","1","ArrowFunctionExpression","buildCorpus","6","6","false","false"
"fd5866d2580127142e46b58848da2471488f70c0","src/ui/pages/emergency-controller.mjs","ui","2","ArrowFunctionExpression","verifyCorpus","7","7","false","false"
"fd5866d2580127142e46b58848da2471488f70c0","src/ui/pages/emergency-controller.mjs","ui","3","ArrowFunctionExpression","activate","8","8","false","false"
"fd5866d2580127142e46b58848da2471488f70c0","src/ui/pages/emergency-controller.mjs","ui","4","ArrowFunctionExpression","deactivate","9","9","false","false"
"fd5866d2580127142e46b58848da2471488f70c0","src/ui/pages/emergency-controller.mjs","ui","5","ArrowFunctionExpression","search","10","10","false","false"
"fd5866d2580127142e46b58848da2471488f70c0","src/ui/pages/emergency-controller.mjs","ui","6","FunctionExpression","status","12","15","true","false"
"fd5866d2580127142e46b58848da2471488f70c0","src/ui/pages/emergency-controller.mjs","ui","7","FunctionDeclaration","createEmergencyController","1","17","false","false"
"fd5866d2580127142e46b58848da2471488f70c0","src/ui/pages/evaluation-controller.mjs","ui","1","ArrowFunctionExpression","runSuite","7","7","false","false"
"fd5866d2580127142e46b58848da2471488f70c0","src/ui/pages/evaluation-controller.mjs","ui","2","ArrowFunctionExpression","compareRuns","8","8","false","false"
"fd5866d2580127142e46b58848da2471488f70c0","src/ui/pages/evaluation-controller.mjs","ui","3","FunctionDeclaration","createEvaluationController","1","10","false","false"
"fd5866d2580127142e46b58848da2471488f70c0","src/ui/pages/graph-controller.mjs","ui","1","ArrowFunctionExpression","getSubgraph","7","9","false","false"
"fd5866d2580127142e46b58848da2471488f70c0","src/ui/pages/graph-controller.mjs","ui","2","ArrowFunctionExpression","upsertEntity","10","10","false","false"
"fd5866d2580127142e46b58848da2471488f70c0","src/ui/pages/graph-controller.mjs","ui","3","ArrowFunctionExpression","proposeEdge","11","11","false","false"
"fd5866d2580127142e46b58848da2471488f70c0","src/ui/pages/graph-controller.mjs","ui","4","ArrowFunctionExpression","confirmEdge","12","12","false","false"
"fd5866d2580127142e46b58848da2471488f70c0","src/ui/pages/graph-controller.mjs","ui","5","ArrowFunctionExpression","disputeEdge","13","13","false","false"
"fd5866d2580127142e46b58848da2471488f70c0","src/ui/pages/graph-controller.mjs","ui","6","ArrowFunctionExpression","forgetEntity","14","14","false","false"
"fd5866d2580127142e46b58848da2471488f70c0","src/ui/pages/graph-controller.mjs","ui","7","FunctionExpression","resolveEntity","16","19","true","false"
"fd5866d2580127142e46b58848da2471488f70c0","src/ui/pages/graph-controller.mjs","ui","8","FunctionExpression","listContacts","21","24","true","false"
"fd5866d2580127142e46b58848da2471488f70c0","src/ui/pages/graph-controller.mjs","ui","9","FunctionExpression","resolveContactEndpoint","26","29","true","false"
"fd5866d2580127142e46b58848da2471488f70c0","src/ui/pages/graph-controller.mjs","ui","10","FunctionDeclaration","createGraphController","3","31","false","false"
"fd5866d2580127142e46b58848da2471488f70c0","src/ui/pages/home-controller.mjs","ui","1","ArrowFunctionExpression","<callback:map>","7","7","false","false"
"fd5866d2580127142e46b58848da2471488f70c0","src/ui/pages/home-controller.mjs","ui","2","FunctionDeclaration","publicDevice","1","9","false","false"
"fd5866d2580127142e46b58848da2471488f70c0","src/ui/pages/home-controller.mjs","ui","3","ArrowFunctionExpression","<callback:map>","18","18","true","false"
"fd5866d2580127142e46b58848da2471488f70c0","src/ui/pages/home-controller.mjs","ui","4","FunctionDeclaration","connectorHealth","17","20","true","false"
"fd5866d2580127142e46b58848da2471488f70c0","src/ui/pages/home-controller.mjs","ui","5","FunctionDeclaration","requestPermission","22","26","true","false"
"fd5866d2580127142e46b58848da2471488f70c0","src/ui/pages/home-controller.mjs","ui","6","FunctionDeclaration","discover","28","32","true","false"
"fd5866d2580127142e46b58848da2471488f70c0","src/ui/pages/home-controller.mjs","ui","7","FunctionDeclaration","list","34","36","false","false"
"fd5866d2580127142e46b58848da2471488f70c0","src/ui/pages/home-controller.mjs","ui","8","FunctionDeclaration","resolve","38","40","false","false"
"fd5866d2580127142e46b58848da2471488f70c0","src/ui/pages/home-controller.mjs","ui","9","FunctionDeclaration","editDevice","42","47","true","false"
"fd5866d2580127142e46b58848da2471488f70c0","src/ui/pages/home-controller.mjs","ui","10","FunctionDeclaration","execute","49","51","true","false"
"fd5866d2580127142e46b58848da2471488f70c0","src/ui/pages/home-controller.mjs","ui","11","FunctionDeclaration","auditHistory","53","55","false","false"
"fd5866d2580127142e46b58848da2471488f70c0","src/ui/pages/home-controller.mjs","ui","12","FunctionDeclaration","createHomeController","11","60","false","false"
"fd5866d2580127142e46b58848da2471488f70c0","src/ui/pages/mail-controller.mjs","ui","1","ArrowFunctionExpression","listAccounts","8","8","false","false"
"fd5866d2580127142e46b58848da2471488f70c0","src/ui/pages/mail-controller.mjs","ui","2","ArrowFunctionExpression","pauseAccount","9","9","false","false"
"fd5866d2580127142e46b58848da2471488f70c0","src/ui/pages/mail-controller.mjs","ui","3","ArrowFunctionExpression","resumeAccount","10","10","false","false"
"fd5866d2580127142e46b58848da2471488f70c0","src/ui/pages/mail-controller.mjs","ui","4","ArrowFunctionExpression","search","11","11","false","false"
"fd5866d2580127142e46b58848da2471488f70c0","src/ui/pages/mail-controller.mjs","ui","5","ArrowFunctionExpression","proposeDraft","12","12","false","false"
"fd5866d2580127142e46b58848da2471488f70c0","src/ui/pages/mail-controller.mjs","ui","6","ArrowFunctionExpression","proposeSend","13","13","false","false"
"fd5866d2580127142e46b58848da2471488f70c0","src/ui/pages/mail-controller.mjs","ui","7","ArrowFunctionExpression","commit","14","14","false","false"
"fd5866d2580127142e46b58848da2471488f70c0","src/ui/pages/mail-controller.mjs","ui","8","FunctionDeclaration","createMailController","1","16","false","false"
"fd5866d2580127142e46b58848da2471488f70c0","src/ui/pages/personality-controller.mjs","ui","1","ArrowFunctionExpression","get","8","8","false","false"
"fd5866d2580127142e46b58848da2471488f70c0","src/ui/pages/personality-controller.mjs","ui","2","ArrowFunctionExpression","proposePatch","10","10","false","false"
"fd5866d2580127142e46b58848da2471488f70c0","src/ui/pages/personality-controller.mjs","ui","3","ArrowFunctionExpression","confirmPatch","11","11","false","false"
"fd5866d2580127142e46b58848da2471488f70c0","src/ui/pages/personality-controller.mjs","ui","4","ArrowFunctionExpression","rollback","12","12","false","false"
"fd5866d2580127142e46b58848da2471488f70c0","src/ui/pages/personality-controller.mjs","ui","5","ArrowFunctionExpression","renderStyleContext","13","13","false","false"
"fd5866d2580127142e46b58848da2471488f70c0","src/ui/pages/personality-controller.mjs","ui","6","FunctionDeclaration","createPersonalityController","1","15","false","false"
"fd5866d2580127142e46b58848da2471488f70c0","src/ui/pages/recovery-controller.mjs","ui","1","FunctionDeclaration","redactCase","3","13","false","false"
"fd5866d2580127142e46b58848da2471488f70c0","src/ui/pages/recovery-controller.mjs","ui","2","FunctionExpression","listCases","22","24","true","false"
"fd5866d2580127142e46b58848da2471488f70c0","src/ui/pages/recovery-controller.mjs","ui","3","FunctionExpression","reconcileCase","25","27","true","false"
"fd5866d2580127142e46b58848da2471488f70c0","src/ui/pages/recovery-controller.mjs","ui","4","ArrowFunctionExpression","proposeNextAction","28","28","false","false"
"fd5866d2580127142e46b58848da2471488f70c0","src/ui/pages/recovery-controller.mjs","ui","5","ArrowFunctionExpression","closeManually","29","29","false","false"
"fd5866d2580127142e46b58848da2471488f70c0","src/ui/pages/recovery-controller.mjs","ui","6","FunctionDeclaration","createRecoveryController","15","31","false","false"
"fd5866d2580127142e46b58848da2471488f70c0","src/ui/pages/settings-controller.mjs","ui","1","ArrowFunctionExpression","<callback:map>","21","23","false","false"
"fd5866d2580127142e46b58848da2471488f70c0","src/ui/pages/settings-controller.mjs","ui","2","FunctionDeclaration","getSchema","17","25","false","false"
"fd5866d2580127142e46b58848da2471488f70c0","src/ui/pages/settings-controller.mjs","ui","3","FunctionDeclaration","getState","27","32","true","false"
"fd5866d2580127142e46b58848da2471488f70c0","src/ui/pages/settings-controller.mjs","ui","4","ArrowFunctionExpression","<callback:setTimeout>","47","50","false","false"
"fd5866d2580127142e46b58848da2471488f70c0","src/ui/pages/settings-controller.mjs","ui","5","ArrowFunctionExpression","<anonymous>","46","52","false","false"
"fd5866d2580127142e46b58848da2471488f70c0","src/ui/pages/settings-controller.mjs","ui","6","FunctionDeclaration","testProvider","34","58","true","false"
"fd5866d2580127142e46b58848da2471488f70c0","src/ui/pages/settings-controller.mjs","ui","7","ArrowFunctionExpression","update","63","63","false","false"
"fd5866d2580127142e46b58848da2471488f70c0","src/ui/pages/settings-controller.mjs","ui","8","ArrowFunctionExpression","setSecret","64","64","false","false"
"fd5866d2580127142e46b58848da2471488f70c0","src/ui/pages/settings-controller.mjs","ui","9","ArrowFunctionExpression","revokeSecret","65","65","false","false"
"fd5866d2580127142e46b58848da2471488f70c0","src/ui/pages/settings-controller.mjs","ui","10","FunctionDeclaration","createSettingsController","4","68","false","false"
"fd5866d2580127142e46b58848da2471488f70c0","src/ui/pages/skills-sandbox-controller.mjs","ui","1","FunctionDeclaration","exactIdentifierRequest","3","9","false","false"
"fd5866d2580127142e46b58848da2471488f70c0","src/ui/pages/skills-sandbox-controller.mjs","ui","2","FunctionDeclaration","artifactRequest","11","18","false","false"
"fd5866d2580127142e46b58848da2471488f70c0","src/ui/pages/skills-sandbox-controller.mjs","ui","3","FunctionDeclaration","publicSkill","20","28","false","false"
"fd5866d2580127142e46b58848da2471488f70c0","src/ui/pages/skills-sandbox-controller.mjs","ui","4","FunctionDeclaration","status","45","62","true","false"
"fd5866d2580127142e46b58848da2471488f70c0","src/ui/pages/skills-sandbox-controller.mjs","ui","5","FunctionDeclaration","chooseAndStageSkill","64","69","true","false"
"fd5866d2580127142e46b58848da2471488f70c0","src/ui/pages/skills-sandbox-controller.mjs","ui","6","FunctionDeclaration","installSkill","71","76","true","false"
"fd5866d2580127142e46b58848da2471488f70c0","src/ui/pages/skills-sandbox-controller.mjs","ui","7","ArrowFunctionExpression","executeSandbox","78","80","true","false"
"fd5866d2580127142e46b58848da2471488f70c0","src/ui/pages/skills-sandbox-controller.mjs","ui","8","ArrowFunctionExpression","cancelSandbox","81","83","true","false"
"fd5866d2580127142e46b58848da2471488f70c0","src/ui/pages/skills-sandbox-controller.mjs","ui","9","ArrowFunctionExpression","importArtifact","84","84","true","false"
"fd5866d2580127142e46b58848da2471488f70c0","src/ui/pages/skills-sandbox-controller.mjs","ui","10","FunctionDeclaration","createSkillsSandboxController","30","89","false","false"
"fd5866d2580127142e46b58848da2471488f70c0","src/ui/pages/today-controller.mjs","ui","1","ArrowFunctionExpression","getBriefing","7","7","false","false"
"fd5866d2580127142e46b58848da2471488f70c0","src/ui/pages/today-controller.mjs","ui","2","ArrowFunctionExpression","listCalendarEvents","8","8","false","false"
"fd5866d2580127142e46b58848da2471488f70c0","src/ui/pages/today-controller.mjs","ui","3","ArrowFunctionExpression","listTasks","9","9","false","false"
"fd5866d2580127142e46b58848da2471488f70c0","src/ui/pages/today-controller.mjs","ui","4","FunctionExpression","listRoutines","10","12","true","false"
"fd5866d2580127142e46b58848da2471488f70c0","src/ui/pages/today-controller.mjs","ui","5","FunctionExpression","setRoutineStatus","13","16","true","false"
"fd5866d2580127142e46b58848da2471488f70c0","src/ui/pages/today-controller.mjs","ui","6","FunctionDeclaration","createTodayController","1","18","false","false"
"fd5866d2580127142e46b58848da2471488f70c0","src/ui/panels/domain-panels.mjs","ui","1","FunctionDeclaration","listItem","7","37","false","false"
"fd5866d2580127142e46b58848da2471488f70c0","src/ui/panels/domain-panels.mjs","ui","2","FunctionDeclaration","renderList","39","55","false","false"
"fd5866d2580127142e46b58848da2471488f70c0","src/ui/panels/domain-panels.mjs","ui","3","FunctionDeclaration","renderUnavailable","59","67","false","false"
"fd5866d2580127142e46b58848da2471488f70c0","src/ui/panels/domain-panels.mjs","ui","4","ArrowFunctionExpression","mailAccountRow","69","74","false","false"
"fd5866d2580127142e46b58848da2471488f70c0","src/ui/panels/domain-panels.mjs","ui","5","ArrowFunctionExpression","mailMessageRow","76","79","false","false"
"fd5866d2580127142e46b58848da2471488f70c0","src/ui/panels/domain-panels.mjs","ui","6","ArrowFunctionExpression","taskRow","81","86","false","false"
"fd5866d2580127142e46b58848da2471488f70c0","src/ui/panels/domain-panels.mjs","ui","7","ArrowFunctionExpression","routineRow","88","92","false","false"
"fd5866d2580127142e46b58848da2471488f70c0","src/ui/panels/domain-panels.mjs","ui","8","ArrowFunctionExpression","contactRow","94","97","false","false"
"fd5866d2580127142e46b58848da2471488f70c0","src/ui/panels/domain-panels.mjs","ui","9","ArrowFunctionExpression","chatDeviceRow","101","114","false","false"
"fd5866d2580127142e46b58848da2471488f70c0","src/ui/panels/domain-panels.mjs","ui","10","ArrowFunctionExpression","printerRow","116","121","false","false"
"fd5866d2580127142e46b58848da2471488f70c0","src/ui/panels/domain-panels.mjs","ui","11","ArrowFunctionExpression","homeDeviceRow","123","128","false","false"
"fd5866d2580127142e46b58848da2471488f70c0","src/ui/panels/domain-panels.mjs","ui","12","ArrowFunctionExpression","homeAuditRow","130","135","false","false"
"fd5866d2580127142e46b58848da2471488f70c0","src/ui/panels/domain-panels.mjs","ui","13","ArrowFunctionExpression","personalityRow","137","140","false","false"
"fd5866d2580127142e46b58848da2471488f70c0","src/ui/preload.cjs","ui","1","ArrowFunctionExpression","wrapped","12","12","false","false"
"fd5866d2580127142e46b58848da2471488f70c0","src/ui/preload.cjs","ui","2","ArrowFunctionExpression","<anonymous>","16","21","false","false"
"fd5866d2580127142e46b58848da2471488f70c0","src/ui/preload.cjs","ui","3","ArrowFunctionExpression","subscribe","10","22","false","false"
"fd5866d2580127142e46b58848da2471488f70c0","src/ui/preload.cjs","ui","4","ArrowFunctionExpression","status","25","25","false","false"
"fd5866d2580127142e46b58848da2471488f70c0","src/ui/preload.cjs","ui","5","ArrowFunctionExpression","start","26","26","false","false"
"fd5866d2580127142e46b58848da2471488f70c0","src/ui/preload.cjs","ui","6","ArrowFunctionExpression","dental","27","27","false","false"
"fd5866d2580127142e46b58848da2471488f70c0","src/ui/preload.cjs","ui","7","ArrowFunctionExpression","stop","28","28","false","false"
"fd5866d2580127142e46b58848da2471488f70c0","src/ui/preload.cjs","ui","8","ArrowFunctionExpression","detectPhone","29","29","false","false"
"fd5866d2580127142e46b58848da2471488f70c0","src/ui/preload.cjs","ui","9","ArrowFunctionExpression","startPhoneCamera","30","30","false","false"
"fd5866d2580127142e46b58848da2471488f70c0","src/ui/preload.cjs","ui","10","ArrowFunctionExpression","stopPhoneCamera","31","31","false","false"
"fd5866d2580127142e46b58848da2471488f70c0","src/ui/preload.cjs","ui","11","ArrowFunctionExpression","sendSmsConfirmed","32","32","false","false"
"fd5866d2580127142e46b58848da2471488f70c0","src/ui/preload.cjs","ui","12","ArrowFunctionExpression","syncPhoneMessages","33","33","false","false"
"fd5866d2580127142e46b58848da2471488f70c0","src/ui/preload.cjs","ui","13","ArrowFunctionExpression","settingsSchema","34","34","false","false"
"fd5866d2580127142e46b58848da2471488f70c0","src/ui/preload.cjs","ui","14","ArrowFunctionExpression","settingsState","35","35","false","false"
"fd5866d2580127142e46b58848da2471488f70c0","src/ui/preload.cjs","ui","15","ArrowFunctionExpression","updateSettings","36","36","false","false"
"fd5866d2580127142e46b58848da2471488f70c0","src/ui/preload.cjs","ui","16","ArrowFunctionExpression","setProviderSecret","37","37","false","false"
"fd5866d2580127142e46b58848da2471488f70c0","src/ui/preload.cjs","ui","17","ArrowFunctionExpression","revokeProviderSecret","38","38","false","false"
"fd5866d2580127142e46b58848da2471488f70c0","src/ui/preload.cjs","ui","18","ArrowFunctionExpression","testProvider","39","39","false","false"
"fd5866d2580127142e46b58848da2471488f70c0","src/ui/preload.cjs","ui","19","ArrowFunctionExpression","queryAnalytics","40","40","false","false"
"fd5866d2580127142e46b58848da2471488f70c0","src/ui/preload.cjs","ui","20","ArrowFunctionExpression","analyticsBudgets","41","41","false","false"
"fd5866d2580127142e46b58848da2471488f70c0","src/ui/preload.cjs","ui","21","ArrowFunctionExpression","exportAnalytics","42","42","false","false"
"fd5866d2580127142e46b58848da2471488f70c0","src/ui/preload.cjs","ui","22","ArrowFunctionExpression","startVoice","43","43","false","false"
"fd5866d2580127142e46b58848da2471488f70c0","src/ui/preload.cjs","ui","23","ArrowFunctionExpression","stopVoice","44","44","false","false"
"fd5866d2580127142e46b58848da2471488f70c0","src/ui/preload.cjs","ui","24","ArrowFunctionExpression","sessionState","45","45","false","false"
"fd5866d2580127142e46b58848da2471488f70c0","src/ui/preload.cjs","ui","25","ArrowFunctionExpression","claims","46","46","false","false"
"fd5866d2580127142e46b58848da2471488f70c0","src/ui/preload.cjs","ui","26","ArrowFunctionExpression","groundingStatus","47","47","false","false"
"fd5866d2580127142e46b58848da2471488f70c0","src/ui/preload.cjs","ui","27","ArrowFunctionExpression","memoryStatus","48","48","false","false"
"fd5866d2580127142e46b58848da2471488f70c0","src/ui/preload.cjs","ui","28","ArrowFunctionExpression","initializeMemory","49","49","false","false"
"fd5866d2580127142e46b58848da2471488f70c0","src/ui/preload.cjs","ui","29","ArrowFunctionExpression","unlockMemory","50","50","false","false"
"fd5866d2580127142e46b58848da2471488f70c0","src/ui/preload.cjs","ui","30","ArrowFunctionExpression","probeMemory","51","51","false","false"
"fd5866d2580127142e46b58848da2471488f70c0","src/ui/preload.cjs","ui","31","ArrowFunctionExpression","reinitializeMemoryFresh","52","52","false","false"
"fd5866d2580127142e46b58848da2471488f70c0","src/ui/preload.cjs","ui","32","ArrowFunctionExpression","readProfiles","53","53","false","false"
"fd5866d2580127142e46b58848da2471488f70c0","src/ui/preload.cjs","ui","33","ArrowFunctionExpression","upsertProfile","54","54","false","false"
"fd5866d2580127142e46b58848da2471488f70c0","src/ui/preload.cjs","ui","34","ArrowFunctionExpression","setActiveProfile","55","55","false","false"
"fd5866d2580127142e46b58848da2471488f70c0","src/ui/preload.cjs","ui","35","ArrowFunctionExpression","completeWelcome","56","56","false","false"
"fd5866d2580127142e46b58848da2471488f70c0","src/ui/preload.cjs","ui","36","ArrowFunctionExpression","lockMemory","57","57","false","false"
"fd5866d2580127142e46b58848da2471488f70c0","src/ui/preload.cjs","ui","37","ArrowFunctionExpression","searchMemory","58","58","false","false"
"fd5866d2580127142e46b58848da2471488f70c0","src/ui/preload.cjs","ui","38","ArrowFunctionExpression","proposeForget","59","59","false","false"
"fd5866d2580127142e46b58848da2471488f70c0","src/ui/preload.cjs","ui","39","ArrowFunctionExpression","readFile","60","60","false","false"
"fd5866d2580127142e46b58848da2471488f70c0","src/ui/preload.cjs","ui","40","ArrowFunctionExpression","readWeb","61","61","false","false"
"fd5866d2580127142e46b58848da2471488f70c0","src/ui/preload.cjs","ui","41","ArrowFunctionExpression","skillsSandboxStatus","62","62","false","false"
"fd5866d2580127142e46b58848da2471488f70c0","src/ui/preload.cjs","ui","42","ArrowFunctionExpression","chooseAndStageSkill","63","63","false","false"
"fd5866d2580127142e46b58848da2471488f70c0","src/ui/preload.cjs","ui","43","ArrowFunctionExpression","installSkill","64","64","false","false"
"fd5866d2580127142e46b58848da2471488f70c0","src/ui/preload.cjs","ui","44","ArrowFunctionExpression","executeSandbox","65","65","false","false"
"fd5866d2580127142e46b58848da2471488f70c0","src/ui/preload.cjs","ui","45","ArrowFunctionExpression","cancelSandbox","66","66","false","false"
"fd5866d2580127142e46b58848da2471488f70c0","src/ui/preload.cjs","ui","46","ArrowFunctionExpression","importSandboxArtifact","67","67","false","false"
"fd5866d2580127142e46b58848da2471488f70c0","src/ui/preload.cjs","ui","47","ArrowFunctionExpression","listMailAccounts","68","68","false","false"
"fd5866d2580127142e46b58848da2471488f70c0","src/ui/preload.cjs","ui","48","ArrowFunctionExpression","pauseMailAccount","69","69","false","false"
"fd5866d2580127142e46b58848da2471488f70c0","src/ui/preload.cjs","ui","49","ArrowFunctionExpression","resumeMailAccount","70","70","false","false"
"fd5866d2580127142e46b58848da2471488f70c0","src/ui/preload.cjs","ui","50","ArrowFunctionExpression","searchMail","71","71","false","false"
"fd5866d2580127142e46b58848da2471488f70c0","src/ui/preload.cjs","ui","51","ArrowFunctionExpression","proposeMailDraft","72","72","false","false"
"fd5866d2580127142e46b58848da2471488f70c0","src/ui/preload.cjs","ui","52","ArrowFunctionExpression","proposeMailSend","73","73","false","false"
"fd5866d2580127142e46b58848da2471488f70c0","src/ui/preload.cjs","ui","53","ArrowFunctionExpression","commitMailProposal","74","74","false","false"
"fd5866d2580127142e46b58848da2471488f70c0","src/ui/preload.cjs","ui","54","ArrowFunctionExpression","homeConnectorHealth","75","75","false","false"
"fd5866d2580127142e46b58848da2471488f70c0","src/ui/preload.cjs","ui","55","ArrowFunctionExpression","requestHomePermission","76","76","false","false"
"fd5866d2580127142e46b58848da2471488f70c0","src/ui/preload.cjs","ui","56","ArrowFunctionExpression","discoverHomeDevices","77","77","false","false"
"fd5866d2580127142e46b58848da2471488f70c0","src/ui/preload.cjs","ui","57","ArrowFunctionExpression","listHomeDevices","78","78","false","false"
"fd5866d2580127142e46b58848da2471488f70c0","src/ui/preload.cjs","ui","58","ArrowFunctionExpression","resolveHomeTarget","79","79","false","false"
"fd5866d2580127142e46b58848da2471488f70c0","src/ui/preload.cjs","ui","59","ArrowFunctionExpression","editHomeDevice","80","80","false","false"
"fd5866d2580127142e46b58848da2471488f70c0","src/ui/preload.cjs","ui","60","ArrowFunctionExpression","executeHomeCommand","81","81","false","false"
"fd5866d2580127142e46b58848da2471488f70c0","src/ui/preload.cjs","ui","61","ArrowFunctionExpression","homeAuditHistory","82","82","false","false"
"fd5866d2580127142e46b58848da2471488f70c0","src/ui/preload.cjs","ui","62","ArrowFunctionExpression","cameraStatus","83","83","false","false"
"fd5866d2580127142e46b58848da2471488f70c0","src/ui/preload.cjs","ui","63","ArrowFunctionExpression","startCameraStream","84","84","false","false"
"fd5866d2580127142e46b58848da2471488f70c0","src/ui/preload.cjs","ui","64","ArrowFunctionExpression","stopCameraStream","85","85","false","false"
"fd5866d2580127142e46b58848da2471488f70c0","src/ui/preload.cjs","ui","65","ArrowFunctionExpression","switchCameraLens","86","86","false","false"
"fd5866d2580127142e46b58848da2471488f70c0","src/ui/preload.cjs","ui","66","ArrowFunctionExpression","nextCameraPreviewFrame","87","87","false","false"
"fd5866d2580127142e46b58848da2471488f70c0","src/ui/preload.cjs","ui","67","ArrowFunctionExpression","analyzeVisionFrame","88","88","false","false"
"fd5866d2580127142e46b58848da2471488f70c0","src/ui/preload.cjs","ui","68","ArrowFunctionExpression","analyzeVisionFile","89","89","false","false"
"fd5866d2580127142e46b58848da2471488f70c0","src/ui/preload.cjs","ui","69","ArrowFunctionExpression","enrollFace","90","90","false","false"
"fd5866d2580127142e46b58848da2471488f70c0","src/ui/preload.cjs","ui","70","ArrowFunctionExpression","deleteFaceProfile","91","91","false","false"
"fd5866d2580127142e46b58848da2471488f70c0","src/ui/preload.cjs","ui","71","ArrowFunctionExpression","listAutomationDefinitions","92","92","false","false"
"fd5866d2580127142e46b58848da2471488f70c0","src/ui/preload.cjs","ui","72","ArrowFunctionExpression","listRecoveryCases","93","93","false","false"
"fd5866d2580127142e46b58848da2471488f70c0","src/ui/preload.cjs","ui","73","ArrowFunctionExpression","healthSnapshot","94","94","false","false"
"fd5866d2580127142e46b58848da2471488f70c0","src/ui/preload.cjs","ui","74","ArrowFunctionExpression","getDailyBriefing","95","95","false","false"
"fd5866d2580127142e46b58848da2471488f70c0","src/ui/preload.cjs","ui","75","ArrowFunctionExpression","getEmergencyStatus","96","96","false","false"
"fd5866d2580127142e46b58848da2471488f70c0","src/ui/preload.cjs","ui","76","ArrowFunctionExpression","listConnectors","99","99","false","false"
"fd5866d2580127142e46b58848da2471488f70c0","src/ui/preload.cjs","ui","77","ArrowFunctionExpression","getPersonalityProfile","100","100","false","false"
"fd5866d2580127142e46b58848da2471488f70c0","src/ui/preload.cjs","ui","78","ArrowFunctionExpression","openHelp","101","101","false","false"
"fd5866d2580127142e46b58848da2471488f70c0","src/ui/preload.cjs","ui","79","ArrowFunctionExpression","closeBrowser","102","102","false","false"
"fd5866d2580127142e46b58848da2471488f70c0","src/ui/preload.cjs","ui","80","ArrowFunctionExpression","connectGoogleBrowser","103","103","false","false"
"fd5866d2580127142e46b58848da2471488f70c0","src/ui/preload.cjs","ui","81","ArrowFunctionExpression","searchYouTube","104","104","false","false"
"fd5866d2580127142e46b58848da2471488f70c0","src/ui/preload.cjs","ui","82","ArrowFunctionExpression","webAnswer","105","105","false","false"
"fd5866d2580127142e46b58848da2471488f70c0","src/ui/preload.cjs","ui","83","ArrowFunctionExpression","localTts","106","106","false","false"
"fd5866d2580127142e46b58848da2471488f70c0","src/ui/preload.cjs","ui","84","ArrowFunctionExpression","readJournal","107","107","false","false"
"fd5866d2580127142e46b58848da2471488f70c0","src/ui/preload.cjs","ui","85","ArrowFunctionExpression","codeStatus","108","108","false","false"
"fd5866d2580127142e46b58848da2471488f70c0","src/ui/preload.cjs","ui","86","ArrowFunctionExpression","codeIndex","109","109","false","false"
"fd5866d2580127142e46b58848da2471488f70c0","src/ui/preload.cjs","ui","87","ArrowFunctionExpression","codeSearch","110","110","false","false"
"fd5866d2580127142e46b58848da2471488f70c0","src/ui/preload.cjs","ui","88","ArrowFunctionExpression","codeImpact","111","111","false","false"
"fd5866d2580127142e46b58848da2471488f70c0","src/ui/preload.cjs","ui","89","ArrowFunctionExpression","codeGitStatus","112","112","false","false"
"fd5866d2580127142e46b58848da2471488f70c0","src/ui/preload.cjs","ui","90","ArrowFunctionExpression","codeGitLog","113","113","false","false"
"fd5866d2580127142e46b58848da2471488f70c0","src/ui/preload.cjs","ui","91","ArrowFunctionExpression","codeGitDiff","114","114","false","false"
"fd5866d2580127142e46b58848da2471488f70c0","src/ui/preload.cjs","ui","92","ArrowFunctionExpression","codeReview","115","115","false","false"
"fd5866d2580127142e46b58848da2471488f70c0","src/ui/preload.cjs","ui","93","ArrowFunctionExpression","codeTestsRun","116","116","false","false"
"fd5866d2580127142e46b58848da2471488f70c0","src/ui/preload.cjs","ui","94","ArrowFunctionExpression","codePlans","117","117","false","false"
"fd5866d2580127142e46b58848da2471488f70c0","src/ui/preload.cjs","ui","95","ArrowFunctionExpression","sendVoiceAudio","118","121","false","false"
"fd5866d2580127142e46b58848da2471488f70c0","src/ui/preload.cjs","ui","96","ArrowFunctionExpression","onEvent","122","122","false","false"
"fd5866d2580127142e46b58848da2471488f70c0","src/ui/preload.cjs","ui","97","ArrowFunctionExpression","onVoiceWake","123","123","false","false"
"fd5866d2580127142e46b58848da2471488f70c0","src/ui/preload.cjs","ui","98","ArrowFunctionExpression","onDecodeAudioRequest","126","126","false","false"
"fd5866d2580127142e46b58848da2471488f70c0","src/ui/preload.cjs","ui","99","ArrowFunctionExpression","replyDecodedAudio","127","127","false","false"
"fd5866d2580127142e46b58848da2471488f70c0","src/ui/preload.cjs","ui","100","ArrowFunctionExpression","onVoiceCommand","128","128","false","false"
"fd5866d2580127142e46b58848da2471488f70c0","src/ui/preload.cjs","ui","101","ArrowFunctionExpression","onVoiceDialogue","129","129","false","false"
"fd5866d2580127142e46b58848da2471488f70c0","src/ui/preload.cjs","ui","102","ArrowFunctionExpression","sayVoice","130","130","false","false"
"fd5866d2580127142e46b58848da2471488f70c0","src/ui/preload.cjs","ui","103","ArrowFunctionExpression","guideMission","131","131","false","false"
"fd5866d2580127142e46b58848da2471488f70c0","src/ui/preload.cjs","ui","104","ArrowFunctionExpression","capabilities","132","132","false","false"
"fd5866d2580127142e46b58848da2471488f70c0","src/ui/preload.cjs","ui","105","ArrowFunctionExpression","capabilityCatalog","133","133","false","false"
"fd5866d2580127142e46b58848da2471488f70c0","src/ui/preload.cjs","ui","106","ArrowFunctionExpression","capabilitiesList","135","135","false","false"
"fd5866d2580127142e46b58848da2471488f70c0","src/ui/preload.cjs","ui","107","ArrowFunctionExpression","capabilityCatalog","136","136","false","false"
"fd5866d2580127142e46b58848da2471488f70c0","src/ui/preload.cjs","ui","108","ArrowFunctionExpression","startupStatus","138","138","false","false"
"fd5866d2580127142e46b58848da2471488f70c0","src/ui/preload.cjs","ui","109","ArrowFunctionExpression","setStartup","139","139","false","false"
"fd5866d2580127142e46b58848da2471488f70c0","src/ui/preload.cjs","ui","110","ArrowFunctionExpression","chatStatus","142","142","false","false"
"fd5866d2580127142e46b58848da2471488f70c0","src/ui/preload.cjs","ui","111","ArrowFunctionExpression","chatOpenPairing","143","143","false","false"
"fd5866d2580127142e46b58848da2471488f70c0","src/ui/preload.cjs","ui","112","ArrowFunctionExpression","chatClosePairing","144","144","false","false"
"fd5866d2580127142e46b58848da2471488f70c0","src/ui/preload.cjs","ui","113","ArrowFunctionExpression","chatRevokeDevice","145","145","false","false"
"fd5866d2580127142e46b58848da2471488f70c0","src/ui/preload.cjs","ui","114","ArrowFunctionExpression","chatSendFile","146","146","false","false"
"fd5866d2580127142e46b58848da2471488f70c0","src/ui/preload.cjs","ui","115","ArrowFunctionExpression","callDial","147","147","false","false"
"fd5866d2580127142e46b58848da2471488f70c0","src/ui/preload.cjs","ui","116","ArrowFunctionExpression","personalBriefing","149","149","false","false"
"fd5866d2580127142e46b58848da2471488f70c0","src/ui/preload.cjs","ui","117","ArrowFunctionExpression","personalTasks","150","150","false","false"
"fd5866d2580127142e46b58848da2471488f70c0","src/ui/preload.cjs","ui","118","ArrowFunctionExpression","routinesList","151","151","false","false"
"fd5866d2580127142e46b58848da2471488f70c0","src/ui/preload.cjs","ui","119","ArrowFunctionExpression","graphSubgraph","152","152","false","false"
"fd5866d2580127142e46b58848da2471488f70c0","src/ui/preload.cjs","ui","120","ArrowFunctionExpression","graphListContacts","153","153","false","false"
"fd5866d2580127142e46b58848da2471488f70c0","src/ui/preload.cjs","ui","121","ArrowFunctionExpression","documentIntake","154","154","false","false"
"fd5866d2580127142e46b58848da2471488f70c0","src/ui/preload.cjs","ui","122","ArrowFunctionExpression","documentGet","155","155","false","false"
"fd5866d2580127142e46b58848da2471488f70c0","src/ui/preload.cjs","ui","123","ArrowFunctionExpression","personalityGet","156","156","false","false"
"fd5866d2580127142e46b58848da2471488f70c0","src/ui/preload.cjs","ui","124","ArrowFunctionExpression","smsPolicyStatus","157","157","false","false"
"fd5866d2580127142e46b58848da2471488f70c0","src/ui/preload.cjs","ui","125","ArrowFunctionExpression","smsStatus","158","158","false","false"
"fd5866d2580127142e46b58848da2471488f70c0","src/ui/preload.cjs","ui","126","ArrowFunctionExpression","smsPolicyRevoke","159","159","false","false"
"fd5866d2580127142e46b58848da2471488f70c0","src/ui/preload.cjs","ui","127","ArrowFunctionExpression","smsPolicyReactivate","160","160","false","false"
"fd5866d2580127142e46b58848da2471488f70c0","src/ui/preload.cjs","ui","128","ArrowFunctionExpression","discoverPrinters","161","161","false","false"
"fd5866d2580127142e46b58848da2471488f70c0","src/ui/preload.cjs","ui","129","ArrowFunctionExpression","approvePrinter","162","162","false","false"
"fd5866d2580127142e46b58848da2471488f70c0","src/ui/preload.cjs","ui","130","ArrowFunctionExpression","printFile","163","163","false","false"
"fd5866d2580127142e46b58848da2471488f70c0","src/ui/preload.cjs","ui","131","ArrowFunctionExpression","listTechnicalLogs","164","164","false","false"
"fd5866d2580127142e46b58848da2471488f70c0","src/ui/preload.cjs","ui","132","ArrowFunctionExpression","clearTechnicalLogs","165","165","false","false"
"fd5866d2580127142e46b58848da2471488f70c0","src/ui/preload.cjs","ui","133","ArrowFunctionExpression","reportTechnicalError","166","166","false","false"
"fd5866d2580127142e46b58848da2471488f70c0","src/ui/preload.cjs","ui","134","ArrowFunctionExpression","onTechnicalLog","167","167","false","false"
"fd5866d2580127142e46b58848da2471488f70c0","src/ui/preload.cjs","ui","135","ArrowFunctionExpression","listTechnicalLogAggregate","168","168","false","false"
"fd5866d2580127142e46b58848da2471488f70c0","src/ui/preload.cjs","ui","136","ArrowFunctionExpression","onTechnicalLogAggregate","169","169","false","false"
"fd5866d2580127142e46b58848da2471488f70c0","src/ui/preload.cjs","ui","137","ArrowFunctionExpression","onVoiceIntent","170","170","false","false"
"fd5866d2580127142e46b58848da2471488f70c0","src/ui/preload.cjs","ui","138","ArrowFunctionExpression","onVoiceTranscript","171","171","false","false"
"fd5866d2580127142e46b58848da2471488f70c0","src/ui/preload.cjs","ui","139","ArrowFunctionExpression","onVoiceAudio","172","172","false","false"
"fd5866d2580127142e46b58848da2471488f70c0","src/ui/preload.cjs","ui","140","ArrowFunctionExpression","onVoiceInterrupted","173","173","false","false"
"fd5866d2580127142e46b58848da2471488f70c0","src/ui/preload.cjs","ui","141","ArrowFunctionExpression","onVoiceStopSpeech","174","174","false","false"
"fd5866d2580127142e46b58848da2471488f70c0","src/ui/preload.cjs","ui","142","ArrowFunctionExpression","onVoiceDropPlayback","177","177","false","false"
"fd5866d2580127142e46b58848da2471488f70c0","src/ui/preload.cjs","ui","143","ArrowFunctionExpression","onCameraFrame","178","178","false","false"
"fd5866d2580127142e46b58848da2471488f70c0","src/ui/preload.cjs","ui","144","ArrowFunctionExpression","onCameraStatus","179","179","false","false"
"fd5866d2580127142e46b58848da2471488f70c0","src/ui/preload.cjs","ui","145","ArrowFunctionExpression","onSandboxEvent","180","180","false","false"
"fd5866d2580127142e46b58848da2471488f70c0","src/ui/preload.cjs","ui","146","FunctionDeclaration","createPreloadApi","8","182","false","false"
"fd5866d2580127142e46b58848da2471488f70c0","src/ui/renderer.js","ui","1","ArrowFunctionExpression","<callback:addEventListener>","122","125","false","false"
"fd5866d2580127142e46b58848da2471488f70c0","src/ui/renderer.js","ui","2","ArrowFunctionExpression","applyCloudzirPalette","131","135","false","false"
"fd5866d2580127142e46b58848da2471488f70c0","src/ui/renderer.js","ui","3","ArrowFunctionExpression","<callback:addEventListener>","138","142","false","false"
"fd5866d2580127142e46b58848da2471488f70c0","src/ui/renderer.js","ui","4","ArrowFunctionExpression","<callback:addEventListener>","145","152","true","false"
"fd5866d2580127142e46b58848da2471488f70c0","src/ui/renderer.js","ui","5","ArrowFunctionExpression","speakSapi","178","187","false","false"
"fd5866d2580127142e46b58848da2471488f70c0","src/ui/renderer.js","ui","6","ArrowFunctionExpression","<callback:then>","194","194","false","false"
"fd5866d2580127142e46b58848da2471488f70c0","src/ui/renderer.js","ui","7","ArrowFunctionExpression","<callback:catch>","195","195","false","false"
"fd5866d2580127142e46b58848da2471488f70c0","src/ui/renderer.js","ui","8","ArrowFunctionExpression","speak","192","196","false","false"
"fd5866d2580127142e46b58848da2471488f70c0","src/ui/renderer.js","ui","9","ArrowFunctionExpression","<callback:setTimeout>","245","248","false","false"
"fd5866d2580127142e46b58848da2471488f70c0","src/ui/renderer.js","ui","10","ArrowFunctionExpression","say","229","249","true","false"
"fd5866d2580127142e46b58848da2471488f70c0","src/ui/renderer.js","ui","11","ArrowFunctionExpression","sampleFrameStats","253","267","false","false"
"fd5866d2580127142e46b58848da2471488f70c0","src/ui/renderer.js","ui","12","ArrowFunctionExpression","openCameraFromDialogue","269","283","true","false"
"fd5866d2580127142e46b58848da2471488f70c0","src/ui/renderer.js","ui","13","ArrowFunctionExpression","declineCameraFromDialogue","285","298","true","false"
"fd5866d2580127142e46b58848da2471488f70c0","src/ui/renderer.js","ui","14","ArrowFunctionExpression","playMusicFromDialogue","303","318","true","false"
"fd5866d2580127142e46b58848da2471488f70c0","src/ui/renderer.js","ui","15","ArrowFunctionExpression","timeLabel","320","322","false","false"
"fd5866d2580127142e46b58848da2471488f70c0","src/ui/renderer.js","ui","16","ArrowFunctionExpression","log","324","336","false","false"
"fd5866d2580127142e46b58848da2471488f70c0","src/ui/renderer.js","ui","17","ArrowFunctionExpression","<callback:catch>","343","343","false","false"
"fd5866d2580127142e46b58848da2471488f70c0","src/ui/renderer.js","ui","18","ArrowFunctionExpression","reportTechnicalError","338","343","false","false"
"fd5866d2580127142e46b58848da2471488f70c0","src/ui/renderer.js","ui","19","ArrowFunctionExpression","technicalLogTime","345","350","false","false"
"fd5866d2580127142e46b58848da2471488f70c0","src/ui/renderer.js","ui","20","ArrowFunctionExpression","renderTechnicalEntry","352","363","false","false"
"fd5866d2580127142e46b58848da2471488f70c0","src/ui/renderer.js","ui","21","ArrowFunctionExpression","showEmptyTechnicalLog","365","375","false","false"
"fd5866d2580127142e46b58848da2471488f70c0","src/ui/renderer.js","ui","22","ArrowFunctionExpression","refreshTechnicalLog","377","381","true","false"
"fd5866d2580127142e46b58848da2471488f70c0","src/ui/renderer.js","ui","23","ArrowFunctionExpression","setStatus","383","388","false","false"
"fd5866d2580127142e46b58848da2471488f70c0","src/ui/renderer.js","ui","24","ArrowFunctionExpression","setBusy","390","395","false","false"
"fd5866d2580127142e46b58848da2471488f70c0","src/ui/renderer.js","ui","25","ArrowFunctionExpression","selectedEnvironment","397","397","false","false"
"fd5866d2580127142e46b58848da2471488f70c0","src/ui/renderer.js","ui","26","ArrowFunctionExpression","selectEnvironment","398","400","false","false"
"fd5866d2580127142e46b58848da2471488f70c0","src/ui/renderer.js","ui","27","ArrowFunctionExpression","startMission","402","437","true","false"
"fd5866d2580127142e46b58848da2471488f70c0","src/ui/renderer.js","ui","28","ArrowFunctionExpression","downsamplePcm16","439","452","false","false"
"fd5866d2580127142e46b58848da2471488f70c0","src/ui/renderer.js","ui","29","ArrowFunctionExpression","<callback:catch>","459","459","false","false"
"fd5866d2580127142e46b58848da2471488f70c0","src/ui/renderer.js","ui","30","ArrowFunctionExpression","onaudioprocess","473","486","false","false"
"fd5866d2580127142e46b58848da2471488f70c0","src/ui/renderer.js","ui","31","ArrowFunctionExpression","startVoiceCapture","454","496","true","false"
"fd5866d2580127142e46b58848da2471488f70c0","src/ui/renderer.js","ui","32","ArrowFunctionExpression","<callback:forEach>","503","503","false","false"
"fd5866d2580127142e46b58848da2471488f70c0","src/ui/renderer.js","ui","33","ArrowFunctionExpression","stopVoiceCapture","498","511","true","false"
"fd5866d2580127142e46b58848da2471488f70c0","src/ui/renderer.js","ui","34","ArrowFunctionExpression","<callback:catch>","525","525","false","false"
"fd5866d2580127142e46b58848da2471488f70c0","src/ui/renderer.js","ui","35","ArrowFunctionExpression","onended","534","542","false","false"
"fd5866d2580127142e46b58848da2471488f70c0","src/ui/renderer.js","ui","36","ArrowFunctionExpression","playPcm24","517","552","true","false"
"fd5866d2580127142e46b58848da2471488f70c0","src/ui/renderer.js","ui","37","ArrowFunctionExpression","stopVoicePlayback","557","567","false","false"
"fd5866d2580127142e46b58848da2471488f70c0","src/ui/renderer.js","ui","38","ArrowFunctionExpression","formatDate","569","572","false","false"
"fd5866d2580127142e46b58848da2471488f70c0","src/ui/renderer.js","ui","39","ArrowFunctionExpression","updateMemoryStatus","574","586","false","false"
"fd5866d2580127142e46b58848da2471488f70c0","src/ui/renderer.js","ui","40","ArrowFunctionExpression","<callback:forEach>","596","610","false","false"
"fd5866d2580127142e46b58848da2471488f70c0","src/ui/renderer.js","ui","41","ArrowFunctionExpression","renderMemoryItems","588","611","false","false"
"fd5866d2580127142e46b58848da2471488f70c0","src/ui/renderer.js","ui","42","ArrowFunctionExpression","refreshMemoryStatus","613","613","true","false"
"fd5866d2580127142e46b58848da2471488f70c0","src/ui/renderer.js","ui","43","ArrowFunctionExpression","settingValue","615","644","false","false"
"fd5866d2580127142e46b58848da2471488f70c0","src/ui/renderer.js","ui","44","ArrowFunctionExpression","<callback:forEach>","650","656","false","false"
"fd5866d2580127142e46b58848da2471488f70c0","src/ui/renderer.js","ui","45","ArrowFunctionExpression","<callback:filter>","688","688","false","false"
"fd5866d2580127142e46b58848da2471488f70c0","src/ui/renderer.js","ui","46","ArrowFunctionExpression","<callback:forEach>","688","712","false","false"
"fd5866d2580127142e46b58848da2471488f70c0","src/ui/renderer.js","ui","47","ArrowFunctionExpression","<callback:map>","713","713","false","false"
"fd5866d2580127142e46b58848da2471488f70c0","src/ui/renderer.js","ui","48","ArrowFunctionExpression","<callback:addEventListener>","733","741","true","false"
"fd5866d2580127142e46b58848da2471488f70c0","src/ui/renderer.js","ui","49","ArrowFunctionExpression","<callback:addEventListener>","747","747","true","false"
"fd5866d2580127142e46b58848da2471488f70c0","src/ui/renderer.js","ui","50","ArrowFunctionExpression","<callback:addEventListener>","753","756","true","false"
"fd5866d2580127142e46b58848da2471488f70c0","src/ui/renderer.js","ui","51","ArrowFunctionExpression","<callback:forEach>","715","759","false","false"
"fd5866d2580127142e46b58848da2471488f70c0","src/ui/renderer.js","ui","52","ArrowFunctionExpression","refreshSettings","646","760","true","false"
"fd5866d2580127142e46b58848da2471488f70c0","src/ui/renderer.js","ui","53","ArrowFunctionExpression","localDateTimeValue","762","765","false","false"
"fd5866d2580127142e46b58848da2471488f70c0","src/ui/renderer.js","ui","54","ArrowFunctionExpression","analyticsRequest","767","772","false","false"
"fd5866d2580127142e46b58848da2471488f70c0","src/ui/renderer.js","ui","55","ArrowFunctionExpression","<callback:forEach>","789","797","false","false"
"fd5866d2580127142e46b58848da2471488f70c0","src/ui/renderer.js","ui","56","ArrowFunctionExpression","<callback:forEach>","799","807","false","false"
"fd5866d2580127142e46b58848da2471488f70c0","src/ui/renderer.js","ui","57","ArrowFunctionExpression","refreshAnalytics","774","809","true","false"
"fd5866d2580127142e46b58848da2471488f70c0","src/ui/renderer.js","ui","58","ArrowFunctionExpression","<callback:forEach>","814","816","false","false"
"fd5866d2580127142e46b58848da2471488f70c0","src/ui/renderer.js","ui","59","ArrowFunctionExpression","<callback:forEach>","817","819","false","false"
"fd5866d2580127142e46b58848da2471488f70c0","src/ui/renderer.js","ui","60","ArrowFunctionExpression","refreshToday","811","823","true","false"
"fd5866d2580127142e46b58848da2471488f70c0","src/ui/renderer.js","ui","61","ArrowFunctionExpression","<callback:filter>","831","831","false","false"
"fd5866d2580127142e46b58848da2471488f70c0","src/ui/renderer.js","ui","62","ArrowFunctionExpression","<callback:filter>","832","832","false","false"
"fd5866d2580127142e46b58848da2471488f70c0","src/ui/renderer.js","ui","63","ArrowFunctionExpression","<callback:forEach>","839","847","false","false"
"fd5866d2580127142e46b58848da2471488f70c0","src/ui/renderer.js","ui","64","ArrowFunctionExpression","refreshAutomationStatus","825","850","true","false"
"fd5866d2580127142e46b58848da2471488f70c0","src/ui/renderer.js","ui","65","ArrowFunctionExpression","<callback:forEach>","863","871","false","false"
"fd5866d2580127142e46b58848da2471488f70c0","src/ui/renderer.js","ui","66","ArrowFunctionExpression","refreshExtensionsStatus","855","872","true","false"
"fd5866d2580127142e46b58848da2471488f70c0","src/ui/renderer.js","ui","67","ArrowFunctionExpression","<callback:addEventListener>","886","886","false","false"
"fd5866d2580127142e46b58848da2471488f70c0","src/ui/renderer.js","ui","68","ArrowFunctionExpression","listEntry","874","890","false","false"
"fd5866d2580127142e46b58848da2471488f70c0","src/ui/renderer.js","ui","69","ArrowFunctionExpression","<callback:forEach>","900","903","false","false"
"fd5866d2580127142e46b58848da2471488f70c0","src/ui/renderer.js","ui","70","ArrowFunctionExpression","<callback:forEach>","904","907","false","false"
"fd5866d2580127142e46b58848da2471488f70c0","src/ui/renderer.js","ui","71","ArrowFunctionExpression","<callback:listEntry>","914","919","true","false"
"fd5866d2580127142e46b58848da2471488f70c0","src/ui/renderer.js","ui","72","ArrowFunctionExpression","<callback:forEach>","910","921","false","false"
"fd5866d2580127142e46b58848da2471488f70c0","src/ui/renderer.js","ui","73","ArrowFunctionExpression","<callback:listEntry>","928","928","true","false"
"fd5866d2580127142e46b58848da2471488f70c0","src/ui/renderer.js","ui","74","ArrowFunctionExpression","<callback:forEach>","924","930","false","false"
"fd5866d2580127142e46b58848da2471488f70c0","src/ui/renderer.js","ui","75","ArrowFunctionExpression","<callback:listEntry>","936","936","true","false"
"fd5866d2580127142e46b58848da2471488f70c0","src/ui/renderer.js","ui","76","ArrowFunctionExpression","<callback:forEach>","932","937","false","false"
"fd5866d2580127142e46b58848da2471488f70c0","src/ui/renderer.js","ui","77","ArrowFunctionExpression","refreshSkillsSandbox","892","938","true","false"
"fd5866d2580127142e46b58848da2471488f70c0","src/ui/renderer.js","ui","78","ArrowFunctionExpression","applyStatusFromHealth","940","957","false","false"
"fd5866d2580127142e46b58848da2471488f70c0","src/ui/renderer.js","ui","79","ArrowFunctionExpression","<callback:addEventListener>","959","959","false","false"
"fd5866d2580127142e46b58848da2471488f70c0","src/ui/renderer.js","ui","80","ArrowFunctionExpression","<callback:addEventListener>","963","973","true","false"
"fd5866d2580127142e46b58848da2471488f70c0","src/ui/renderer.js","ui","81","ArrowFunctionExpression","<callback:addEventListener>","974","979","true","false"
"fd5866d2580127142e46b58848da2471488f70c0","src/ui/renderer.js","ui","82","ArrowFunctionExpression","<callback:addEventListener>","980","995","true","false"
"fd5866d2580127142e46b58848da2471488f70c0","src/ui/renderer.js","ui","83","ArrowFunctionExpression","<callback:addEventListener>","996","1011","true","false"
"fd5866d2580127142e46b58848da2471488f70c0","src/ui/renderer.js","ui","84","ArrowFunctionExpression","<callback:addEventListener>","1012","1036","true","false"
"fd5866d2580127142e46b58848da2471488f70c0","src/ui/renderer.js","ui","85","ArrowFunctionExpression","<anonymous>","1056","1056","false","false"
"fd5866d2580127142e46b58848da2471488f70c0","src/ui/renderer.js","ui","86","ArrowFunctionExpression","analyzeWebcamPc","1043","1080","true","false"
"fd5866d2580127142e46b58848da2471488f70c0","src/ui/renderer.js","ui","87","ArrowFunctionExpression","<callback:addEventListener>","1081","1081","false","false"
"fd5866d2580127142e46b58848da2471488f70c0","src/ui/renderer.js","ui","88","ArrowFunctionExpression","<callback:addEventListener>","1084","1093","true","false"
"fd5866d2580127142e46b58848da2471488f70c0","src/ui/renderer.js","ui","89","ArrowFunctionExpression","<callback:addEventListener>","1096","1108","true","false"
"fd5866d2580127142e46b58848da2471488f70c0","src/ui/renderer.js","ui","90","ArrowFunctionExpression","flipCameraLens","1110","1121","true","false"
"fd5866d2580127142e46b58848da2471488f70c0","src/ui/renderer.js","ui","91","ArrowFunctionExpression","<callback:addEventListener>","1122","1122","false","false"
"fd5866d2580127142e46b58848da2471488f70c0","src/ui/renderer.js","ui","92","ArrowFunctionExpression","applyToolsCollapsed","1124","1128","false","false"
"fd5866d2580127142e46b58848da2471488f70c0","src/ui/renderer.js","ui","93","ArrowFunctionExpression","<callback:catch>","1132","1132","false","false"
"fd5866d2580127142e46b58848da2471488f70c0","src/ui/renderer.js","ui","94","ArrowFunctionExpression","<callback:addEventListener>","1132","1132","false","false"
"fd5866d2580127142e46b58848da2471488f70c0","src/ui/renderer.js","ui","95","ArrowFunctionExpression","applyTheme","1140","1145","false","false"
"fd5866d2580127142e46b58848da2471488f70c0","src/ui/renderer.js","ui","96","ArrowFunctionExpression","currentTheme","1146","1146","false","false"
"fd5866d2580127142e46b58848da2471488f70c0","src/ui/renderer.js","ui","97","ArrowFunctionExpression","<callback:addEventListener>","1150","1150","false","false"
"fd5866d2580127142e46b58848da2471488f70c0","src/ui/renderer.js","ui","98","ArrowFunctionExpression","resolveTheme","1154","1157","false","false"
"fd5866d2580127142e46b58848da2471488f70c0","src/ui/renderer.js","ui","99","ArrowFunctionExpression","boot","1165","1165","true","false"
"fd5866d2580127142e46b58848da2471488f70c0","src/ui/renderer.js","ui","100","ArrowFunctionExpression","$","1166","1166","false","false"
"fd5866d2580127142e46b58848da2471488f70c0","src/ui/renderer.js","ui","101","ArrowFunctionExpression","<callback:forEach>","1168","1168","false","false"
"fd5866d2580127142e46b58848da2471488f70c0","src/ui/renderer.js","ui","102","ArrowFunctionExpression","showStep","1168","1168","false","false"
"fd5866d2580127142e46b58848da2471488f70c0","src/ui/renderer.js","ui","103","ArrowFunctionExpression","show","1169","1169","false","false"
"fd5866d2580127142e46b58848da2471488f70c0","src/ui/renderer.js","ui","104","ArrowFunctionExpression","hide","1170","1170","false","false"
"fd5866d2580127142e46b58848da2471488f70c0","src/ui/renderer.js","ui","105","ArrowFunctionExpression","<callback:addEventListener>","1173","1176","false","false"
"fd5866d2580127142e46b58848da2471488f70c0","src/ui/renderer.js","ui","106","ArrowFunctionExpression","<callback:addEventListener>","1177","1177","false","false"
"fd5866d2580127142e46b58848da2471488f70c0","src/ui/renderer.js","ui","107","ArrowFunctionExpression","<callback:addEventListener>","1178","1178","false","false"
"fd5866d2580127142e46b58848da2471488f70c0","src/ui/renderer.js","ui","108","ArrowFunctionExpression","<callback:addEventListener>","1179","1179","false","false"
"fd5866d2580127142e46b58848da2471488f70c0","src/ui/renderer.js","ui","109","ArrowFunctionExpression","<callback:addEventListener>","1181","1197","true","false"
"fd5866d2580127142e46b58848da2471488f70c0","src/ui/renderer.js","ui","110","ArrowFunctionExpression","prepareMemoryStep","1201","1216","true","false"
"fd5866d2580127142e46b58848da2471488f70c0","src/ui/renderer.js","ui","111","ArrowFunctionExpression","showPhrase","1218","1222","false","false"
"fd5866d2580127142e46b58848da2471488f70c0","src/ui/renderer.js","ui","112","ArrowFunctionExpression","<callback:addEventListener>","1224","1234","true","false"
"fd5866d2580127142e46b58848da2471488f70c0","src/ui/renderer.js","ui","113","ArrowFunctionExpression","<callback:addEventListener>","1236","1242","true","false"
"fd5866d2580127142e46b58848da2471488f70c0","src/ui/renderer.js","ui","114","ArrowFunctionExpression","<callback:addEventListener>","1244","1244","true","false"
"fd5866d2580127142e46b58848da2471488f70c0","src/ui/renderer.js","ui","115","ArrowFunctionExpression","<callback:addEventListener>","1245","1245","true","false"
"fd5866d2580127142e46b58848da2471488f70c0","src/ui/renderer.js","ui","116","ArrowFunctionExpression","finish","1247","1251","true","false"
"fd5866d2580127142e46b58848da2471488f70c0","src/ui/renderer.js","ui","117","ArrowFunctionExpression","<callback:addEventListener>","1263","1266","true","false"
"fd5866d2580127142e46b58848da2471488f70c0","src/ui/renderer.js","ui","118","ArrowFunctionExpression","renderExisting","1253","1269","false","false"
"fd5866d2580127142e46b58848da2471488f70c0","src/ui/renderer.js","ui","119","ArrowFunctionExpression","<callback:find>","1275","1275","false","false"
"fd5866d2580127142e46b58848da2471488f70c0","src/ui/renderer.js","ui","120","FunctionExpression","boot","1272","1281","true","false"
"fd5866d2580127142e46b58848da2471488f70c0","src/ui/renderer.js","ui","121","ArrowFunctionExpression","<callback:call>","1163","1283","false","false"
"fd5866d2580127142e46b58848da2471488f70c0","src/ui/renderer.js","ui","122","ArrowFunctionExpression","sel","1290","1290","false","false"
"fd5866d2580127142e46b58848da2471488f70c0","src/ui/renderer.js","ui","123","ArrowFunctionExpression","refresh","1292","1292","true","false"
"fd5866d2580127142e46b58848da2471488f70c0","src/ui/renderer.js","ui","124","ArrowFunctionExpression","say","1301","1301","false","false"
"fd5866d2580127142e46b58848da2471488f70c0","src/ui/renderer.js","ui","125","ArrowFunctionExpression","fill","1302","1311","false","false"
"fd5866d2580127142e46b58848da2471488f70c0","src/ui/renderer.js","ui","126","ArrowFunctionExpression","startNew","1312","1315","false","false"
"fd5866d2580127142e46b58848da2471488f70c0","src/ui/renderer.js","ui","127","ArrowFunctionExpression","<callback:find>","1329","1329","false","false"
"fd5866d2580127142e46b58848da2471488f70c0","src/ui/renderer.js","ui","128","ArrowFunctionExpression","refresh","1317","1332","true","false"
"fd5866d2580127142e46b58848da2471488f70c0","src/ui/renderer.js","ui","129","ArrowFunctionExpression","<callback:addEventListener>","1334","1343","true","false"
"fd5866d2580127142e46b58848da2471488f70c0","src/ui/renderer.js","ui","130","ArrowFunctionExpression","<callback:addEventListener>","1347","1359","true","false"
"fd5866d2580127142e46b58848da2471488f70c0","src/ui/renderer.js","ui","131","ArrowFunctionExpression","<callback:call>","1289","1362","false","false"
"fd5866d2580127142e46b58848da2471488f70c0","src/ui/renderer.js","ui","132","ArrowFunctionExpression","<callback:forEach>","1372","1372","false","false"
"fd5866d2580127142e46b58848da2471488f70c0","src/ui/renderer.js","ui","133","ArrowFunctionExpression","<callback:forEach>","1374","1374","false","false"
"fd5866d2580127142e46b58848da2471488f70c0","src/ui/renderer.js","ui","134","ArrowFunctionExpression","<callback:addEventListener>","1371","1375","false","false"
"fd5866d2580127142e46b58848da2471488f70c0","src/ui/renderer.js","ui","135","ArrowFunctionExpression","<callback:forEach>","1370","1376","false","false"
"fd5866d2580127142e46b58848da2471488f70c0","src/ui/renderer.js","ui","136","ArrowFunctionExpression","<callback:catch>","1422","1422","false","false"
"fd5866d2580127142e46b58848da2471488f70c0","src/ui/renderer.js","ui","137","ArrowFunctionExpression","codeCall","1416","1428","true","false"
"fd5866d2580127142e46b58848da2471488f70c0","src/ui/renderer.js","ui","138","ArrowFunctionExpression","refreshStatus","1430","1435","true","false"
"fd5866d2580127142e46b58848da2471488f70c0","src/ui/renderer.js","ui","139","ArrowFunctionExpression","<callback:addEventListener>","1437","1443","true","false"
"fd5866d2580127142e46b58848da2471488f70c0","src/ui/renderer.js","ui","140","ArrowFunctionExpression","<callback:addEventListener>","1444","1451","true","false"
"fd5866d2580127142e46b58848da2471488f70c0","src/ui/renderer.js","ui","141","ArrowFunctionExpression","<callback:addEventListener>","1452","1461","true","false"
"fd5866d2580127142e46b58848da2471488f70c0","src/ui/renderer.js","ui","142","ArrowFunctionExpression","<callback:addEventListener>","1462","1475","true","false"
"fd5866d2580127142e46b58848da2471488f70c0","src/ui/renderer.js","ui","143","ArrowFunctionExpression","<callback:find>","1478","1478","false","false"
"fd5866d2580127142e46b58848da2471488f70c0","src/ui/renderer.js","ui","144","ArrowFunctionExpression","<callback:addEventListener>","1480","1484","false","false"
"fd5866d2580127142e46b58848da2471488f70c0","src/ui/renderer.js","ui","145","ArrowFunctionExpression","<callback:call>","1393","1485","true","false"
"fd5866d2580127142e46b58848da2471488f70c0","src/ui/renderer.js","ui","146","ArrowFunctionExpression","tickClock","1491","1491","false","false"
"fd5866d2580127142e46b58848da2471488f70c0","src/ui/renderer.js","ui","147","ArrowFunctionExpression","apply","1504","1508","false","false"
"fd5866d2580127142e46b58848da2471488f70c0","src/ui/renderer.js","ui","148","ArrowFunctionExpression","<callback:addEventListener>","1510","1514","false","false"
"fd5866d2580127142e46b58848da2471488f70c0","src/ui/renderer.js","ui","149","ArrowFunctionExpression","wireCollapsibleSection","1498","1515","false","false"
"fd5866d2580127142e46b58848da2471488f70c0","src/ui/renderer.js","ui","150","ArrowFunctionExpression","<callback:forEach>","1533","1533","false","false"
"fd5866d2580127142e46b58848da2471488f70c0","src/ui/renderer.js","ui","151","ArrowFunctionExpression","<callback:addEventListener>","1534","1538","false","false"
"fd5866d2580127142e46b58848da2471488f70c0","src/ui/renderer.js","ui","152","ArrowFunctionExpression","evaluateFrameQuality","1540","1568","true","false"
"fd5866d2580127142e46b58848da2471488f70c0","src/ui/renderer.js","ui","153","ArrowFunctionExpression","onload","1572","1572","false","false"
"fd5866d2580127142e46b58848da2471488f70c0","src/ui/renderer.js","ui","154","ArrowFunctionExpression","<callback:onCameraFrame>","1570","1581","false","false"
"fd5866d2580127142e46b58848da2471488f70c0","src/ui/renderer.js","ui","155","ArrowFunctionExpression","<callback:onCameraStatus>","1583","1596","false","false"
"fd5866d2580127142e46b58848da2471488f70c0","src/ui/renderer.js","ui","156","ArrowFunctionExpression","<callback:catch>","1602","1602","false","false"
"fd5866d2580127142e46b58848da2471488f70c0","src/ui/renderer.js","ui","157","ArrowFunctionExpression","<callback:addEventListener>","1597","1607","true","false"
"fd5866d2580127142e46b58848da2471488f70c0","src/ui/renderer.js","ui","158","ArrowFunctionExpression","<callback:onEvent>","1609","1646","false","false"
"fd5866d2580127142e46b58848da2471488f70c0","src/ui/renderer.js","ui","159","ArrowFunctionExpression","announceRetryOnce","1651","1656","false","false"
"fd5866d2580127142e46b58848da2471488f70c0","src/ui/renderer.js","ui","160","ArrowFunctionExpression","<callback:onDecodeAudioRequest>","1660","1680","true","false"
"fd5866d2580127142e46b58848da2471488f70c0","src/ui/renderer.js","ui","161","ArrowFunctionExpression","<callback:onVoiceWake>","1682","1686","false","false"
"fd5866d2580127142e46b58848da2471488f70c0","src/ui/renderer.js","ui","162","ArrowFunctionExpression","stampIntent","1693","1693","false","false"
"fd5866d2580127142e46b58848da2471488f70c0","src/ui/renderer.js","ui","163","ArrowFunctionExpression","intentJustHandled","1694","1694","false","false"
"fd5866d2580127142e46b58848da2471488f70c0","src/ui/renderer.js","ui","164","ArrowFunctionExpression","describeCapabilities","1698","1709","true","false"
"fd5866d2580127142e46b58848da2471488f70c0","src/ui/renderer.js","ui","165","ArrowFunctionExpression","<callback:map>","1719","1719","false","false"
"fd5866d2580127142e46b58848da2471488f70c0","src/ui/renderer.js","ui","166","ArrowFunctionExpression","runWebAnswer","1713","1734","true","false"
"fd5866d2580127142e46b58848da2471488f70c0","src/ui/renderer.js","ui","167","ArrowFunctionExpression","runJournalBrief","1738","1748","true","false"
"fd5866d2580127142e46b58848da2471488f70c0","src/ui/renderer.js","ui","168","ArrowFunctionExpression","<callback:then>","1763","1763","false","false"
"fd5866d2580127142e46b58848da2471488f70c0","src/ui/renderer.js","ui","169","ArrowFunctionExpression","<callback:catch>","1764","1764","false","false"
"fd5866d2580127142e46b58848da2471488f70c0","src/ui/renderer.js","ui","170","ArrowFunctionExpression","<callback:catch>","1769","1769","false","false"
"fd5866d2580127142e46b58848da2471488f70c0","src/ui/renderer.js","ui","171","ArrowFunctionExpression","executeDialogueAction","1750","1784","false","false"
"fd5866d2580127142e46b58848da2471488f70c0","src/ui/renderer.js","ui","172","ArrowFunctionExpression","applyDialogueDecision","1786","1793","false","false"
"fd5866d2580127142e46b58848da2471488f70c0","src/ui/renderer.js","ui","173","ArrowFunctionExpression","<callback:onVoiceIntent>","1798","1852","false","false"
"fd5866d2580127142e46b58848da2471488f70c0","src/ui/renderer.js","ui","174","ArrowFunctionExpression","startOrGuideMission","1860","1881","true","false"
"fd5866d2580127142e46b58848da2471488f70c0","src/ui/renderer.js","ui","175","ArrowFunctionExpression","<callback:onVoiceCommand>","1883","1887","false","false"
"fd5866d2580127142e46b58848da2471488f70c0","src/ui/renderer.js","ui","176","ArrowFunctionExpression","<callback:onVoiceDialogue>","1890","1890","false","false"
"fd5866d2580127142e46b58848da2471488f70c0","src/ui/renderer.js","ui","177","ArrowFunctionExpression","<callback:onVoiceTranscript>","1891","1894","false","false"
"fd5866d2580127142e46b58848da2471488f70c0","src/ui/renderer.js","ui","178","ArrowFunctionExpression","<callback:onVoiceAudio>","1895","1898","false","false"
"fd5866d2580127142e46b58848da2471488f70c0","src/ui/renderer.js","ui","179","ArrowFunctionExpression","<callback:onVoiceStopSpeech>","1902","1910","false","false"
"fd5866d2580127142e46b58848da2471488f70c0","src/ui/renderer.js","ui","180","ArrowFunctionExpression","<callback:catch>","1924","1924","false","false"
"fd5866d2580127142e46b58848da2471488f70c0","src/ui/renderer.js","ui","181","ArrowFunctionExpression","<callback:onVoiceInterrupted>","1912","1935","false","false"
"fd5866d2580127142e46b58848da2471488f70c0","src/ui/renderer.js","ui","182","ArrowFunctionExpression","<callback:onVoiceDropPlayback>","1941","1943","false","false"
"fd5866d2580127142e46b58848da2471488f70c0","src/ui/renderer.js","ui","183","ArrowFunctionExpression","<callback:then>","1945","1948","false","false"
"fd5866d2580127142e46b58848da2471488f70c0","src/ui/renderer.js","ui","184","ArrowFunctionExpression","<callback:catch>","1948","1952","false","false"
"fd5866d2580127142e46b58848da2471488f70c0","src/ui/renderer.js","ui","185","ArrowFunctionExpression","<callback:addEventListener>","1953","1966","true","false"
"fd5866d2580127142e46b58848da2471488f70c0","src/ui/renderer.js","ui","186","ArrowFunctionExpression","<callback:addEventListener>","1967","1981","true","false"
"fd5866d2580127142e46b58848da2471488f70c0","src/ui/renderer.js","ui","187","ArrowFunctionExpression","<callback:forEach>","1988","1990","false","false"
"fd5866d2580127142e46b58848da2471488f70c0","src/ui/renderer.js","ui","188","ArrowFunctionExpression","<callback:addEventListener>","1982","1996","true","false"
"fd5866d2580127142e46b58848da2471488f70c0","src/ui/renderer.js","ui","189","ArrowFunctionExpression","refreshSmsPolicyStatus","1997","2002","true","false"
"fd5866d2580127142e46b58848da2471488f70c0","src/ui/renderer.js","ui","190","ArrowFunctionExpression","<callback:addEventListener>","2003","2007","true","false"
"fd5866d2580127142e46b58848da2471488f70c0","src/ui/renderer.js","ui","191","ArrowFunctionExpression","<callback:addEventListener>","2008","2012","true","false"
"fd5866d2580127142e46b58848da2471488f70c0","src/ui/renderer.js","ui","192","ArrowFunctionExpression","<callback:catch>","2014","2014","false","false"
"fd5866d2580127142e46b58848da2471488f70c0","src/ui/renderer.js","ui","193","ArrowFunctionExpression","<callback:addEventListener>","2014","2014","false","false"
"fd5866d2580127142e46b58848da2471488f70c0","src/ui/renderer.js","ui","194","ArrowFunctionExpression","<callback:catch>","2015","2015","false","false"
"fd5866d2580127142e46b58848da2471488f70c0","src/ui/renderer.js","ui","195","ArrowFunctionExpression","<callback:addEventListener>","2015","2015","false","false"
"fd5866d2580127142e46b58848da2471488f70c0","src/ui/renderer.js","ui","196","ArrowFunctionExpression","<callback:catch>","2016","2016","false","false"
"fd5866d2580127142e46b58848da2471488f70c0","src/ui/renderer.js","ui","197","ArrowFunctionExpression","<callback:addEventListener>","2016","2016","false","false"
"fd5866d2580127142e46b58848da2471488f70c0","src/ui/renderer.js","ui","198","ArrowFunctionExpression","<callback:catch>","2017","2017","false","false"
"fd5866d2580127142e46b58848da2471488f70c0","src/ui/renderer.js","ui","199","ArrowFunctionExpression","<callback:addEventListener>","2017","2017","false","false"
"fd5866d2580127142e46b58848da2471488f70c0","src/ui/renderer.js","ui","200","ArrowFunctionExpression","exportAnalytics","2018","2023","true","false"
"fd5866d2580127142e46b58848da2471488f70c0","src/ui/renderer.js","ui","201","ArrowFunctionExpression","<callback:addEventListener>","2024","2024","false","false"
"fd5866d2580127142e46b58848da2471488f70c0","src/ui/renderer.js","ui","202","ArrowFunctionExpression","<callback:addEventListener>","2025","2025","false","false"
"fd5866d2580127142e46b58848da2471488f70c0","src/ui/renderer.js","ui","203","ArrowFunctionExpression","<callback:addEventListener>","2026","2036","true","false"
"fd5866d2580127142e46b58848da2471488f70c0","src/ui/renderer.js","ui","204","ArrowFunctionExpression","<callback:addEventListener>","2037","2047","true","false"
"fd5866d2580127142e46b58848da2471488f70c0","src/ui/renderer.js","ui","205","ArrowFunctionExpression","<callback:addEventListener>","2050","2066","true","false"
"fd5866d2580127142e46b58848da2471488f70c0","src/ui/renderer.js","ui","206","ArrowFunctionExpression","<callback:addEventListener>","2067","2071","true","false"
"fd5866d2580127142e46b58848da2471488f70c0","src/ui/renderer.js","ui","207","ArrowFunctionExpression","<callback:addEventListener>","2072","2080","true","false"
"fd5866d2580127142e46b58848da2471488f70c0","src/ui/renderer.js","ui","208","ArrowFunctionExpression","<callback:addEventListener>","2081","2089","true","false"
"fd5866d2580127142e46b58848da2471488f70c0","src/ui/renderer.js","ui","209","ArrowFunctionExpression","<callback:addEventListener>","2090","2098","true","false"
"fd5866d2580127142e46b58848da2471488f70c0","src/ui/renderer.js","ui","210","ArrowFunctionExpression","<callback:addEventListener>","2099","2113","true","false"
"fd5866d2580127142e46b58848da2471488f70c0","src/ui/renderer.js","ui","211","ArrowFunctionExpression","<callback:addEventListener>","2114","2126","true","false"
"fd5866d2580127142e46b58848da2471488f70c0","src/ui/renderer.js","ui","212","ArrowFunctionExpression","<callback:onSandboxEvent>","2128","2133","false","false"
"fd5866d2580127142e46b58848da2471488f70c0","src/ui/renderer.js","ui","213","ArrowFunctionExpression","<callback:onTechnicalLog>","2135","2135","false","false"
"fd5866d2580127142e46b58848da2471488f70c0","src/ui/renderer.js","ui","214","ArrowFunctionExpression","<callback:addEventListener>","2136","2139","true","false"
"fd5866d2580127142e46b58848da2471488f70c0","src/ui/renderer.js","ui","215","ArrowFunctionExpression","<callback:then>","2141","2145","false","false"
"fd5866d2580127142e46b58848da2471488f70c0","src/ui/renderer.js","ui","216","ArrowFunctionExpression","<callback:catch>","2145","2145","false","false"
"fd5866d2580127142e46b58848da2471488f70c0","src/ui/renderer.js","ui","217","ArrowFunctionExpression","renderStartup","2151","2159","false","false"
"fd5866d2580127142e46b58848da2471488f70c0","src/ui/renderer.js","ui","218","ArrowFunctionExpression","refreshStartup","2160","2160","true","false"
"fd5866d2580127142e46b58848da2471488f70c0","src/ui/renderer.js","ui","219","ArrowFunctionExpression","<callback:catch>","2171","2171","false","false"
"fd5866d2580127142e46b58848da2471488f70c0","src/ui/renderer.js","ui","220","ArrowFunctionExpression","<callback:addEventListener>","2161","2173","true","false"
"fd5866d2580127142e46b58848da2471488f70c0","src/ui/renderer.js","ui","221","ArrowFunctionExpression","renderCapabilities","2177","2204","false","false"
"fd5866d2580127142e46b58848da2471488f70c0","src/ui/renderer.js","ui","222","ArrowFunctionExpression","prepend","2210","2227","false","false"
"fd5866d2580127142e46b58848da2471488f70c0","src/ui/renderer.js","ui","223","ArrowFunctionExpression","<callback:filter>","2231","2231","false","false"
"fd5866d2580127142e46b58848da2471488f70c0","src/ui/renderer.js","ui","224","ArrowFunctionExpression","<callback:map>","2232","2232","false","false"
"fd5866d2580127142e46b58848da2471488f70c0","src/ui/renderer.js","ui","225","ArrowFunctionExpression","<callback:map>","2238","2238","false","false"
"fd5866d2580127142e46b58848da2471488f70c0","src/ui/renderer.js","ui","226","ArrowFunctionExpression","renderCapabilityCatalog","2207","2250","false","false"
"fd5866d2580127142e46b58848da2471488f70c0","src/ui/renderer.js","ui","227","ArrowFunctionExpression","<callback:map>","2269","2269","false","false"
"fd5866d2580127142e46b58848da2471488f70c0","src/ui/renderer.js","ui","228","ArrowFunctionExpression","renderChatChannel","2254","2273","false","false"
"fd5866d2580127142e46b58848da2471488f70c0","src/ui/renderer.js","ui","229","ArrowFunctionExpression","refreshChatChannel","2275","2278","true","false"
"fd5866d2580127142e46b58848da2471488f70c0","src/ui/renderer.js","ui","230","ArrowFunctionExpression","<callback:then>","2282","2288","false","false"
"fd5866d2580127142e46b58848da2471488f70c0","src/ui/renderer.js","ui","231","ArrowFunctionExpression","<callback:catch>","2290","2290","false","false"
"fd5866d2580127142e46b58848da2471488f70c0","src/ui/renderer.js","ui","232","ArrowFunctionExpression","<callback:addEventListener>","2280","2291","false","false"
"fd5866d2580127142e46b58848da2471488f70c0","src/ui/renderer.js","ui","233","ArrowFunctionExpression","<callback:then>","2295","2298","false","false"
"fd5866d2580127142e46b58848da2471488f70c0","src/ui/renderer.js","ui","234","ArrowFunctionExpression","<callback:catch>","2300","2300","false","false"
"fd5866d2580127142e46b58848da2471488f70c0","src/ui/renderer.js","ui","235","ArrowFunctionExpression","<callback:addEventListener>","2293","2301","false","false"
"fd5866d2580127142e46b58848da2471488f70c0","src/ui/renderer.js","ui","236","ArrowFunctionExpression","<callback:then>","2309","2311","false","false"
"fd5866d2580127142e46b58848da2471488f70c0","src/ui/renderer.js","ui","237","ArrowFunctionExpression","<callback:catch>","2312","2312","false","false"
"fd5866d2580127142e46b58848da2471488f70c0","src/ui/renderer.js","ui","238","ArrowFunctionExpression","<callback:then>","2318","2320","false","false"
"fd5866d2580127142e46b58848da2471488f70c0","src/ui/renderer.js","ui","239","ArrowFunctionExpression","<callback:catch>","2322","2322","false","false"
"fd5866d2580127142e46b58848da2471488f70c0","src/ui/renderer.js","ui","240","ArrowFunctionExpression","<callback:addEventListener>","2303","2323","false","false"
"fd5866d2580127142e46b58848da2471488f70c0","src/ui/renderer.js","ui","241","ArrowFunctionExpression","refreshCapabilities","2325","2329","true","false"
"fd5866d2580127142e46b58848da2471488f70c0","src/ui/renderer.js","ui","242","ArrowFunctionExpression","<callback:catch>","2332","2332","false","false"
"fd5866d2580127142e46b58848da2471488f70c0","src/ui/renderer.js","ui","243","ArrowFunctionExpression","<callback:addEventListener>","2330","2333","false","false"
"fd5866d2580127142e46b58848da2471488f70c0","src/ui/renderer.js","ui","244","ArrowFunctionExpression","<anonymous>","2338","2338","false","false"
"fd5866d2580127142e46b58848da2471488f70c0","src/ui/renderer.js","ui","245","ArrowFunctionExpression","failed","2338","2338","false","false"
"fd5866d2580127142e46b58848da2471488f70c0","src/ui/renderer.js","ui","246","ArrowFunctionExpression","refreshMail","2340","2343","true","false"
"fd5866d2580127142e46b58848da2471488f70c0","src/ui/renderer.js","ui","247","ArrowFunctionExpression","<callback:addEventListener>","2344","2346","false","false"
"fd5866d2580127142e46b58848da2471488f70c0","src/ui/renderer.js","ui","248","ArrowFunctionExpression","<callback:addEventListener>","2347","2355","true","false"
"fd5866d2580127142e46b58848da2471488f70c0","src/ui/renderer.js","ui","249","ArrowFunctionExpression","<callback:then>","2360","2360","false","false"
"fd5866d2580127142e46b58848da2471488f70c0","src/ui/renderer.js","ui","250","ArrowFunctionExpression","<callback:then>","2363","2363","false","false"
"fd5866d2580127142e46b58848da2471488f70c0","src/ui/renderer.js","ui","251","ArrowFunctionExpression","<callback:then>","2366","2366","false","false"
"fd5866d2580127142e46b58848da2471488f70c0","src/ui/renderer.js","ui","252","ArrowFunctionExpression","refreshPersonal","2357","2369","true","false"
"fd5866d2580127142e46b58848da2471488f70c0","src/ui/renderer.js","ui","253","ArrowFunctionExpression","<callback:catch>","2371","2371","false","false"
"fd5866d2580127142e46b58848da2471488f70c0","src/ui/renderer.js","ui","254","ArrowFunctionExpression","<callback:addEventListener>","2370","2372","false","false"
"fd5866d2580127142e46b58848da2471488f70c0","src/ui/renderer.js","ui","255","ArrowFunctionExpression","<callback:renderList>","2377","2382","false","false"
"fd5866d2580127142e46b58848da2471488f70c0","src/ui/renderer.js","ui","256","ArrowFunctionExpression","<callback:addEventListener>","2374","2386","true","false"
"fd5866d2580127142e46b58848da2471488f70c0","src/ui/renderer.js","ui","257","ArrowFunctionExpression","refreshPrinting","2388","2391","true","false"
"fd5866d2580127142e46b58848da2471488f70c0","src/ui/renderer.js","ui","258","ArrowFunctionExpression","<callback:addEventListener>","2392","2394","false","false"
"fd5866d2580127142e46b58848da2471488f70c0","src/ui/renderer.js","ui","259","ArrowFunctionExpression","<callback:addEventListener>","2397","2410","true","false"
"fd5866d2580127142e46b58848da2471488f70c0","src/ui/renderer.js","ui","260","ArrowFunctionExpression","<callback:catch>","2421","2421","false","false"
"fd5866d2580127142e46b58848da2471488f70c0","src/ui/renderer.js","ui","261","ArrowFunctionExpression","<callback:addEventListener>","2412","2425","true","false"
"fd5866d2580127142e46b58848da2471488f70c0","src/ui/renderer.js","ui","262","ArrowFunctionExpression","<callback:renderList>","2433","2438","false","false"
"fd5866d2580127142e46b58848da2471488f70c0","src/ui/renderer.js","ui","263","ArrowFunctionExpression","refreshHome","2427","2445","true","false"
"fd5866d2580127142e46b58848da2471488f70c0","src/ui/renderer.js","ui","264","ArrowFunctionExpression","<callback:addEventListener>","2446","2448","false","false"
"fd5866d2580127142e46b58848da2471488f70c0","src/ui/renderer.js","ui","265","ArrowFunctionExpression","<callback:catch>","2461","2461","false","false"
"fd5866d2580127142e46b58848da2471488f70c0","src/ui/renderer.js","ui","266","ArrowFunctionExpression","<callback:addEventListener>","2451","2465","true","false"
"fd5866d2580127142e46b58848da2471488f70c0","src/ui/renderer.js","ui","267","ArrowFunctionExpression","<callback:map>","2478","2478","false","false"
"fd5866d2580127142e46b58848da2471488f70c0","src/ui/renderer.js","ui","268","ArrowFunctionExpression","<callback:addEventListener>","2466","2483","true","false"
"fd5866d2580127142e46b58848da2471488f70c0","src/ui/renderer.js","ui","269","ArrowFunctionExpression","refreshPersonality","2485","2493","true","false"
"fd5866d2580127142e46b58848da2471488f70c0","src/ui/renderer.js","ui","270","ArrowFunctionExpression","<callback:catch>","2495","2495","false","false"
"fd5866d2580127142e46b58848da2471488f70c0","src/ui/renderer.js","ui","271","ArrowFunctionExpression","<callback:catch>","2496","2496","false","false"
"fd5866d2580127142e46b58848da2471488f70c0","src/ui/renderer.js","ui","272","ArrowFunctionExpression","<callback:catch>","2497","2497","false","false"
"fd5866d2580127142e46b58848da2471488f70c0","src/ui/renderer.js","ui","273","ArrowFunctionExpression","<callback:catch>","2499","2499","false","false"
"fd5866d2580127142e46b58848da2471488f70c0","src/ui/renderer.js","ui","274","ArrowFunctionExpression","<callback:catch>","2503","2503","false","false"
"fd5866d2580127142e46b58848da2471488f70c0","src/ui/renderer.js","ui","275","ArrowFunctionExpression","<callback:catch>","2504","2504","false","false"
"fd5866d2580127142e46b58848da2471488f70c0","src/ui/renderer.js","ui","276","ArrowFunctionExpression","<callback:catch>","2505","2505","false","false"
"fd5866d2580127142e46b58848da2471488f70c0","src/ui/renderer.js","ui","277","ArrowFunctionExpression","<callback:then>","2510","2510","false","false"
"fd5866d2580127142e46b58848da2471488f70c0","src/ui/renderer.js","ui","278","ArrowFunctionExpression","<callback:catch>","2511","2511","false","false"
"fd5866d2580127142e46b58848da2471488f70c0","src/ui/renderer.js","ui","279","ArrowFunctionExpression","<callback:catch>","2514","2514","false","false"
"fd5866d2580127142e46b58848da2471488f70c0","src/ui/renderer.js","ui","280","ArrowFunctionExpression","<callback:catch>","2515","2515","false","false"
"fd5866d2580127142e46b58848da2471488f70c0","src/ui/renderer.js","ui","281","ArrowFunctionExpression","<callback:catch>","2516","2516","false","false"
"fd5866d2580127142e46b58848da2471488f70c0","src/ui/voice-presence.mjs","ui","1","ArrowFunctionExpression","<callback:some>","44","44","false","false"
"fd5866d2580127142e46b58848da2471488f70c0","src/ui/voice-presence.mjs","ui","2","FunctionDeclaration","normalizeCloudzirPalette","43","45","false","false"
"fd5866d2580127142e46b58848da2471488f70c0","src/ui/voice-presence.mjs","ui","3","ArrowFunctionExpression","<callback:findIndex>","50","50","false","false"
"fd5866d2580127142e46b58848da2471488f70c0","src/ui/voice-presence.mjs","ui","4","FunctionDeclaration","nextCloudzirPalette","47","52","false","false"
"fd5866d2580127142e46b58848da2471488f70c0","src/ui/voice-presence.mjs","ui","5","ArrowFunctionExpression","<callback:find>","55","55","false","false"
"fd5866d2580127142e46b58848da2471488f70c0","src/ui/voice-presence.mjs","ui","6","FunctionDeclaration","cloudzirPaletteColors","54","57","false","false"
"fd5866d2580127142e46b58848da2471488f70c0","src/ui/voice-presence.mjs","ui","7","FunctionExpression","load","64","66","false","false"
"fd5866d2580127142e46b58848da2471488f70c0","src/ui/voice-presence.mjs","ui","8","FunctionExpression","save","67","71","false","false"
"fd5866d2580127142e46b58848da2471488f70c0","src/ui/voice-presence.mjs","ui","9","FunctionDeclaration","createCloudzirPalettePreference","59","73","false","false"
"fd5866d2580127142e46b58848da2471488f70c0","src/ui/voice-presence.mjs","ui","10","FunctionDeclaration","normalizeVoiceAnimation","75","77","false","false"
"fd5866d2580127142e46b58848da2471488f70c0","src/ui/voice-presence.mjs","ui","11","FunctionExpression","load","84","86","false","false"
"fd5866d2580127142e46b58848da2471488f70c0","src/ui/voice-presence.mjs","ui","12","FunctionExpression","save","87","91","false","false"
"fd5866d2580127142e46b58848da2471488f70c0","src/ui/voice-presence.mjs","ui","13","FunctionDeclaration","createVoiceAnimationPreference","79","93","false","false"
"fd5866d2580127142e46b58848da2471488f70c0","src/ui/voice-presence.mjs","ui","14","FunctionDeclaration","isPlaybackSuppressed","101","104","false","false"
"fd5866d2580127142e46b58848da2471488f70c0","src/ui/voice-presence.mjs","ui","15","FunctionDeclaration","readbackShieldDuration","115","119","false","false"
"fd5866d2580127142e46b58848da2471488f70c0","src/ui/voice-presence.mjs","ui","16","FunctionDeclaration","isShieldActive","121","123","false","false"
"fd5866d2580127142e46b58848da2471488f70c0","src/ui/voice-presence.mjs","ui","17","FunctionExpression","push","130","137","false","false"
"fd5866d2580127142e46b58848da2471488f70c0","src/ui/voice-presence.mjs","ui","18","FunctionExpression","reset","138","138","false","false"
"fd5866d2580127142e46b58848da2471488f70c0","src/ui/voice-presence.mjs","ui","19","FunctionDeclaration","createBargeInDetector","127","140","false","false"
"fd5866d2580127142e46b58848da2471488f70c0","src/ui/voice-presence.mjs","ui","20","FunctionDeclaration","reduceVoicePresence","142","145","false","false"
"fd5866d2580127142e46b58848da2471488f70c0","src/ui/voice-presence.mjs","ui","21","FunctionDeclaration","normalizeVoiceLevel","147","155","false","false"
"fd5866d2580127142e46b58848da2471488f70c0","src/ui/voice-presence.mjs","ui","22","ArrowFunctionExpression","syncActivity","175","179","false","false"
"fd5866d2580127142e46b58848da2471488f70c0","src/ui/voice-presence.mjs","ui","23","ArrowFunctionExpression","syncText","181","187","false","false"
"fd5866d2580127142e46b58848da2471488f70c0","src/ui/voice-presence.mjs","ui","24","ArrowFunctionExpression","render","189","256","false","false"
"fd5866d2580127142e46b58848da2471488f70c0","src/ui/voice-presence.mjs","ui","25","ArrowFunctionExpression","loop","258","262","false","false"
"fd5866d2580127142e46b58848da2471488f70c0","src/ui/voice-presence.mjs","ui","26","FunctionExpression","dispatch","268","273","false","false"
"fd5866d2580127142e46b58848da2471488f70c0","src/ui/voice-presence.mjs","ui","27","FunctionExpression","setAnimation","274","278","false","false"
"fd5866d2580127142e46b58848da2471488f70c0","src/ui/voice-presence.mjs","ui","28","FunctionExpression","setLevel","279","284","false","false"
"fd5866d2580127142e46b58848da2471488f70c0","src/ui/voice-presence.mjs","ui","29","ArrowFunctionExpression","state","286","286","false","false"
"fd5866d2580127142e46b58848da2471488f70c0","src/ui/voice-presence.mjs","ui","30","FunctionExpression","destroy","287","291","false","false"
"fd5866d2580127142e46b58848da2471488f70c0","src/ui/voice-presence.mjs","ui","31","FunctionDeclaration","createVoicePresence","157","293","false","false"
"fd5866d2580127142e46b58848da2471488f70c0","src/ui/window-lifecycle.mjs","ui","1","ArrowFunctionExpression","<callback:once>","2","2","false","false"
"fd5866d2580127142e46b58848da2471488f70c0","src/ui/window-lifecycle.mjs","ui","2","FunctionDeclaration","loadAndShowWindow","1","4","true","false"
"fd5866d2580127142e46b58848da2471488f70c0","src/usage/analytics-query.mjs","usage","1","FunctionDeclaration","percentile","10","17","false","false"
"fd5866d2580127142e46b58848da2471488f70c0","src/usage/analytics-query.mjs","usage","2","FunctionDeclaration","queryParts","19","34","false","false"
"fd5866d2580127142e46b58848da2471488f70c0","src/usage/analytics-query.mjs","usage","3","FunctionDeclaration","item","36","56","false","false"
"fd5866d2580127142e46b58848da2471488f70c0","src/usage/analytics-query.mjs","usage","4","ArrowFunctionExpression","<callback:map>","71","71","false","false"
"fd5866d2580127142e46b58848da2471488f70c0","src/usage/analytics-query.mjs","usage","5","ArrowFunctionExpression","<callback:sort>","71","71","false","false"
"fd5866d2580127142e46b58848da2471488f70c0","src/usage/analytics-query.mjs","usage","6","ArrowFunctionExpression","<callback:filter>","72","72","false","false"
"fd5866d2580127142e46b58848da2471488f70c0","src/usage/analytics-query.mjs","usage","7","ArrowFunctionExpression","<callback:filter>","78","78","false","false"
"fd5866d2580127142e46b58848da2471488f70c0","src/usage/analytics-query.mjs","usage","8","ArrowFunctionExpression","<callback:filter>","79","79","false","false"
"fd5866d2580127142e46b58848da2471488f70c0","src/usage/analytics-query.mjs","usage","9","ArrowFunctionExpression","<callback:map>","79","79","false","false"
"fd5866d2580127142e46b58848da2471488f70c0","src/usage/analytics-query.mjs","usage","10","ArrowFunctionExpression","<callback:reduce>","80","80","false","false"
"fd5866d2580127142e46b58848da2471488f70c0","src/usage/analytics-query.mjs","usage","11","ArrowFunctionExpression","sum","80","80","false","false"
"fd5866d2580127142e46b58848da2471488f70c0","src/usage/analytics-query.mjs","usage","12","ArrowFunctionExpression","<callback:reduce>","100","100","false","false"
"fd5866d2580127142e46b58848da2471488f70c0","src/usage/analytics-query.mjs","usage","13","ArrowFunctionExpression","<callback:sort>","118","118","false","false"
"fd5866d2580127142e46b58848da2471488f70c0","src/usage/analytics-query.mjs","usage","14","ArrowFunctionExpression","<callback:map>","118","118","false","false"
"fd5866d2580127142e46b58848da2471488f70c0","src/usage/analytics-query.mjs","usage","15","ArrowFunctionExpression","<callback:sort>","119","119","false","false"
"fd5866d2580127142e46b58848da2471488f70c0","src/usage/analytics-query.mjs","usage","16","ArrowFunctionExpression","<callback:map>","119","119","false","false"
"fd5866d2580127142e46b58848da2471488f70c0","src/usage/analytics-query.mjs","usage","17","ArrowFunctionExpression","<callback:sort>","120","120","false","false"
"fd5866d2580127142e46b58848da2471488f70c0","src/usage/analytics-query.mjs","usage","18","ArrowFunctionExpression","<callback:map>","120","122","false","false"
"fd5866d2580127142e46b58848da2471488f70c0","src/usage/analytics-query.mjs","usage","19","FunctionDeclaration","query","61","125","false","false"
"fd5866d2580127142e46b58848da2471488f70c0","src/usage/analytics-query.mjs","usage","20","FunctionDeclaration","createAnalyticsQuery","58","128","false","false"
"fd5866d2580127142e46b58848da2471488f70c0","src/usage/budget-guard.mjs","usage","1","FunctionDeclaration","budgetError","1","8","false","false"
"fd5866d2580127142e46b58848da2471488f70c0","src/usage/budget-guard.mjs","usage","2","FunctionDeclaration","validAmount","10","12","false","false"
"fd5866d2580127142e46b58848da2471488f70c0","src/usage/budget-guard.mjs","usage","3","FunctionDeclaration","dayOf","14","16","false","false"
"fd5866d2580127142e46b58848da2471488f70c0","src/usage/budget-guard.mjs","usage","4","ArrowFunctionExpression","<anonymous>","25","25","false","false"
"fd5866d2580127142e46b58848da2471488f70c0","src/usage/budget-guard.mjs","usage","5","FunctionDeclaration","transaction","22","32","true","false"
"fd5866d2580127142e46b58848da2471488f70c0","src/usage/budget-guard.mjs","usage","6","FunctionDeclaration","createInMemoryBudgetStore","18","35","false","false"
"fd5866d2580127142e46b58848da2471488f70c0","src/usage/budget-guard.mjs","usage","7","FunctionDeclaration","sums","37","53","false","false"
"fd5866d2580127142e46b58848da2471488f70c0","src/usage/budget-guard.mjs","usage","8","ArrowFunctionExpression","now","61","61","false","false"
"fd5866d2580127142e46b58848da2471488f70c0","src/usage/budget-guard.mjs","usage","9","ArrowFunctionExpression","<callback:sums>","80","80","false","false"
"fd5866d2580127142e46b58848da2471488f70c0","src/usage/budget-guard.mjs","usage","10","ArrowFunctionExpression","<callback:sums>","81","81","false","false"
"fd5866d2580127142e46b58848da2471488f70c0","src/usage/budget-guard.mjs","usage","11","ArrowFunctionExpression","<callback:sums>","82","82","false","false"
"fd5866d2580127142e46b58848da2471488f70c0","src/usage/budget-guard.mjs","usage","12","ArrowFunctionExpression","<callback:transaction>","74","103","false","false"
"fd5866d2580127142e46b58848da2471488f70c0","src/usage/budget-guard.mjs","usage","13","FunctionDeclaration","reserve","63","104","true","false"
"fd5866d2580127142e46b58848da2471488f70c0","src/usage/budget-guard.mjs","usage","14","ArrowFunctionExpression","<callback:transaction>","110","123","false","false"
"fd5866d2580127142e46b58848da2471488f70c0","src/usage/budget-guard.mjs","usage","15","FunctionDeclaration","settle","106","124","true","false"
"fd5866d2580127142e46b58848da2471488f70c0","src/usage/budget-guard.mjs","usage","16","ArrowFunctionExpression","<callback:transaction>","128","128","false","false"
"fd5866d2580127142e46b58848da2471488f70c0","src/usage/budget-guard.mjs","usage","17","FunctionDeclaration","release","126","129","true","false"
"fd5866d2580127142e46b58848da2471488f70c0","src/usage/budget-guard.mjs","usage","18","ArrowFunctionExpression","predicate","137","137","false","false"
"fd5866d2580127142e46b58848da2471488f70c0","src/usage/budget-guard.mjs","usage","19","ArrowFunctionExpression","predicate","140","140","false","false"
"fd5866d2580127142e46b58848da2471488f70c0","src/usage/budget-guard.mjs","usage","20","ArrowFunctionExpression","predicate","143","143","false","false"
"fd5866d2580127142e46b58848da2471488f70c0","src/usage/budget-guard.mjs","usage","21","ArrowFunctionExpression","<callback:transaction>","132","158","false","false"
"fd5866d2580127142e46b58848da2471488f70c0","src/usage/budget-guard.mjs","usage","22","FunctionDeclaration","snapshot","131","159","true","false"
"fd5866d2580127142e46b58848da2471488f70c0","src/usage/budget-guard.mjs","usage","23","FunctionDeclaration","createBudgetGuard","55","162","false","false"
"fd5866d2580127142e46b58848da2471488f70c0","src/usage/cost-calculator.mjs","usage","1","FunctionDeclaration","decimalMicros","1","4","false","false"
"fd5866d2580127142e46b58848da2471488f70c0","src/usage/cost-calculator.mjs","usage","2","FunctionDeclaration","roundedDivide","6","8","false","false"
"fd5866d2580127142e46b58848da2471488f70c0","src/usage/cost-calculator.mjs","usage","3","FunctionDeclaration","integerMicros","10","13","false","false"
"fd5866d2580127142e46b58848da2471488f70c0","src/usage/cost-calculator.mjs","usage","4","FunctionDeclaration","unknown","18","20","false","false"
"fd5866d2580127142e46b58848da2471488f70c0","src/usage/cost-calculator.mjs","usage","5","FunctionDeclaration","calculate","22","79","false","false"
"fd5866d2580127142e46b58848da2471488f70c0","src/usage/cost-calculator.mjs","usage","6","FunctionDeclaration","createCostCalculator","15","82","false","false"
"fd5866d2580127142e46b58848da2471488f70c0","src/usage/normalizers/gemini.mjs","usage","1","FunctionDeclaration","normalizeGeminiUsage","3","21","false","false"
"fd5866d2580127142e46b58848da2471488f70c0","src/usage/normalizers/huggingface.mjs","usage","1","FunctionDeclaration","normalizeHuggingFaceUsage","3","21","false","false"
"fd5866d2580127142e46b58848da2471488f70c0","src/usage/normalizers/local.mjs","usage","1","FunctionDeclaration","normalizeLocalUsage","3","22","false","false"
"fd5866d2580127142e46b58848da2471488f70c0","src/usage/normalizers/openai-compatible.mjs","usage","1","FunctionDeclaration","normalizeOpenAiCompatibleUsage","3","23","false","false"
"fd5866d2580127142e46b58848da2471488f70c0","src/usage/pricing-registry.mjs","usage","1","ArrowFunctionExpression","<callback:some>","19","19","false","false"
"fd5866d2580127142e46b58848da2471488f70c0","src/usage/pricing-registry.mjs","usage","2","ArrowFunctionExpression","<callback:map>","30","30","false","false"
"fd5866d2580127142e46b58848da2471488f70c0","src/usage/pricing-registry.mjs","usage","3","FunctionDeclaration","freezeRow","11","32","false","false"
"fd5866d2580127142e46b58848da2471488f70c0","src/usage/pricing-registry.mjs","usage","4","ArrowFunctionExpression","<callback:sort>","35","39","false","false"
"fd5866d2580127142e46b58848da2471488f70c0","src/usage/pricing-registry.mjs","usage","5","ArrowFunctionExpression","<callback:filter>","42","42","false","false"
"fd5866d2580127142e46b58848da2471488f70c0","src/usage/pricing-registry.mjs","usage","6","FunctionDeclaration","history","41","43","false","false"
"fd5866d2580127142e46b58848da2471488f70c0","src/usage/pricing-registry.mjs","usage","7","ArrowFunctionExpression","<callback:filter>","49","49","false","false"
"fd5866d2580127142e46b58848da2471488f70c0","src/usage/pricing-registry.mjs","usage","8","FunctionDeclaration","resolve","45","51","false","false"
"fd5866d2580127142e46b58848da2471488f70c0","src/usage/pricing-registry.mjs","usage","9","ArrowFunctionExpression","list","53","53","false","false"
"fd5866d2580127142e46b58848da2471488f70c0","src/usage/pricing-registry.mjs","usage","10","FunctionDeclaration","createPricingRegistry","34","54","false","false"
"fd5866d2580127142e46b58848da2471488f70c0","src/usage/usage-collector.mjs","usage","1","ArrowFunctionExpression","<anonymous>","1","1","false","false"
"fd5866d2580127142e46b58848da2471488f70c0","src/usage/usage-collector.mjs","usage","2","FunctionDeclaration","record","5","20","true","false"
"fd5866d2580127142e46b58848da2471488f70c0","src/usage/usage-collector.mjs","usage","3","FunctionDeclaration","retryPending","22","35","true","false"
"fd5866d2580127142e46b58848da2471488f70c0","src/usage/usage-collector.mjs","usage","4","ArrowFunctionExpression","pendingCount","37","37","false","false"
"fd5866d2580127142e46b58848da2471488f70c0","src/usage/usage-collector.mjs","usage","5","FunctionDeclaration","createUsageCollector","1","38","false","false"
"fd5866d2580127142e46b58848da2471488f70c0","src/usage/usage-repository.mjs","usage","1","FunctionDeclaration","migrationChecksum","16","18","false","false"
"fd5866d2580127142e46b58848da2471488f70c0","src/usage/usage-repository.mjs","usage","2","ArrowFunctionExpression","<callback:transaction>","36","40","false","false"
"fd5866d2580127142e46b58848da2471488f70c0","src/usage/usage-repository.mjs","usage","3","FunctionDeclaration","applyUsageMigrations","20","41","false","false"
"fd5866d2580127142e46b58848da2471488f70c0","src/usage/usage-repository.mjs","usage","4","FunctionDeclaration","boundedText","43","47","false","false"
"fd5866d2580127142e46b58848da2471488f70c0","src/usage/usage-repository.mjs","usage","5","FunctionDeclaration","nonNegative","49","55","false","false"
"fd5866d2580127142e46b58848da2471488f70c0","src/usage/usage-repository.mjs","usage","6","FunctionDeclaration","safeRouteMetadata","57","70","false","false"
"fd5866d2580127142e46b58848da2471488f70c0","src/usage/usage-repository.mjs","usage","7","FunctionDeclaration","normalizeAttempt","72","115","false","false"
"fd5866d2580127142e46b58848da2471488f70c0","src/usage/usage-repository.mjs","usage","8","FunctionDeclaration","digestOf","117","119","false","false"
"fd5866d2580127142e46b58848da2471488f70c0","src/usage/usage-repository.mjs","usage","9","FunctionDeclaration","recordAttempt","141","154","true","false"
"fd5866d2580127142e46b58848da2471488f70c0","src/usage/usage-repository.mjs","usage","10","FunctionDeclaration","getAttempt","156","178","false","false"
"fd5866d2580127142e46b58848da2471488f70c0","src/usage/usage-repository.mjs","usage","11","FunctionDeclaration","createUsageRepository","121","181","false","false"
"fd5866d2580127142e46b58848da2471488f70c0","src/usage/usage-schema.mjs","usage","1","ArrowFunctionExpression","<callback:map>","17","17","false","false"
"fd5866d2580127142e46b58848da2471488f70c0","src/usage/usage-schema.mjs","usage","2","FunctionDeclaration","canonical","14","20","false","false"
"fd5866d2580127142e46b58848da2471488f70c0","src/usage/usage-schema.mjs","usage","3","FunctionDeclaration","validId","22","24","false","false"
"fd5866d2580127142e46b58848da2471488f70c0","src/usage/usage-schema.mjs","usage","4","ArrowFunctionExpression","<callback:map>","27","27","false","false"
"fd5866d2580127142e46b58848da2471488f70c0","src/usage/usage-schema.mjs","usage","5","ArrowFunctionExpression","<callback:some>","28","28","false","false"
"fd5866d2580127142e46b58848da2471488f70c0","src/usage/usage-schema.mjs","usage","6","FunctionDeclaration","unitsOf","26","32","false","false"
"fd5866d2580127142e46b58848da2471488f70c0","src/usage/usage-schema.mjs","usage","7","FunctionDeclaration","createUsageAttempt","34","63","false","false"
"fd5866d2580127142e46b58848da2471488f70c0","src/usage/usage-schema.mjs","usage","8","FunctionDeclaration","measured","65","67","false","false"
"fd5866d2580127142e46b58848da2471488f70c0","src/voice/audio-normalizer.mjs","voice","1","FunctionDeclaration","wavFormat","5","38","false","false"
"fd5866d2580127142e46b58848da2471488f70c0","src/voice/audio-normalizer.mjs","voice","2","FunctionDeclaration","pcmFormat","40","48","false","false"
"fd5866d2580127142e46b58848da2471488f70c0","src/voice/audio-normalizer.mjs","voice","3","FunctionDeclaration","sampleAt","50","57","false","false"
"fd5866d2580127142e46b58848da2471488f70c0","src/voice/audio-normalizer.mjs","voice","4","FunctionDeclaration","assertNotSilent","59","66","false","false"
"fd5866d2580127142e46b58848da2471488f70c0","src/voice/audio-normalizer.mjs","voice","5","FunctionDeclaration","convertToMono16k","68","80","false","false"
"fd5866d2580127142e46b58848da2471488f70c0","src/voice/audio-normalizer.mjs","voice","6","FunctionDeclaration","normalizeAudio","82","103","false","false"
"fd5866d2580127142e46b58848da2471488f70c0","src/voice/deepgram-stt.mjs","voice","1","ArrowFunctionExpression","buildUrl","10","22","false","false"
"fd5866d2580127142e46b58848da2471488f70c0","src/voice/deepgram-stt.mjs","voice","2","ArrowFunctionExpression","<anonymous>","26","26","false","false"
"fd5866d2580127142e46b58848da2471488f70c0","src/voice/deepgram-stt.mjs","voice","3","ArrowFunctionExpression","<anonymous>","31","31","false","false"
"fd5866d2580127142e46b58848da2471488f70c0","src/voice/deepgram-stt.mjs","voice","4","ArrowFunctionExpression","<anonymous>","32","32","false","false"
"fd5866d2580127142e46b58848da2471488f70c0","src/voice/deepgram-stt.mjs","voice","5","ArrowFunctionExpression","stop","41","48","false","false"
"fd5866d2580127142e46b58848da2471488f70c0","src/voice/deepgram-stt.mjs","voice","6","ArrowFunctionExpression","<callback:setIntervalImpl>","57","59","false","false"
"fd5866d2580127142e46b58848da2471488f70c0","src/voice/deepgram-stt.mjs","voice","7","ArrowFunctionExpression","<callback:addEventListener>","56","63","false","false"
"fd5866d2580127142e46b58848da2471488f70c0","src/voice/deepgram-stt.mjs","voice","8","ArrowFunctionExpression","<callback:addEventListener>","64","71","false","false"
"fd5866d2580127142e46b58848da2471488f70c0","src/voice/deepgram-stt.mjs","voice","9","ArrowFunctionExpression","<callback:addEventListener>","72","75","false","false"
"fd5866d2580127142e46b58848da2471488f70c0","src/voice/deepgram-stt.mjs","voice","10","ArrowFunctionExpression","<callback:addEventListener>","76","80","false","false"
"fd5866d2580127142e46b58848da2471488f70c0","src/voice/deepgram-stt.mjs","voice","11","ArrowFunctionExpression","<anonymous>","50","81","false","false"
"fd5866d2580127142e46b58848da2471488f70c0","src/voice/deepgram-stt.mjs","voice","12","ArrowFunctionExpression","start","50","81","false","false"
"fd5866d2580127142e46b58848da2471488f70c0","src/voice/deepgram-stt.mjs","voice","13","FunctionExpression","sendPcm16","85","88","false","false"
"fd5866d2580127142e46b58848da2471488f70c0","src/voice/deepgram-stt.mjs","voice","14","ArrowFunctionExpression","listening","89","89","false","false"
"fd5866d2580127142e46b58848da2471488f70c0","src/voice/deepgram-stt.mjs","voice","15","FunctionExpression","close","90","93","false","false"
"fd5866d2580127142e46b58848da2471488f70c0","src/voice/deepgram-stt.mjs","voice","16","FunctionDeclaration","createDeepgramStt","24","95","false","false"
"fd5866d2580127142e46b58848da2471488f70c0","src/voice/echo-guard.mjs","voice","1","ArrowFunctionExpression","strip","11","15","false","false"
"fd5866d2580127142e46b58848da2471488f70c0","src/voice/echo-guard.mjs","voice","2","ArrowFunctionExpression","<callback:filter>","19","19","false","false"
"fd5866d2580127142e46b58848da2471488f70c0","src/voice/echo-guard.mjs","voice","3","ArrowFunctionExpression","significantTokens","19","19","false","false"
"fd5866d2580127142e46b58848da2471488f70c0","src/voice/echo-guard.mjs","voice","4","ArrowFunctionExpression","<anonymous>","26","26","false","false"
"fd5866d2580127142e46b58848da2471488f70c0","src/voice/echo-guard.mjs","voice","5","ArrowFunctionExpression","<callback:filter>","33","33","false","false"
"fd5866d2580127142e46b58848da2471488f70c0","src/voice/echo-guard.mjs","voice","6","ArrowFunctionExpression","purge","31","34","false","false"
"fd5866d2580127142e46b58848da2471488f70c0","src/voice/echo-guard.mjs","voice","7","FunctionExpression","record","38","43","false","false"
"fd5866d2580127142e46b58848da2471488f70c0","src/voice/echo-guard.mjs","voice","8","ArrowFunctionExpression","<callback:filter>","56","56","false","false"
"fd5866d2580127142e46b58848da2471488f70c0","src/voice/echo-guard.mjs","voice","9","FunctionExpression","isEcho","49","58","false","false"
"fd5866d2580127142e46b58848da2471488f70c0","src/voice/echo-guard.mjs","voice","10","FunctionExpression","reset","61","63","false","false"
"fd5866d2580127142e46b58848da2471488f70c0","src/voice/echo-guard.mjs","voice","11","FunctionDeclaration","createEchoGuard","21","65","false","false"
"fd5866d2580127142e46b58848da2471488f70c0","src/voice/local-voice-client.mjs","voice","1","ArrowFunctionExpression","defaultSpawnWorker","13","24","false","false"
"fd5866d2580127142e46b58848da2471488f70c0","src/voice/local-voice-client.mjs","voice","2","ArrowFunctionExpression","<anonymous>","29","29","false","false"
"fd5866d2580127142e46b58848da2471488f70c0","src/voice/local-voice-client.mjs","voice","3","ArrowFunctionExpression","<anonymous>","30","30","false","false"
"fd5866d2580127142e46b58848da2471488f70c0","src/voice/local-voice-client.mjs","voice","4","ArrowFunctionExpression","rejectAll","37","43","false","false"
"fd5866d2580127142e46b58848da2471488f70c0","src/voice/local-voice-client.mjs","voice","5","ArrowFunctionExpression","handleLine","45","67","false","false"
"fd5866d2580127142e46b58848da2471488f70c0","src/voice/local-voice-client.mjs","voice","6","ArrowFunctionExpression","<callback:on>","73","73","false","false"
"fd5866d2580127142e46b58848da2471488f70c0","src/voice/local-voice-client.mjs","voice","7","ArrowFunctionExpression","<callback:on>","74","80","false","false"
"fd5866d2580127142e46b58848da2471488f70c0","src/voice/local-voice-client.mjs","voice","8","ArrowFunctionExpression","<callback:on>","81","81","false","false"
"fd5866d2580127142e46b58848da2471488f70c0","src/voice/local-voice-client.mjs","voice","9","ArrowFunctionExpression","<callback:on>","82","82","false","false"
"fd5866d2580127142e46b58848da2471488f70c0","src/voice/local-voice-client.mjs","voice","10","ArrowFunctionExpression","ensureWorker","69","84","false","false"
"fd5866d2580127142e46b58848da2471488f70c0","src/voice/local-voice-client.mjs","voice","11","ArrowFunctionExpression","<callback:setTimeout>","91","94","false","false"
"fd5866d2580127142e46b58848da2471488f70c0","src/voice/local-voice-client.mjs","voice","12","ArrowFunctionExpression","<anonymous>","90","97","false","false"
"fd5866d2580127142e46b58848da2471488f70c0","src/voice/local-voice-client.mjs","voice","13","ArrowFunctionExpression","request","86","98","false","false"
"fd5866d2580127142e46b58848da2471488f70c0","src/voice/local-voice-client.mjs","voice","14","ArrowFunctionExpression","warmup","101","101","false","false"
"fd5866d2580127142e46b58848da2471488f70c0","src/voice/local-voice-client.mjs","voice","15","ArrowFunctionExpression","speak","102","102","false","false"
"fd5866d2580127142e46b58848da2471488f70c0","src/voice/local-voice-client.mjs","voice","16","ArrowFunctionExpression","close","103","109","false","false"
"fd5866d2580127142e46b58848da2471488f70c0","src/voice/local-voice-client.mjs","voice","17","FunctionDeclaration","createLocalVoiceClient","26","111","false","false"
"fd5866d2580127142e46b58848da2471488f70c0","src/voice/local-voice-synthesis.mjs","voice","1","FunctionDeclaration","splitSentences","10","33","false","false"
"fd5866d2580127142e46b58848da2471488f70c0","src/voice/local-voice-synthesis.mjs","voice","2","FunctionDeclaration","floatToPcm16","35","42","false","false"
"fd5866d2580127142e46b58848da2471488f70c0","src/voice/local-voice-synthesis.mjs","voice","3","FunctionDeclaration","styleVectorOffset","46","48","false","false"
"fd5866d2580127142e46b58848da2471488f70c0","src/voice/local-voice-synthesis.mjs","voice","4","FunctionDeclaration","sliceStyleVector","50","55","false","false"
"fd5866d2580127142e46b58848da2471488f70c0","src/voice/local-voice-worker.mjs","voice","1","ArrowFunctionExpression","respond","21","23","false","false"
"fd5866d2580127142e46b58848da2471488f70c0","src/voice/local-voice-worker.mjs","voice","2","ArrowFunctionExpression","<callback:call>","27","34","true","false"
"fd5866d2580127142e46b58848da2471488f70c0","src/voice/local-voice-worker.mjs","voice","3","ArrowFunctionExpression","loadTts","26","36","false","false"
"fd5866d2580127142e46b58848da2471488f70c0","src/voice/local-voice-worker.mjs","voice","4","ArrowFunctionExpression","<anonymous>","40","40","false","false"
"fd5866d2580127142e46b58848da2471488f70c0","src/voice/local-voice-worker.mjs","voice","5","ArrowFunctionExpression","phonemizeFrench","38","46","true","false"
"fd5866d2580127142e46b58848da2471488f70c0","src/voice/local-voice-worker.mjs","voice","6","ArrowFunctionExpression","synthesize","48","75","true","false"
"fd5866d2580127142e46b58848da2471488f70c0","src/voice/local-voice-worker.mjs","voice","7","ArrowFunctionExpression","handle","77","88","true","false"
"fd5866d2580127142e46b58848da2471488f70c0","src/voice/local-voice-worker.mjs","voice","8","ArrowFunctionExpression","<callback:on>","91","101","true","false"
"fd5866d2580127142e46b58848da2471488f70c0","src/voice/speech-stop.mjs","voice","1","FunctionDeclaration","detectStopCommand","12","21","false","false"
"fd5866d2580127142e46b58848da2471488f70c0","src/voice/speech-stop.mjs","voice","2","FunctionExpression","noteStop","29","31","false","false"
"fd5866d2580127142e46b58848da2471488f70c0","src/voice/speech-stop.mjs","voice","3","FunctionExpression","noteTurnComplete","32","34","false","false"
"fd5866d2580127142e46b58848da2471488f70c0","src/voice/speech-stop.mjs","voice","4","ArrowFunctionExpression","shouldSuppress","35","35","false","false"
"fd5866d2580127142e46b58848da2471488f70c0","src/voice/speech-stop.mjs","voice","5","FunctionDeclaration","createSpeechGate","26","37","false","false"
"fd5866d2580127142e46b58848da2471488f70c0","src/voice/speech-stop.mjs","voice","6","ArrowFunctionExpression","normalize","51","55","false","false"
"fd5866d2580127142e46b58848da2471488f70c0","src/voice/speech-stop.mjs","voice","7","FunctionDeclaration","detectPauseCommand","57","61","false","false"
"fd5866d2580127142e46b58848da2471488f70c0","src/voice/speech-stop.mjs","voice","8","FunctionDeclaration","detectResumeCommand","63","67","false","false"
"fd5866d2580127142e46b58848da2471488f70c0","src/voice/speech-stop.mjs","voice","9","FunctionExpression","pause","72","74","false","false"
"fd5866d2580127142e46b58848da2471488f70c0","src/voice/speech-stop.mjs","voice","10","FunctionExpression","resume","75","77","false","false"
"fd5866d2580127142e46b58848da2471488f70c0","src/voice/speech-stop.mjs","voice","11","ArrowFunctionExpression","isPaused","78","78","false","false"
"fd5866d2580127142e46b58848da2471488f70c0","src/voice/speech-stop.mjs","voice","12","FunctionDeclaration","createPauseGate","69","80","false","false"
"fd5866d2580127142e46b58848da2471488f70c0","src/voice/stt-provider.mjs","voice","1","FunctionDeclaration","validSegment","1","6","false","false"
"fd5866d2580127142e46b58848da2471488f70c0","src/voice/stt-provider.mjs","voice","2","FunctionDeclaration","normalizeSttRequest","8","19","false","false"
"fd5866d2580127142e46b58848da2471488f70c0","src/voice/stt-provider.mjs","voice","3","ArrowFunctionExpression","<callback:map>","30","30","false","false"
"fd5866d2580127142e46b58848da2471488f70c0","src/voice/stt-provider.mjs","voice","4","FunctionDeclaration","normalizeSttResult","21","33","false","false"
"fd5866d2580127142e46b58848da2471488f70c0","src/voice/stt-provider.mjs","voice","5","ArrowFunctionExpression","transcribe","38","38","true","false"
"fd5866d2580127142e46b58848da2471488f70c0","src/voice/stt-provider.mjs","voice","6","FunctionDeclaration","createSttProvider","35","40","false","false"
"fd5866d2580127142e46b58848da2471488f70c0","src/voice/tts-provider.mjs","voice","1","FunctionDeclaration","normalizeTtsRequest","1","7","false","false"
"fd5866d2580127142e46b58848da2471488f70c0","src/voice/tts-provider.mjs","voice","2","FunctionDeclaration","normalizeTtsResult","9","18","false","false"
"fd5866d2580127142e46b58848da2471488f70c0","src/voice/tts-provider.mjs","voice","3","ArrowFunctionExpression","synthesize","23","23","true","false"
"fd5866d2580127142e46b58848da2471488f70c0","src/voice/tts-provider.mjs","voice","4","FunctionDeclaration","createTtsProvider","20","25","false","false"
"fd5866d2580127142e46b58848da2471488f70c0","src/voice/utterance-aggregator.mjs","voice","1","ArrowFunctionExpression","<anonymous>","10","10","false","false"
"fd5866d2580127142e46b58848da2471488f70c0","src/voice/utterance-aggregator.mjs","voice","2","ArrowFunctionExpression","<anonymous>","11","11","false","false"
"fd5866d2580127142e46b58848da2471488f70c0","src/voice/utterance-aggregator.mjs","voice","3","ArrowFunctionExpression","<anonymous>","12","12","false","false"
"fd5866d2580127142e46b58848da2471488f70c0","src/voice/utterance-aggregator.mjs","voice","4","ArrowFunctionExpression","emit","17","22","false","false"
"fd5866d2580127142e46b58848da2471488f70c0","src/voice/utterance-aggregator.mjs","voice","5","FunctionExpression","push","25","31","false","false"
"fd5866d2580127142e46b58848da2471488f70c0","src/voice/utterance-aggregator.mjs","voice","6","FunctionExpression","flush","32","35","false","false"
"fd5866d2580127142e46b58848da2471488f70c0","src/voice/utterance-aggregator.mjs","voice","7","FunctionDeclaration","createUtteranceAggregator","7","37","false","false"
"fd5866d2580127142e46b58848da2471488f70c0","src/voice/voice-orchestrator.mjs","voice","1","ArrowFunctionExpression","<anonymous>","13","13","false","false"
"fd5866d2580127142e46b58848da2471488f70c0","src/voice/voice-orchestrator.mjs","voice","2","FunctionDeclaration","emit","21","23","false","false"
"fd5866d2580127142e46b58848da2471488f70c0","src/voice/voice-orchestrator.mjs","voice","3","FunctionDeclaration","recordFor","25","29","false","false"
"fd5866d2580127142e46b58848da2471488f70c0","src/voice/voice-orchestrator.mjs","voice","4","FunctionDeclaration","publicStatus","31","33","false","false"
"fd5866d2580127142e46b58848da2471488f70c0","src/voice/voice-orchestrator.mjs","voice","5","ArrowFunctionExpression","onEvent","62","62","false","false"
"fd5866d2580127142e46b58848da2471488f70c0","src/voice/voice-orchestrator.mjs","voice","6","ArrowFunctionExpression","onInterrupt","63","63","false","false"
"fd5866d2580127142e46b58848da2471488f70c0","src/voice/voice-orchestrator.mjs","voice","7","FunctionDeclaration","start","35","68","false","false"
"fd5866d2580127142e46b58848da2471488f70c0","src/voice/voice-orchestrator.mjs","voice","8","FunctionDeclaration","route","70","79","false","false"
"fd5866d2580127142e46b58848da2471488f70c0","src/voice/voice-orchestrator.mjs","voice","9","FunctionDeclaration","pushAudio","81","161","true","false"
"fd5866d2580127142e46b58848da2471488f70c0","src/voice/voice-orchestrator.mjs","voice","10","FunctionDeclaration","stop","163","167","false","false"
"fd5866d2580127142e46b58848da2471488f70c0","src/voice/voice-orchestrator.mjs","voice","11","FunctionDeclaration","bargeIn","169","174","false","false"
"fd5866d2580127142e46b58848da2471488f70c0","src/voice/voice-orchestrator.mjs","voice","12","FunctionDeclaration","status","176","178","false","false"
"fd5866d2580127142e46b58848da2471488f70c0","src/voice/voice-orchestrator.mjs","voice","13","FunctionDeclaration","createVoiceOrchestrator","6","181","false","false"
"fd5866d2580127142e46b58848da2471488f70c0","src/voice/voice-session.mjs","voice","1","ArrowFunctionExpression","<anonymous>","12","12","false","false"
"fd5866d2580127142e46b58848da2471488f70c0","src/voice/voice-session.mjs","voice","2","ArrowFunctionExpression","<anonymous>","13","13","false","false"
"fd5866d2580127142e46b58848da2471488f70c0","src/voice/voice-session.mjs","voice","3","ArrowFunctionExpression","now","24","24","false","false"
"fd5866d2580127142e46b58848da2471488f70c0","src/voice/voice-session.mjs","voice","4","FunctionDeclaration","snapshot","26","28","false","false"
"fd5866d2580127142e46b58848da2471488f70c0","src/voice/voice-session.mjs","voice","5","FunctionDeclaration","emit","30","32","false","false"
"fd5866d2580127142e46b58848da2471488f70c0","src/voice/voice-session.mjs","voice","6","FunctionDeclaration","replaceController","34","38","false","false"
"fd5866d2580127142e46b58848da2471488f70c0","src/voice/voice-session.mjs","voice","7","FunctionDeclaration","finish","40","50","false","false"
"fd5866d2580127142e46b58848da2471488f70c0","src/voice/voice-session.mjs","voice","8","FunctionDeclaration","assertActive","52","58","false","false"
"fd5866d2580127142e46b58848da2471488f70c0","src/voice/voice-session.mjs","voice","9","FunctionDeclaration","start","60","67","false","false"
"fd5866d2580127142e46b58848da2471488f70c0","src/voice/voice-session.mjs","voice","10","FunctionDeclaration","transition","69","78","false","false"
"fd5866d2580127142e46b58848da2471488f70c0","src/voice/voice-session.mjs","voice","11","FunctionDeclaration","stop","80","83","false","false"
"fd5866d2580127142e46b58848da2471488f70c0","src/voice/voice-session.mjs","voice","12","FunctionDeclaration","bargeIn","85","94","false","false"
"fd5866d2580127142e46b58848da2471488f70c0","src/voice/voice-session.mjs","voice","13","ArrowFunctionExpression","signal","96","96","false","false"
"fd5866d2580127142e46b58848da2471488f70c0","src/voice/voice-session.mjs","voice","14","FunctionDeclaration","createVoiceSession","8","97","false","false"
"fd5866d2580127142e46b58848da2471488f70c0","src/voice/wake-phrases.mjs","voice","1","FunctionDeclaration","detectWakePhrase","10","23","false","false"
"fd5866d2580127142e46b58848da2471488f70c0","src/voice/wake-phrases.mjs","voice","2","FunctionDeclaration","detectStopPhrase","25","27","false","false"
